id,player_name,games,time,goals,xG,assists,xA,shots,key_passes,yellow_cards,red_cards,position,team_title,npg,npxG,xGChain,xGBuildup,season
690,Loïc Remy,21,839,7,4.655210020020604,0,0.6052642147988081,37,6,0,0,F M S,"Chelsea,Queens Park Rangers",7,4.655210020020604,5.653263472020626,1.6453867815434933,2014
690,Loïc Remy,13,269,1,2.0837942995131016,0,0.15876660123467445,13,4,0,0,F S,Chelsea,1,2.0837942995131016,2.4009377881884575,0.1583769991993904,2015
690,Loïc Remy,5,121,0,0.35255349427461624,0,0.08155010268092155,6,2,0,0,F S,Crystal Palace,0,0.35255349427461624,0.43410320207476616,0.04100320115685463,2016
