id,player_name,games,time,goals,xG,assists,xA,shots,key_passes,yellow_cards,red_cards,position,team_title,npg,npxG,xGChain,xGBuildup,season
819,James Chester,23,1878,2,0.6936227893456817,0,0.19877400062978268,9,5,5,1,D,Hull,2,0.6936227893456817,2.350152777507901,2.1908219680190086,2014
819,James Chester,13,965,0,0,0,0.2575351018458605,0,4,5,0,D S,West Bromwich Albion,0,0,1.168112987652421,1.0365838836878538,2015
