id,player_name,games,time,goals,xG,assists,xA,shots,key_passes,yellow_cards,red_cards,position,team_title,npg,npxG,xGChain,xGBuildup,season
460,Andrew Surman,38,3420,0,0.5702397022396326,3,1.399254309013486,16,43,4,0,M,Bournemouth,0,0.5702397022396326,8.661977034062147,7.8040744718164206,2015
460,Andrew Surman,22,1803,0,0.5123748127371073,1,0.43586469255387783,8,11,1,1,M S,Bournemouth,0,0.5123748127371073,5.605382360517979,5.298719773069024,2016
460,Andrew Surman,25,1842,2,0.9914278090000153,5,1.5283968970179558,18,16,2,0,M S,Bournemouth,2,0.9914278090000153,3.8402681201696396,2.9263524897396564,2017
460,Andrew Surman,18,1440,0,0.2738317009061575,0,0.47865819558501244,9,10,2,0,M S,Bournemouth,0,0.2738317009061575,4.042274998500943,3.5818280540406704,2018
460,Andrew Surman,5,230,0,0.027736099436879158,0,0.048970598727464676,1,1,1,0,M S,Bournemouth,0,0.027736099436879158,0.9394945111125708,0.8905235137790442,2019
