id,player_name,games,time,goals,xG,assists,xA,shots,key_passes,yellow_cards,red_cards,position,team_title,npg,npxG,xGChain,xGBuildup,season
8495,Taylor Harwood-Bellis,22,1851,1,2.0103550888597965,0,1.5806354396045208,16,11,7,0,D S,Southampton,1,2.0103550888597965,5.999596677720547,4.785060830414295,2024
8495,Taylor Harwood-Bellis,22,1851,1,2.0103550888597965,0,1.5806354396045208,16,11,7,0,D S,Southampton,1,2.0103550888597965,5.999596677720547,4.785060830414295,2025
