id,player_name,games,time,goals,xG,assists,xA,shots,key_passes,yellow_cards,red_cards,position,team_title,npg,npxG,xGChain,xGBuildup,season
9492,Crysencio Summerville,6,124,0,0.3223911002278328,0,0.0485542006790638,2,2,0,0,S,Leeds,0,0.3223911002278328,0.4145205095410347,0.07972969859838486,2021
9492,Crysencio Summerville,28,1391,4,3.5592077020555735,2,1.4241413976997137,29,16,4,0,F M S,Leeds,4,3.5592077020555735,6.061167903244495,1.573473684489727,2022
9492,Crysencio Summerville,19,760,1,1.8140362668782473,1,2.1587705314159393,14,17,2,0,F M S,West Ham,1,1.8140362668782473,4.351440954953432,1.1789654307067394,2024
9492,Crysencio Summerville,19,760,1,1.8140362668782473,1,2.1587705314159393,14,17,2,0,F M S,West Ham,1,1.8140362668782473,4.351440954953432,1.1789654307067394,2025
