id,player_name,games,time,goals,xG,assists,xA,shots,key_passes,yellow_cards,red_cards,position,team_title,npg,npxG,xGChain,xGBuildup,season
533,Mark Noble,28,2321,2,2.4249141104519367,3,3.0953231919556856,21,45,4,0,M S,West Ham,1,0.9025766961276531,8.767040897160769,7.170456627383828,2014
533,Mark Noble,37,3221,7,3.879513105377555,4,3.2432395946234465,34,50,8,1,M,West Ham,4,1.596007790416479,10.757460918277502,8.088051256723702,2015
533,Mark Noble,30,2422,3,3.6519652949646115,0,1.4297507805749774,25,24,10,0,M S,West Ham,2,2.1296242820098996,7.117133017629385,5.723065760917962,2016
533,Mark Noble,29,2411,4,2.2789487233385444,0,1.8096711933612823,15,20,6,0,M S,West Ham,2,0.7566106906160712,6.650568084791303,4.334581365808845,2017
533,Mark Noble,31,2339,5,3.590215993579477,5,1.7227647006511688,17,21,6,1,M S,West Ham,1,0.5456139496527612,7.524796138051897,5.903577404096723,2018
533,Mark Noble,33,2709,4,2.77382646035403,3,3.1814725855365396,17,44,5,0,M S,West Ham,1,0.4903194261714816,10.03794429358095,7.9297044752165675,2019
533,Mark Noble,21,702,0,0.0526794008910656,0,0.17633140180259943,1,5,1,0,M S,West Ham,0,0.0526794008910656,0.7763154096901417,0.7236361093819141,2020
533,Mark Noble,11,321,1,1.5223380327224731,0,0.0202884990721941,2,1,0,0,M S,West Ham,0,0,2.256683925166726,2.236395426094532,2021
