id,player_name,games,time,goals,xG,assists,xA,shots,key_passes,yellow_cards,red_cards,position,team_title,npg,npxG,xGChain,xGBuildup,season
6434,Franck Zambo,22,1515,0,0.6529498202726245,0,0.25171898771077394,21,7,1,1,M S,Fulham,0,0.6529498202726245,6.868556284345686,6.330408667214215,2018
6434,Franck Zambo,36,2582,0,1.438547333702445,3,2.301115181297064,34,28,6,0,M S,Fulham,0,1.438547333702445,8.766742289066315,6.624085266143084,2020
