id,player_name,games,time,goals,xG,assists,xA,shots,key_passes,yellow_cards,red_cards,position,team_title,npg,npxG,xGChain,xGBuildup,season
588,Leighton Baines,31,2775,2,2.973817222751677,9,6.3470416609197855,22,70,4,0,D M,Everton,0,0.690310106612742,9.676740575581789,6.8342065047472715,2014
588,Leighton Baines,18,1473,2,1.2093742927536368,1,1.6651656907051802,9,22,0,0,D S,Everton,1,0.4482050007209182,4.1670159082859755,2.980505997315049,2015
588,Leighton Baines,32,2827,2,2.7509228345006704,3,2.6850180039182305,15,46,4,0,D M,Everton,0,0.46741550229489803,12.14088617824018,10.553630283102393,2016
588,Leighton Baines,22,1911,2,2.0704966159537435,3,2.298934182152152,7,24,1,0,D M,Everton,0,0.5481556029990315,4.415299782529473,3.6214977321214974,2017
588,Leighton Baines,6,375,0,0.07558160275220871,0,0.0834846030920744,2,4,0,0,D S,Everton,0,0.07558160275220871,0.8094734735786915,0.7900804728269577,2018
588,Leighton Baines,8,399,0,0.043360400944948196,0,0.7610810045152903,1,7,0,0,D S,Everton,0,0.043360400944948196,1.677618719637394,1.677618719637394,2019
