id,player_name,games,time,goals,xG,assists,xA,shots,key_passes,yellow_cards,red_cards,position,team_title,npg,npxG,xGChain,xGBuildup,season
895,Mathieu Flamini,23,1455,1,1.008351506665349,1,0.1882055001333356,7,5,3,0,M S,Arsenal,1,1.008351506665349,4.853085668757558,3.863504383713007,2014
895,Mathieu Flamini,16,1084,0,1.114936726167798,0,0.12700709886848927,7,3,3,0,M S,Arsenal,0,1.114936726167798,4.503537509590387,3.279497493058443,2015
895,Mathieu Flamini,10,272,0,0.033018000423908234,0,0.07854849845170975,1,1,0,0,M S,Crystal Palace,0,0.033018000423908234,0.11156649887561798,0,2016
