id,player_name,games,time,goals,xG,assists,xA,shots,key_passes,yellow_cards,red_cards,position,team_title,npg,npxG,xGChain,xGBuildup,season
889,Shay Given,3,270,0,0,0,0,0,0,1,0,GK,Aston Villa,0,0,0.02513590082526207,0.02513590082526207,2014
889,Shay Given,3,228,0,0,0,0,0,0,1,0,GK,Stoke,0,0,0.3371117915958166,0.3371117915958166,2015
889,Shay Given,5,450,0,0,0,0,0,0,1,0,GK,Stoke,0,0,0.33202291280031204,0.33202291280031204,2016
