id,player_name,games,time,goals,xG,assists,xA,shots,key_passes,yellow_cards,red_cards,position,team_title,npg,npxG,xGChain,xGBuildup,season
5609,Yves Bissouma,28,1757,0,1.7799655944108963,0,0.9938525147736073,31,13,5,0,M S,Brighton,0,1.7799655944108963,4.9765729252249,3.1750617306679487,2018
5609,Yves Bissouma,22,1270,1,0.4054245175793767,0,0.13574090041220188,16,4,4,0,M S,Brighton,1,0.4054245175793767,3.3690175376832485,2.9315690994262695,2019
5609,Yves Bissouma,36,3121,1,1.0768232634291053,0,1.081232002004981,42,16,8,1,M S,Brighton,1,1.0768232634291053,9.739855950698256,8.210505489259958,2020
5609,Yves Bissouma,26,2134,1,1.0501238442957401,2,0.844827288761735,21,8,10,0,M S,Brighton,1,1.0501238442957401,8.46087761502713,6.945664497092366,2021
5609,Yves Bissouma,23,988,0,0.1294596353545785,0,0.4400514382869005,6,8,6,0,M S,Tottenham,0,0.1294596353545785,4.439508566632867,4.140980340540409,2022
5609,Yves Bissouma,28,2120,0,1.1663736272603273,0,0.4049058575183153,24,10,8,2,M S,Tottenham,0,1.1663736272603273,11.2580073364079,10.58978133648634,2023
5609,Yves Bissouma,17,977,2,0.23182813078165054,0,0.19599152356386185,5,4,5,0,M S,Tottenham,2,0.23182813078165054,4.7007637126371264,4.438890407793224,2024
5609,Yves Bissouma,17,977,2,0.23182813078165054,0,0.19599152356386185,5,4,5,0,M S,Tottenham,2,0.23182813078165054,4.7007637126371264,4.438890407793224,2025
