id,player_name,games,time,goals,xG,assists,xA,shots,key_passes,yellow_cards,red_cards,position,team_title,npg,npxG,xGChain,xGBuildup,season
8286,Jack Robinson,6,507,0,0,0,0.14816639944911003,0,2,0,0,D,Sheffield United,0,0,1.0926758833229542,0.9445103816688061,2019
8286,Jack Robinson,11,879,0,0.6963966861367226,1,0.6712549924850464,6,1,3,0,D S,Sheffield United,0,0.6963966861367226,1.971000811085105,1.9456610102206469,2020
8286,Jack Robinson,34,2885,1,1.5116838621906936,1,1.087454216554761,14,12,10,0,D S,Sheffield United,1,1.5116838621906936,3.866813466884196,2.7258199555799365,2023
