id,player_name,games,time,goals,xG,assists,xA,shots,key_passes,yellow_cards,red_cards,position,team_title,npg,npxG,xGChain,xGBuildup,season
845,Maya Yoshida,22,1688,1,1.7306068940088153,1,0.32619520276784897,10,4,3,0,D S,Southampton,1,1.7306068940088153,2.9328039130195975,2.5636526104062796,2014
845,Maya Yoshida,20,1000,1,1.0490809977054596,0,0,2,0,0,0,D S,Southampton,1,1.0490809977054596,1.964398318901658,1.3703076262027025,2015
845,Maya Yoshida,23,2070,1,1.9002595152705908,0,0.17716420348733664,15,4,2,0,D,Southampton,1,1.9002595152705908,3.729156794026494,2.9174257535487413,2016
845,Maya Yoshida,24,2051,2,1.985938349738717,0,0.5512872105464339,19,5,1,1,D S,Southampton,2,1.985938349738717,3.962636526674032,3.90638854727149,2017
845,Maya Yoshida,17,1520,0,1.8280327897518873,1,1.0708860754966736,14,5,0,0,D,Southampton,0,1.8280327897518873,3.017229676246643,2.9589207731187344,2018
845,Maya Yoshida,8,555,0,0.9399026455357671,0,0.07044660300016403,5,1,1,0,D S,Southampton,0,0.9399026455357671,0.6653452636674047,0.5859860107302666,2019
