id,player_name,games,time,goals,xG,assists,xA,shots,key_passes,yellow_cards,red_cards,position,team_title,npg,npxG,xGChain,xGBuildup,season
10025,Lamare Bogarde,4,276,0,0.06506926566362381,0,0.17532425373792648,1,2,1,0,D S,Aston Villa,0,0.06506926566362381,1.8017389588057995,1.5613454096019268,2024
10025,Lamare Bogarde,4,276,0,0.06506926566362381,0,0.17532425373792648,1,2,1,0,D S,Aston Villa,0,0.06506926566362381,1.8017389588057995,1.5613454096019268,2025
