id,player_name,games,time,goals,xG,assists,xA,shots,key_passes,yellow_cards,red_cards,position,team_title,npg,npxG,xGChain,xGBuildup,season
465,Joshua King,31,1931,6,5.712771352380514,2,3.535969901829958,55,25,1,0,F M S,Bournemouth,6,5.712771352380514,9.763266887515783,1.4393623927608132,2015
465,Joshua King,36,2734,16,10.911748604848981,2,2.409231800585985,67,30,1,0,F M S,Bournemouth,14,8.62825040332973,12.561983089894056,3.4120459305122495,2016
465,Joshua King,33,2458,8,6.555600753054023,3,4.888206169009209,51,38,3,0,F M S,Bournemouth,6,5.0332634430378675,9.640527916140854,3.6070541189983487,2017
465,Joshua King,35,2987,12,13.546655409038067,3,4.257975086569786,72,37,3,0,F M S,Bournemouth,7,8.97964733839035,19.06767139956355,8.407385468482971,2018
465,Joshua King,26,2033,6,6.534089034423232,4,4.133097622543573,26,30,0,0,F M S,Bournemouth,3,4.250656159594655,8.37335154414177,3.021743267774582,2019
465,Joshua King,11,119,0,0.7881255093961954,0,0,3,0,0,0,S,Everton,0,0.7881255093961954,0.8868916016072035,0.7569960057735443,2020
465,Joshua King,32,2247,5,8.284285517409444,3,4.002521988004446,49,35,5,0,F M S,Watford,4,7.523121478036046,12.03219684958458,2.661472711712122,2021
