id,player_name,games,time,goals,xG,assists,xA,shots,key_passes,yellow_cards,red_cards,position,team_title,npg,npxG,xGChain,xGBuildup,season
7390,Karlan Grant,13,868,4,3.276358377188444,0,0.2673430982977152,21,8,0,0,F M S,Huddersfield,4,3.276358377188444,3.671060811728239,0.2814021948724985,2018
7390,Karlan Grant,21,1140,1,1.6942400857806206,0,0.14918609336018562,16,2,1,0,F M S,West Bromwich Albion,1,1.6942400857806206,1.8100058129057288,0.5052713081240654,2020
