id,player_name,games,time,goals,xG,assists,xA,shots,key_passes,yellow_cards,red_cards,position,team_title,npg,npxG,xGChain,xGBuildup,season
7723,John McGinn,28,2323,3,3.9825734980404377,3,2.617758873850107,55,37,3,0,M S,Aston Villa,3,3.9825734980404377,9.97086264193058,5.289587929844856,2019
7723,John McGinn,37,3330,3,2.166595708578825,5,3.501758733764291,45,42,12,0,M,Aston Villa,3,2.166595708578825,14.868273419328034,9.94562083017081,2020
7723,John McGinn,35,3099,3,1.8280723309144378,4,5.359244130551815,43,53,8,0,M,Aston Villa,3,1.8280723309144378,12.840360780246556,8.202694385312498,2021
7723,John McGinn,34,2692,1,1.9473767010495067,3,3.4085853062570095,42,18,7,0,M S,Aston Villa,1,1.9473767010495067,10.670297458767891,6.900125402957201,2022
7723,John McGinn,35,3053,6,4.672283694148064,4,5.626847393810749,40,45,9,1,M,Aston Villa,6,4.672283694148064,20.780676677823067,13.845141869038343,2023
7723,John McGinn,19,1295,0,2.473580788820982,3,2.418094901368022,19,20,3,0,M S,Aston Villa,0,2.473580788820982,7.082850597798824,3.709500078111887,2024
7723,John McGinn,19,1295,0,2.473580788820982,3,2.418094901368022,19,20,3,0,M S,Aston Villa,0,2.473580788820982,7.082850597798824,3.709500078111887,2025
