id,player_name,games,time,goals,xG,assists,xA,shots,key_passes,yellow_cards,red_cards,position,team_title,npg,npxG,xGChain,xGBuildup,season
318,Pierre-Emerick Aubameyang,13,1056,10,9.174359612166882,4,1.264147974550724,31,13,0,0,F S,Arsenal,9,7.652027260512114,10.671037072315812,2.3664560075849295,2017
318,Pierre-Emerick Aubameyang,36,2740,22,23.549973130226135,5,4.9898480754345655,94,33,0,0,F M S,Arsenal,18,19.744131192564964,26.582433130592108,6.483639904297888,2018
318,Pierre-Emerick Aubameyang,36,3143,22,16.352621614933014,3,4.492486532777548,93,26,3,1,F M S,Arsenal,20,14.830358684062958,19.964279878884554,5.339654562994838,2019
318,Pierre-Emerick Aubameyang,29,2333,10,10.450049884617329,3,2.4313496705144644,57,22,2,0,F M S,Arsenal,8,8.92772065103054,15.113904694095254,3.955130212008953,2020
318,Pierre-Emerick Aubameyang,14,1047,4,6.893223594874144,1,0.8014164045453072,34,9,3,0,F S,Arsenal,4,5.3708840273320675,5.439355485141277,0.9636607579886913,2021
318,Pierre-Emerick Aubameyang,15,542,1,2.122752519324422,0,0.3434317037463188,16,4,1,0,F S,Chelsea,1,2.122752519324422,2.808082729578018,0.5031093060970306,2022
