id,player_name,games,time,goals,xG,assists,xA,shots,key_passes,yellow_cards,red_cards,position,team_title,npg,npxG,xGChain,xGBuildup,season
1663,Johann Berg Gudmundsson,20,988,1,0.6135827992111444,2,1.21002347022295,17,15,1,0,M S,Burnley,1,0.6135827992111444,1.5712092882022262,0.46364149544388056,2016
1663,Johann Berg Gudmundsson,35,2845,2,2.947692224755883,8,5.046248677186668,52,68,2,0,M S,Burnley,2,2.947692224755883,8.002531245350838,3.811488403007388,2017
1663,Johann Berg Gudmundsson,29,1732,3,2.613457875326276,6,3.586491769179702,33,37,2,0,M S,Burnley,3,2.613457875326276,7.218741001561284,3.094681709073484,2018
1663,Johann Berg Gudmundsson,12,629,1,0.7235375083982944,1,0.9180738814175129,10,14,0,0,M S,Burnley,1,0.7235375083982944,1.5657927207648754,1.0057295821607113,2019
1663,Johann Berg Gudmundsson,22,1369,2,1.5335707571357489,0,0.9595046062022448,19,10,2,0,M S,Burnley,2,1.5335707571357489,3.6138847433030605,1.325503310188651,2020
1663,Johann Berg Gudmundsson,18,1110,0,1.690343969501555,1,0.6487747821956873,19,6,2,0,M S,Burnley,0,1.690343969501555,2.9044559374451637,1.3834909815341234,2021
1663,Johann Berg Gudmundsson,26,1175,1,2.048229966312647,3,3.143440945073962,15,34,2,0,F M S,Burnley,1,2.048229966312647,6.296170109882951,2.9956371504813433,2023
