id,player_name,games,time,goals,xG,assists,xA,shots,key_passes,yellow_cards,red_cards,position,team_title,npg,npxG,xGChain,xGBuildup,season
6962,Robin Olsen,7,630,0,0,0,0,0,0,1,0,GK,Everton,0,0,0.8195909857749939,0.8195909857749939,2020
6962,Robin Olsen,1,90,0,0,0,0,0,0,0,0,GK,Aston Villa,0,0,0.07991970330476761,0.07991970330476761,2021
6962,Robin Olsen,4,277,0,0,0,0,0,0,0,0,GK S,Aston Villa,0,0,0.029771799221634865,0.029771799221634865,2022
6962,Robin Olsen,5,398,0,0,0,0,0,0,0,0,GK S,Aston Villa,0,0,0.27475402504205704,0.27475402504205704,2023
6962,Robin Olsen,1,39,0,0,0,0,0,0,0,0,S,Aston Villa,0,0,0.07551488280296326,0.07551488280296326,2024
6962,Robin Olsen,1,39,0,0,0,0,0,0,0,0,S,Aston Villa,0,0,0.07551488280296326,0.07551488280296326,2025
