id,player_name,games,time,goals,xG,assists,xA,shots,key_passes,yellow_cards,red_cards,position,team_title,npg,npxG,xGChain,xGBuildup,season
229,Thiago Alcántara,24,1865,1,1.2113057915121317,0,2.5549221271649003,22,30,4,0,M S,Liverpool,1,1.2113057915121317,11.152551587671041,9.468282479792833,2020
229,Thiago Alcántara,25,1531,1,1.6294421814382076,4,2.5759720746427774,25,29,2,0,M S,Liverpool,1,1.6294421814382076,12.86691565066576,10.548432012088597,2021
229,Thiago Alcántara,18,1258,0,0.39727576170116663,0,1.4019673261791468,10,17,2,0,M S,Liverpool,0,0.39727576170116663,8.877402268350124,7.261743916198611,2022
229,Thiago Alcántara,1,1,0,0,0,0,0,0,0,0,S,Liverpool,0,0,0,0,2023
