id,player_name,games,time,goals,xG,assists,xA,shots,key_passes,yellow_cards,red_cards,position,team_title,npg,npxG,xGChain,xGBuildup,season
8285,Sander Berge,14,957,1,0.6007534898817539,1,0.714387908577919,5,2,0,0,M S,Sheffield United,1,0.6007534898817539,2.35891617462039,1.2101591117680073,2019
8285,Sander Berge,15,1116,1,1.216417072340846,1,1.7773302253335714,10,14,4,0,M S,Sheffield United,0,0.4552479963749647,3.9067585049197078,3.0664289398118854,2020
8285,Sander Berge,37,3020,1,2.1221074890345335,2,3.1849441323429346,25,29,8,1,M S,Burnley,1,2.1221074890345335,12.192523565143347,8.591317790560424,2023
8285,Sander Berge,16,1139,0,0.026623720303177834,0,0.5167037304490805,1,12,2,0,M S,Fulham,0,0.026623720303177834,3.9509604647755623,3.471578922122717,2024
8285,Sander Berge,16,1139,0,0.026623720303177834,0,0.5167037304490805,1,12,2,0,M S,Fulham,0,0.026623720303177834,3.9509604647755623,3.471578922122717,2025
