id,player_name,games,time,goals,xG,assists,xA,shots,key_passes,yellow_cards,red_cards,position,team_title,npg,npxG,xGChain,xGBuildup,season
522,Wilfried Zaha,31,1989,4,4.7616315223276615,2,2.188598118722439,40,14,1,0,F M S,Crystal Palace,4,4.7616315223276615,6.593071822077036,2.3008809750899673,2014
522,Wilfried Zaha,34,2507,2,2.624895393848419,1,4.4747301414608955,32,41,5,0,F M S,Crystal Palace,2,2.624895393848419,9.616188358515501,3.583674034103751,2015
522,Wilfried Zaha,35,3033,7,5.570255206897855,9,4.54127549380064,49,38,8,0,F M S,Crystal Palace,7,5.570255206897855,12.498163945041597,3.0121044302359223,2016
522,Wilfried Zaha,29,2551,9,9.735283127054572,3,5.2962576597929,64,53,5,0,F M S,Crystal Palace,9,9.735283127054572,16.144810386002064,3.001298817805946,2017
522,Wilfried Zaha,34,3046,10,6.490763375535607,5,5.404334627091885,73,54,8,1,F M,Crystal Palace,10,6.490763375535607,16.55854376219213,7.036869237199426,2018
522,Wilfried Zaha,38,3276,4,4.932662656530738,3,3.74423024058342,61,37,5,0,F M S,Crystal Palace,4,4.932662656530738,11.82981387898326,4.589509468525648,2019
522,Wilfried Zaha,30,2615,11,8.804446421563625,2,3.7028177306056023,60,30,6,0,F M S,Crystal Palace,9,7.282108388841152,13.579470183700323,3.6344375163316727,2020
522,Wilfried Zaha,33,2762,14,10.184118073433638,1,4.893216146156192,69,46,4,1,F M S,Crystal Palace,9,4.855936596170068,12.100897870957851,3.8086952473968267,2021
522,Wilfried Zaha,27,2308,7,7.797594489529729,2,2.760253319516778,66,26,5,0,F M,Crystal Palace,7,6.275257470086217,11.746893677860498,4.086586587131023,2022
