id,player_name,games,time,goals,xG,assists,xA,shots,key_passes,yellow_cards,red_cards,position,team_title,npg,npxG,xGChain,xGBuildup,season
1441,Adam Masina,14,1004,0,0.053063699044287205,1,0.6919723860919476,3,3,5,0,D S,Watford,0,0.053063699044287205,1.4070112984627485,1.127121103927493,2018
1441,Adam Masina,26,1818,1,0.8492826214060187,0,0.41763089690357447,15,10,3,0,D S,Watford,1,0.8492826214060187,2.9818636644631624,2.14597469009459,2019
1441,Adam Masina,15,1073,0,0.26500319316983223,1,0.8211259916424751,5,7,0,0,D M S,Watford,0,0.26500319316983223,2.264677904546261,1.6265133209526539,2021
