id,player_name,games,time,goals,xG,assists,xA,shots,key_passes,yellow_cards,red_cards,position,team_title,npg,npxG,xGChain,xGBuildup,season
685,John Obi Mikel,18,678,0,0.48619959875941277,1,0.3263580119237304,3,2,1,0,M S,Chelsea,0,0.48619959875941277,3.171091739088297,2.8278507329523563,2014
685,John Obi Mikel,25,1782,0,0.2847858062013984,1,0.10947940032929182,7,5,6,0,D M S,Chelsea,0,0.2847858062013984,6.5541975777596235,6.3566024992614985,2015
