id,player_name,games,time,goals,xG,assists,xA,shots,key_passes,yellow_cards,red_cards,position,team_title,npg,npxG,xGChain,xGBuildup,season
836,Victor Wanyama,32,2367,3,1.7235292438417673,1,0.9338347911834717,28,16,10,0,M S,Southampton,3,1.7235292438417673,7.7703660959377885,5.478044907562435,2014
836,Victor Wanyama,30,2507,1,1.5128119876608253,1,1.090257404372096,31,16,4,3,M S,Southampton,1,1.5128119876608253,7.417215747758746,6.315982839092612,2015
836,Victor Wanyama,36,3021,4,4.787810305133462,1,2.03554951492697,40,32,10,0,M S,Tottenham,4,4.787810305133462,11.88898042961955,9.314751144498587,2016
836,Victor Wanyama,18,830,1,0.3189944298937917,0,0.263057604432106,11,5,2,0,M S,Tottenham,1,0.3189944298937917,3.6584160570055246,3.3933292804285884,2017
836,Victor Wanyama,13,499,1,1.080245230346918,0,0.058431100100278854,7,2,2,0,M S,Tottenham,1,1.080245230346918,2.87104669213295,2.7977263554930687,2018
836,Victor Wanyama,2,21,0,0,0,0,0,0,1,0,S,Tottenham,0,0,0.12857100367546082,0.12857100367546082,2019
