id,player_name,games,time,goals,xG,assists,xA,shots,key_passes,yellow_cards,red_cards,position,team_title,npg,npxG,xGChain,xGBuildup,season
8228,Nathaniel Phillips,17,1451,1,1.0277080088853836,1,0.916556591168046,15,7,2,0,D S,Liverpool,1,1.0277080088853836,4.325661094859242,4.1560654025524855,2020
8228,Nathaniel Phillips,2,67,0,0.03138919919729233,0,0,1,0,0,0,D S,Liverpool,0,0.03138919919729233,0.38563498854637146,0.38563498854637146,2022
