id,player_name,games,time,goals,xG,assists,xA,shots,key_passes,yellow_cards,red_cards,position,team_title,npg,npxG,xGChain,xGBuildup,season
674,Leandro Bacuna,19,970,0,0.9967574011534452,5,1.846682295203209,17,17,1,0,D M S,Aston Villa,0,0.9967574011534452,3.6058353167027235,2.1702739875763655,2014
674,Leandro Bacuna,31,2421,1,1.905084615573287,0,1.1993913184851408,32,16,8,0,D F M S,Aston Villa,1,1.905084615573287,6.015960816293955,4.071642050519586,2015
674,Leandro Bacuna,11,543,0,0.07749409973621368,0,0.025615399703383446,5,1,2,0,D M S,Cardiff,0,0.07749409973621368,0.6749708820134401,0.581901591271162,2018
