id,player_name,games,time,goals,xG,assists,xA,shots,key_passes,yellow_cards,red_cards,position,team_title,npg,npxG,xGChain,xGBuildup,season
5682,Gonçalo Guedes,13,718,1,1.2725390158593655,1,0.5424784012138844,19,9,1,0,F M S,Wolverhampton Wanderers,1,1.2725390158593655,2.087318381294608,0.42029860336333513,2022
5682,Gonçalo Guedes,20,584,2,1.1290988959372044,4,1.2234931979328394,15,10,1,0,M S,Wolverhampton Wanderers,2,1.1290988959372044,3.137928280979395,1.225547382608056,2024
5682,Gonçalo Guedes,20,584,2,1.1290988959372044,4,1.2234931979328394,15,10,1,0,M S,Wolverhampton Wanderers,2,1.1290988959372044,3.137928280979395,1.225547382608056,2025
