id,player_name,games,time,goals,xG,assists,xA,shots,key_passes,yellow_cards,red_cards,position,team_title,npg,npxG,xGChain,xGBuildup,season
343,Pierre-Emile Højbjerg,22,1296,0,1.3645170638337731,0,0.6220744978636503,28,16,2,0,M S,Southampton,0,1.3645170638337731,5.602686204947531,4.2606870997697115,2016
343,Pierre-Emile Højbjerg,23,1669,0,0.7022011950612068,0,0.5964418984949589,16,12,6,0,M S,Southampton,0,0.7022011950612068,4.023729445412755,3.106993293389678,2017
343,Pierre-Emile Højbjerg,31,2770,4,2.2558475229889154,3,2.3478172896429896,53,28,7,2,M,Southampton,4,2.2558475229889154,10.258457228541374,7.33534063026309,2018
343,Pierre-Emile Højbjerg,33,2740,0,3.1789294173941016,1,1.8598964139819145,46,30,5,0,D M S,Southampton,0,3.1789294173941016,11.663622606545687,8.34850380755961,2019
343,Pierre-Emile Højbjerg,38,3420,2,1.137927639298141,4,1.7558960048481822,14,16,9,0,M,Tottenham,2,1.137927639298141,16.205809246748686,14.680380446836352,2020
343,Pierre-Emile Højbjerg,36,3202,2,2.644531223922968,2,2.538237292319536,31,25,3,0,M,Tottenham,2,2.644531223922968,24.113174375146627,20.07615688070655,2021
343,Pierre-Emile Højbjerg,35,3137,4,1.5295524531975389,5,3.1992804715409875,33,30,5,0,M,Tottenham,4,1.5295524531975389,15.63659394159913,11.95062574185431,2022
343,Pierre-Emile Højbjerg,36,1212,0,0.544023672118783,0,1.134924995712936,19,8,4,0,M S,Tottenham,0,0.544023672118783,11.555909689515829,10.493784312158823,2023
