id,player_name,games,time,goals,xG,assists,xA,shots,key_passes,yellow_cards,red_cards,position,team_title,npg,npxG,xGChain,xGBuildup,season
9912,Cameron Archer,3,20,0,0.02824229933321476,0,0,1,0,0,0,S,Aston Villa,0,0.02824229933321476,0.059728801250457764,0.031486500054597855,2021
9912,Cameron Archer,6,31,0,0,0,0,0,0,0,0,S,Aston Villa,0,0,0,0,2022
9912,Cameron Archer,30,1870,4,5.785084556788206,1,2.983854740858078,41,24,2,0,F M S,"Aston Villa,Sheffield United",4,5.785084556788206,9.17532782163471,1.594775709323585,2023
9912,Cameron Archer,21,1040,2,5.4032254964113235,0,0.2221684232354164,23,2,0,0,F S,Southampton,2,4.642056629061699,6.026416117325425,1.7004550704732537,2024
9912,Cameron Archer,21,1040,2,5.4032254964113235,0,0.2221684232354164,23,2,0,0,F S,Southampton,2,4.642056629061699,6.026416117325425,1.7004550704732537,2025
