id,player_name,games,time,goals,xG,assists,xA,shots,key_passes,yellow_cards,red_cards,position,team_title,npg,npxG,xGChain,xGBuildup,season
10720,Darwin Núñez,29,1702,9,14.374805428087711,3,5.6468874625861645,84,28,1,1,F S,Liverpool,9,14.374805428087711,20.277393620461226,3.4813443943858147,2022
10720,Darwin Núñez,36,2037,11,19.187851031310856,8,5.950456521473825,108,33,9,0,F S,Liverpool,11,18.42668213415891,25.07862750068307,5.313199203461409,2023
10720,Darwin Núñez,17,782,4,4.384063251316547,2,1.4396023470908403,25,6,6,0,F S,Liverpool,4,4.384063251316547,7.789624759927392,2.127400830388069,2024
10720,Darwin Núñez,17,782,4,4.384063251316547,2,1.4396023470908403,25,6,6,0,F S,Liverpool,4,4.384063251316547,7.789624759927392,2.127400830388069,2025
