id,player_name,games,time,goals,xG,assists,xA,shots,key_passes,yellow_cards,red_cards,position,team_title,npg,npxG,xGChain,xGBuildup,season
8323,Josh Brownhill,10,808,0,0.318044301122427,0,0.12225660309195518,6,3,2,0,M S,Burnley,0,0.318044301122427,2.098622285760939,1.8908498296514153,2019
8323,Josh Brownhill,33,2818,0,1.5182226011529565,1,0.8824938023462892,34,19,2,0,M S,Burnley,0,1.5182226011529565,5.996075024828315,4.790277905762196,2020
8323,Josh Brownhill,35,2953,2,1.2014812054112554,3,2.353918094187975,29,40,10,0,F M S,Burnley,2,1.2014812054112554,5.99081162083894,4.411198206245899,2021
8323,Josh Brownhill,33,2229,4,1.8306225752457976,2,1.8270882591605186,28,34,4,1,M S,Burnley,4,1.8306225752457976,6.495785586535931,4.306291623972356,2023
