id,player_name,games,time,goals,xG,assists,xA,shots,key_passes,yellow_cards,red_cards,position,team_title,npg,npxG,xGChain,xGBuildup,season
1719,Javier Manquillo,10,765,0,0.07920830138027668,0,0.07267220318317413,2,1,3,0,D M,Liverpool,0,0.07920830138027668,2.169579342007637,2.0903713554143906,2014
1719,Javier Manquillo,20,1423,1,0.4919749032706022,0,0.19370139576494694,3,4,2,0,D S,Sunderland,1,0.4919749032706022,0.9199867080897093,0.6920360065996647,2016
1719,Javier Manquillo,21,1759,0,0.08793799951672554,1,1.1177465105429292,2,11,2,0,D S,Newcastle United,0,0.08793799951672554,2.8504924243316054,1.78896361310035,2017
1719,Javier Manquillo,18,1098,0,0.0830365028232336,3,0.6845879955217242,2,8,2,0,D S,Newcastle United,0,0.0830365028232336,2.6393714547157288,1.9537235535681248,2018
1719,Javier Manquillo,21,1598,0,0.03594759851694107,1,0.26278080232441425,1,5,5,0,D S,Newcastle United,0,0.03594759851694107,3.059056323952973,2.8394165318459272,2019
1719,Javier Manquillo,13,823,0,0.02316189929842949,0,0.2976970076560974,1,5,1,0,D S,Newcastle United,0,0.02316189929842949,1.4320280328392982,1.1111693233251572,2020
1719,Javier Manquillo,19,1273,1,0.3779599890112877,2,0.47096940595656633,4,4,5,0,D S,Newcastle United,1,0.3779599890112877,1.646115392446518,0.8073002025485039,2021
1719,Javier Manquillo,4,25,0,0,0,0,0,0,0,0,S,Newcastle United,0,0,0.11977600306272507,0.11977600306272507,2022
