id,player_name,games,time,goals,xG,assists,xA,shots,key_passes,yellow_cards,red_cards,position,team_title,npg,npxG,xGChain,xGBuildup,season
7134,Marc Cucurella,35,3102,1,0.7293017916381359,1,2.871598906815052,18,42,6,0,D M,Brighton,1,0.7293017916381359,11.111791513860226,9.069734355434775,2021
7134,Marc Cucurella,24,1682,0,0.3548601996153593,2,1.018142694607377,7,11,4,0,D M S,Chelsea,0,0.3548601996153593,7.76440688315779,7.2557747745886445,2022
7134,Marc Cucurella,21,1788,0,1.4538506548851728,2,1.254556130617857,8,19,10,0,D S,Chelsea,0,1.4538506548851728,12.102387934923172,10.091670595109463,2023
7134,Marc Cucurella,21,1735,2,1.573372483253479,1,1.0685568451881409,11,11,6,1,D S,Chelsea,2,1.573372483253479,9.405970614403486,7.268807549029589,2024
7134,Marc Cucurella,21,1735,2,1.573372483253479,1,1.0685568451881409,11,11,6,1,D S,Chelsea,2,1.573372483253479,9.405970614403486,7.268807549029589,2025
