id,player_name,games,time,goals,xG,assists,xA,shots,key_passes,yellow_cards,red_cards,position,team_title,npg,npxG,xGChain,xGBuildup,season
1433,Federico Chiesa,3,18,0,0.42075055837631226,0,0,2,0,0,0,S,Liverpool,0,0.42075055837631226,1.2413166761398315,0.8205661177635193,2024
1433,Federico Chiesa,3,18,0,0.42075055837631226,0,0,2,0,0,0,S,Liverpool,0,0.42075055837631226,1.2413166761398315,0.8205661177635193,2025
