id,player_name,games,time,goals,xG,assists,xA,shots,key_passes,yellow_cards,red_cards,position,team_title,npg,npxG,xGChain,xGBuildup,season
977,Tyias Browning,2,24,0,0,0,0.03256919980049133,0,1,0,0,S,Everton,0,0,0.06536709889769554,0.03279789909720421,2014
977,Tyias Browning,5,299,0,0.22059129923582077,0,0.03941100090742111,2,2,1,0,D S,Everton,0,0.22059129923582077,0.9883925020694733,0.9489815030246973,2015
