id,player_name,games,time,goals,xG,assists,xA,shots,key_passes,yellow_cards,red_cards,position,team_title,npg,npxG,xGChain,xGBuildup,season
6252,Lyanco,15,898,0,0.25548440031707287,0,0.17410700023174286,6,3,2,0,D S,Southampton,0,0.25548440031707287,1.7961761131882668,1.7197611071169376,2021
6252,Lyanco,21,1160,1,0.7209816901013255,1,0.3901645038276911,11,4,4,0,D S,Southampton,1,0.7209816901013255,1.9288878990337253,1.6362489545717835,2022
