id,player_name,games,time,goals,xG,assists,xA,shots,key_passes,yellow_cards,red_cards,position,team_title,npg,npxG,xGChain,xGBuildup,season
787,Ryan Bennett,22,1842,0,0.57474460080266,0,0.27777039259672165,8,4,7,0,D S,Norwich,0,0.57474460080266,1.7487185904756188,1.589243390597403,2015
787,Ryan Bennett,34,3060,1,1.0000522956252098,0,0.7868757918477058,15,9,12,0,D,Wolverhampton Wanderers,1,1.0000522956252098,5.8501778012141585,4.800759092904627,2018
787,Ryan Bennett,16,941,0,0.023915300145745277,0,0.09054249711334705,1,2,2,0,D S,"Leicester,Wolverhampton Wanderers",0,0.023915300145745277,2.2696874160319567,2.179144011810422,2019
