id,player_name,games,time,goals,xG,assists,xA,shots,key_passes,yellow_cards,red_cards,position,team_title,npg,npxG,xGChain,xGBuildup,season
858,Philipp Wollscheid,12,1006,0,0.22406870871782303,0,0.13248819671571255,3,5,4,0,D,Stoke,0,0.22406870871782303,0.7216658070683479,0.6515562068670988,2014
858,Philipp Wollscheid,31,2681,0,0.07563971914350986,0,0.32434310019016266,2,5,2,0,D S,Stoke,0,0.07563971914350986,5.346388193778694,5.275284799747169,2015
858,Philipp Wollscheid,2,180,0,0.014228399842977524,0,0,1,0,1,0,D,Stoke,0,0.014228399842977524,0.12557999789714813,0.12557999789714813,2016
