id,player_name,games,time,goals,xG,assists,xA,shots,key_passes,yellow_cards,red_cards,position,team_title,npg,npxG,xGChain,xGBuildup,season
1739,Eric Bailly,25,2066,0,0.30602030362933874,0,0.02905689924955368,6,1,4,0,D S,Manchester United,0,0.30602030362933874,4.137534696608782,4.01166270300746,2016
1739,Eric Bailly,13,998,1,1.0500178933143616,0,0.1993313953280449,3,2,2,0,D S,Manchester United,1,1.0500178933143616,1.1515370979905128,1.1515370979905128,2017
1739,Eric Bailly,12,639,0,0.24984100461006165,0,0,3,0,0,1,D S,Manchester United,0,0.24984100461006165,2.9941667332313955,2.9941667332313955,2018
1739,Eric Bailly,4,142,0,0,0,0,0,0,0,0,D S,Manchester United,0,0,0.5180244911462069,0.5180244911462069,2019
1739,Eric Bailly,12,916,0,0.08082259818911552,0,0,2,0,3,0,D S,Manchester United,0,0.08082259818911552,1.7967821639031172,1.7967821639031172,2020
1739,Eric Bailly,4,220,0,0,0,0,0,0,1,0,D S,Manchester United,0,0,0.4261507987976074,0.4261507987976074,2021
