id,player_name,games,time,goals,xG,assists,xA,shots,key_passes,yellow_cards,red_cards,position,team_title,npg,npxG,xGChain,xGBuildup,season
813,Salomón Rondón,34,2581,9,9.896931927651167,2,1.9187822239473462,71,28,1,1,F S,West Bromwich Albion,9,9.896931927651167,9.413141864351928,2.562900614924729,2015
813,Salomón Rondón,38,2902,8,9.35797328967601,2,2.8521678745746613,93,26,2,0,F S,West Bromwich Albion,8,9.35797328967601,13.401619354262948,2.5777701027691364,2016
813,Salomón Rondón,36,2781,7,6.871560588479042,3,2.6148633491247892,78,23,4,0,F S,West Bromwich Albion,7,6.871560588479042,10.665159044787288,3.401071329601109,2017
813,Salomón Rondón,32,2616,11,10.63538501597941,7,3.4131863601505756,89,32,1,0,F S,Newcastle United,11,10.63538501597941,15.463678646832705,4.218267355114222,2018
813,Salomón Rondón,20,764,1,2.6404213681817055,1,0.612394904717803,21,8,2,1,F S,Everton,1,2.6404213681817055,3.71541341021657,0.6350547969341278,2021
813,Salomón Rondón,7,96,0,0.7647659070789814,0,0.12652180343866348,4,2,0,0,F S,Everton,0,0.7647659070789814,0.9441559053957462,0.05286809988319874,2022
