id,player_name,games,time,goals,xG,assists,xA,shots,key_passes,yellow_cards,red_cards,position,team_title,npg,npxG,xGChain,xGBuildup,season
10806,Kaoru Mitoma,33,2306,7,9.245785741135478,5,7.035773795098066,52,40,0,0,D M S,Brighton,7,9.245785741135478,21.043237909674644,9.100571872666478,2022
10806,Kaoru Mitoma,19,1482,3,4.680040899664164,4,3.3876203782856464,34,25,4,0,D F M S,Brighton,3,4.680040899664164,14.050323814153671,8.15176310762763,2023
10806,Kaoru Mitoma,23,1852,5,6.282482258975506,3,4.616389259696007,39,32,0,0,F M S,Brighton,5,6.282482258975506,14.263297751545906,5.353859834372997,2024
10806,Kaoru Mitoma,23,1852,5,6.282482258975506,3,4.616389259696007,39,32,0,0,F M S,Brighton,5,6.282482258975506,14.263297751545906,5.353859834372997,2025
