id,player_name,games,time,goals,xG,assists,xA,shots,key_passes,yellow_cards,red_cards,position,team_title,npg,npxG,xGChain,xGBuildup,season
782,Ben Chilwell,12,686,1,0.668289303779602,0,0.3706484157592058,7,2,2,0,D S,Leicester,1,0.668289303779602,2.7422422990202904,1.7279787100851536,2016
782,Ben Chilwell,24,1855,0,0.22371220123022795,2,2.6106312330812216,6,20,1,1,D M S,Leicester,0,0.22371220123022795,7.099950015544891,4.937577690929174,2017
782,Ben Chilwell,36,3240,0,0.972871252335608,4,3.073072262108326,22,45,4,0,D M,Leicester,0,0.972871252335608,9.096351135522127,7.060785120353103,2018
782,Ben Chilwell,27,2382,3,1.0977275986224413,3,3.5355278309434652,16,33,3,0,D M,Leicester,3,1.0977275986224413,10.08815387263894,8.040449786931276,2019
782,Ben Chilwell,27,2296,3,2.984890672378242,5,2.4556783102452755,27,30,3,0,D M,Chelsea,3,2.984890672378242,11.330960918217897,8.155131109058857,2020
782,Ben Chilwell,7,541,3,1.298325777053833,1,0.8330149054527283,13,10,0,0,D M S,Chelsea,3,1.298325777053833,4.463375482708216,3.4082015678286552,2021
782,Ben Chilwell,23,1418,2,1.465110638178885,2,1.9936782559379935,16,21,3,0,D S,Chelsea,2,1.465110638178885,4.494038670323789,3.5327052902430296,2022
782,Ben Chilwell,13,771,0,1.2212005220353603,1,1.793320189230144,12,14,5,0,D S,Chelsea,0,1.2212005220353603,3.850440725684166,1.9574524844065309,2023
