id,player_name,games,time,goals,xG,assists,xA,shots,key_passes,yellow_cards,red_cards,position,team_title,npg,npxG,xGChain,xGBuildup,season
11772,Yehor Yarmolyuk,27,619,0,1.0328057277947664,0,0.08315489068627357,11,3,2,0,M S,Brentford,0,1.0328057277947664,3.1682952363044024,2.1086901389062405,2023
11772,Yehor Yarmolyuk,18,585,0,0.6766731292009354,0,0.152638778090477,8,4,2,0,M S,Brentford,0,0.6766731292009354,2.5640556514263153,1.8841299712657928,2024
11772,Yehor Yarmolyuk,18,585,0,0.6766731292009354,0,0.152638778090477,8,4,2,0,M S,Brentford,0,0.6766731292009354,2.5640556514263153,1.8841299712657928,2025
