id,player_name,games,time,goals,xG,assists,xA,shots,key_passes,yellow_cards,red_cards,position,team_title,npg,npxG,xGChain,xGBuildup,season
587,Phil Jagielka,37,3295,4,2.394630601629615,0,0.07067899964749813,15,2,1,0,D,Everton,4,2.394630601629615,7.11154530569911,7.0023003332316875,2014
587,Phil Jagielka,21,1854,0,0.812141184695065,0,0.13591419905424118,9,2,0,0,D,Everton,0,0.812141184695065,4.056629993021488,3.9561102613806725,2015
587,Phil Jagielka,27,2252,3,1.2690291870385408,2,0.7028575781732798,14,5,4,1,D S,Everton,3,1.2690291870385408,5.038554010912776,4.973763843998313,2016
587,Phil Jagielka,25,2066,0,0.8036303035914898,0,0,7,0,2,0,D S,Everton,0,0.8036303035914898,3.922821667045355,3.9137782640755177,2017
587,Phil Jagielka,7,323,1,0.6263629794120789,0,0.09909360110759735,1,2,0,1,D S,Everton,1,0.6263629794120789,0.8958336189389229,0.20354550331830978,2018
587,Phil Jagielka,6,233,0,0,0,0,0,0,0,0,D S,Sheffield United,0,0,0.09513119980692863,0.09513119980692863,2019
587,Phil Jagielka,10,526,0,0,0,0,0,0,1,1,D S,Sheffield United,0,0,0.9072468057274818,0.9072468057274818,2020
