id,player_name,games,time,goals,xG,assists,xA,shots,key_passes,yellow_cards,red_cards,position,team_title,npg,npxG,xGChain,xGBuildup,season
983,Kevin Mbabu,3,147,0,0.018361499533057213,0,0.10677500069141388,1,1,0,0,D S,Newcastle United,0,0.018361499533057213,0.18000580370426178,0.16164430230855942,2015
983,Kevin Mbabu,6,138,0,0,1,0.5595380067825317,0,2,1,0,D S,Fulham,0,0,0.665716927498579,0.1061783991754055,2022
