id,player_name,games,time,goals,xG,assists,xA,shots,key_passes,yellow_cards,red_cards,position,team_title,npg,npxG,xGChain,xGBuildup,season
1383,Manolo Gabbiadini,11,737,4,3.822397604584694,0,0.34004590194672346,29,6,1,0,F S,Southampton,4,3.0612285882234573,2.856666624546051,0.24663610383868217,2016
1383,Manolo Gabbiadini,28,1056,5,2.5225429721176624,0,0.5467096976935863,22,7,2,0,F S,Southampton,4,1.7613744623959064,3.0411871038377285,1.4508834220468998,2017
1383,Manolo Gabbiadini,12,459,1,1.75948377372697,0,0.24272099509835243,20,5,0,0,F M S,Southampton,1,1.75948377372697,1.6964119677431881,0.6469904016703367,2018
