id,player_name,games,time,goals,xG,assists,xA,shots,key_passes,yellow_cards,red_cards,position,team_title,npg,npxG,xGChain,xGBuildup,season
838,Sadio Mané,30,2142,10,8.5539753716439,3,3.982480129227042,60,40,5,0,F M S,Southampton,10,8.5539753716439,14.567278534173965,4.032989708706737,2014
838,Sadio Mané,37,2614,11,12.514568300917745,6,5.139249017462134,86,41,4,2,F M S,Southampton,11,11.753399284556508,17.62727028131485,5.373992749489844,2015
838,Sadio Mané,27,2257,13,9.480924274772406,5,4.445209952071309,57,43,4,0,F S,Liverpool,13,9.480924274772406,20.189119152724743,9.525849785655737,2016
838,Sadio Mané,29,2230,10,11.518154991790652,7,5.250220185145736,70,49,3,1,F M S,Liverpool,10,11.518154991790652,21.158781994134188,6.351253234781325,2017
838,Sadio Mané,36,3100,22,16.76279866695404,1,5.123735151253641,87,45,2,0,F M S,Liverpool,22,16.76279866695404,28.401348166167736,8.485083559527993,2018
838,Sadio Mané,35,2761,18,14.577481213957071,7,7.235698115080595,77,59,3,0,F M S,Liverpool,18,14.577481213957071,25.07319786399603,6.767017947509885,2019
838,Sadio Mané,35,2805,11,14.828551573678851,7,7.787754092365503,94,61,3,0,F M S,Liverpool,11,14.828551573678851,24.998916164040565,6.057659732177854,2020
838,Sadio Mané,34,2833,16,16.82961556315422,2,5.269158905372024,98,39,5,0,F S,Liverpool,16,16.82961556315422,28.448098309338093,11.072973331436515,2021
