id,player_name,games,time,goals,xG,assists,xA,shots,key_passes,yellow_cards,red_cards,position,team_title,npg,npxG,xGChain,xGBuildup,season
721,Jordi Amat,10,591,0,0,0,0.037276800721883774,0,1,3,0,D S,Swansea,0,0,0.9018794000148773,0.8646025992929935,2014
721,Jordi Amat,8,451,0,0.6412090063095093,0,0.07362979650497437,1,1,0,0,D S,Swansea,0,0.6412090063095093,0.22461909241974354,0.22461909241974354,2015
721,Jordi Amat,17,1409,0,0.8267893875017762,0,0.04058609902858734,7,2,5,0,D S,Swansea,0,0.8267893875017762,2.9903355007991195,2.934588006697595,2016
