id,player_name,games,time,goals,xG,assists,xA,shots,key_passes,yellow_cards,red_cards,position,team_title,npg,npxG,xGChain,xGBuildup,season
482,Roberto Firmino,31,2005,10,7.1310254614800215,7,5.3966775089502335,63,49,1,0,F M S,Liverpool,10,7.1310254614800215,16.398770961910486,6.8297262620180845,2015
482,Roberto Firmino,35,3077,11,10.364667488262057,7,7.852917684242129,100,78,5,0,F S,Liverpool,11,10.364667488262057,24.931322157382965,11.649156866595149,2016
482,Roberto Firmino,37,2814,15,10.763703489676118,7,7.678424785844982,84,56,1,0,F M S,Liverpool,14,10.002534905448556,27.837464049458504,12.625409290194511,2017
482,Roberto Firmino,34,2631,12,13.737690990790725,6,6.344288116320968,75,43,0,0,F M S,Liverpool,11,12.976520961150527,24.345621769316494,9.149718974716961,2018
482,Roberto Firmino,38,3035,9,16.686226904392242,8,7.346652261912823,98,52,0,0,F M S,Liverpool,9,16.686226904392242,28.271110355854034,9.463313087821007,2019
482,Roberto Firmino,36,2882,9,12.860216487199068,7,6.116864521056414,83,44,2,0,F M S,Liverpool,9,12.860216487199068,25.271468130871654,10.198549590073526,2020
482,Roberto Firmino,20,979,5,5.253263216465712,4,2.2188239628449082,30,16,3,0,F S,Liverpool,5,5.253263216465712,11.997239541262388,5.707365166395903,2021
482,Roberto Firmino,25,1203,11,8.122956335544586,4,3.0548400916159153,39,21,0,0,F M S,Liverpool,11,8.122956335544586,13.91264321282506,6.6901707127690315,2022
