id,player_name,games,time,goals,xG,assists,xA,shots,key_passes,yellow_cards,red_cards,position,team_title,npg,npxG,xGChain,xGBuildup,season
9680,Vitaly Janelt,31,2328,4,2.989832724444568,0,1.8168051782995462,30,23,3,0,D M S,Brentford,4,2.989832724444568,7.372113709338009,3.241404203698039,2021
9680,Vitaly Janelt,35,2206,3,2.191264372318983,1,1.4620734620839357,14,16,3,0,D M S,Brentford,3,2.191264372318983,7.5696020424366,5.46771614253521,2022
9680,Vitaly Janelt,38,3137,1,2.0162796927616,3,4.314206030219793,21,37,8,0,D M S,Brentford,1,2.0162796927616,12.40513951331377,9.032909959554672,2023
9680,Vitaly Janelt,22,1684,1,0.48918232694268227,3,2.2131259702146053,12,12,3,0,D M S,Brentford,1,0.48918232694268227,7.1856717662885785,4.807180912233889,2024
9680,Vitaly Janelt,22,1684,1,0.48918232694268227,3,2.2131259702146053,12,12,3,0,D M S,Brentford,1,0.48918232694268227,7.1856717662885785,4.807180912233889,2025
