id,player_name,games,time,goals,xG,assists,xA,shots,key_passes,yellow_cards,red_cards,position,team_title,npg,npxG,xGChain,xGBuildup,season
7990,Christoph Zimmermann,17,1424,0,0.2578012077137828,1,0.07527189888060093,6,2,3,0,D S,Norwich,0,0.2578012077137828,2.7542934771627188,2.708892673254013,2019
7990,Christoph Zimmermann,3,162,0,0.03771389927715063,0,0,2,0,0,0,D S,Norwich,0,0.03771389927715063,0.25520010106265545,0.22771450132131577,2021
