id,player_name,games,time,goals,xG,assists,xA,shots,key_passes,yellow_cards,red_cards,position,team_title,npg,npxG,xGChain,xGBuildup,season
904,Chris Brunt,34,2901,2,2.0603699232451618,10,5.361505056731403,33,50,5,0,D F M S,West Bromwich Albion,2,2.0603699232451618,6.671324193477631,4.853268834762275,2014
904,Chris Brunt,22,1802,0,0.6611344888806343,3,2.363816289231181,18,21,7,0,D M S,West Bromwich Albion,0,0.6611344888806343,2.2422037860378623,1.7052833708003163,2015
904,Chris Brunt,31,2478,3,1.5911602908745408,4,4.866877308115363,38,40,5,0,D M S,West Bromwich Albion,3,1.5911602908745408,6.070449275895953,3.5755154686048627,2016
904,Chris Brunt,26,1931,0,0.8310518963262439,7,4.718963000923395,24,37,5,0,D M S,West Bromwich Albion,0,0.8310518963262439,3.605649607256055,2.6764560090377927,2017
