id,player_name,games,time,goals,xG,assists,xA,shots,key_passes,yellow_cards,red_cards,position,team_title,npg,npxG,xGChain,xGBuildup,season
5061,Kepa,36,3240,0,0,0,0,0,0,2,0,GK,Chelsea,0,0,5.416643293574452,5.416643293574452,2018
5061,Kepa,33,2970,0,0,0,0,0,0,0,0,GK,Chelsea,0,0,5.265828628093004,5.265828628093004,2019
5061,Kepa,7,582,0,0,0,0,0,0,1,0,GK S,Chelsea,0,0,0.30502480547875166,0.30502480547875166,2020
5061,Kepa,4,360,0,0,0,0,0,0,0,0,GK,Chelsea,0,0,0.7405957020819187,0.7405957020819187,2021
5061,Kepa,29,2567,0,0,0,0,0,0,1,0,GK,Chelsea,0,0,4.026800500229001,4.026800500229001,2022
5061,Kepa,16,1440,0,0,0,0.025899898260831833,0,1,2,0,GK,Bournemouth,0,0,1.514078550040722,1.514078550040722,2024
5061,Kepa,16,1440,0,0,0,0.025899898260831833,0,1,2,0,GK,Bournemouth,0,0,1.514078550040722,1.514078550040722,2025
