id,player_name,games,time,goals,xG,assists,xA,shots,key_passes,yellow_cards,red_cards,position,team_title,npg,npxG,xGChain,xGBuildup,season
910,Harrison Reed,9,462,0,0.120338698849082,0,0,4,0,0,0,M S,Southampton,0,0.120338698849082,1.000663110986352,0.9134047059342265,2014
910,Harrison Reed,1,9,0,0,0,0,0,0,0,0,S,Southampton,0,0,0,0,2015
910,Harrison Reed,3,62,0,0,0,0,0,0,0,0,M S,Southampton,0,0,0.1288529932498932,0.1288529932498932,2016
910,Harrison Reed,31,2254,0,0.2909777984023094,2,1.6945229470729828,13,21,5,0,M S,Fulham,0,0.2909777984023094,7.142019868828356,6.308453551493585,2020
910,Harrison Reed,37,2911,3,2.1825738195329905,4,3.5145126404240727,20,35,5,0,M S,Fulham,3,2.1825738195329905,10.140563977882266,5.457994266413152,2022
910,Harrison Reed,27,1298,0,0.28592466469854116,2,1.2897144686430693,9,14,6,0,M S,Fulham,0,0.28592466469854116,4.717917591333389,4.137020692229271,2023
910,Harrison Reed,8,44,0,0.01733059622347355,0,0.07896795868873596,1,1,2,0,S,Fulham,0,0.01733059622347355,0.2145950347185135,0.2145950347185135,2024
910,Harrison Reed,8,44,0,0.01733059622347355,0,0.07896795868873596,1,1,2,0,S,Fulham,0,0.01733059622347355,0.2145950347185135,0.2145950347185135,2025
