id,player_name,games,time,goals,xG,assists,xA,shots,key_passes,yellow_cards,red_cards,position,team_title,npg,npxG,xGChain,xGBuildup,season
1046,George Honeyman,1,37,0,0,0,0.06804429739713669,0,1,0,0,S,Sunderland,0,0,0.06804429739713669,0,2015
1046,George Honeyman,5,229,0,0.3735342025756836,0,0.12318499758839607,2,2,1,0,M S,Sunderland,0,0.3735342025756836,0.6912442147731781,0.19452530145645142,2016
