id,player_name,games,time,goals,xG,assists,xA,shots,key_passes,yellow_cards,red_cards,position,team_title,npg,npxG,xGChain,xGBuildup,season
610,Pablo Zabaleta,29,2590,1,1.3584490865468979,4,3.7550920881330967,12,26,6,1,D,Manchester City,1,1.3584490865468979,16.997090798802674,14.821173903532326,2014
610,Pablo Zabaleta,13,1061,0,0.17769970186054707,1,0.633639819920063,3,2,3,0,D S,Manchester City,0,0.17769970186054707,5.072045736946166,4.851451889611781,2015
610,Pablo Zabaleta,20,1055,1,0.6953417919576168,1,0.45518549997359514,7,11,2,0,D M S,Manchester City,1,0.6953417919576168,6.211660511791706,5.194827519357204,2016
610,Pablo Zabaleta,37,3299,0,0.33209640718996525,1,0.9275469975546002,6,18,9,0,D M,West Ham,0,0.33209640718996525,6.20760318543762,5.599334348924458,2017
610,Pablo Zabaleta,26,2099,0,0.15616450086236,1,1.0272081028670073,7,7,4,0,D S,West Ham,0,0.15616450086236,4.339205970987678,4.110601559281349,2018
610,Pablo Zabaleta,10,585,0,0,0,0.6028399094939232,0,3,2,0,D S,West Ham,0,0,2.176808997988701,2.176808997988701,2019
