id,player_name,games,time,goals,xG,assists,xA,shots,key_passes,yellow_cards,red_cards,position,team_title,npg,npxG,xGChain,xGBuildup,season
9734,Enock Mwepu,18,1009,2,1.999322835355997,4,1.5841594748198986,19,9,2,0,F M S,Brighton,2,1.999322835355997,3.612422186881304,2.079986520111561,2021
9734,Enock Mwepu,6,205,0,0.07667040079832077,1,0.45226419530808926,2,3,0,0,F M S,Brighton,0,0.07667040079832077,1.0331942196935415,0.653810178861022,2022
