id,player_name,games,time,goals,xG,assists,xA,shots,key_passes,yellow_cards,red_cards,position,team_title,npg,npxG,xGChain,xGBuildup,season
3277,Alexandre Lacazette,32,2235,14,13.831237014383078,4,4.839555331505835,67,36,1,0,F S,Arsenal,12,12.308898691087961,20.89856270700693,6.22862989269197,2017
3277,Alexandre Lacazette,35,2498,13,12.033688011579216,8,4.100150818936527,81,31,2,0,F S,Arsenal,13,12.033688011579216,22.075848444364965,8.813797890208662,2018
3277,Alexandre Lacazette,30,1890,10,8.664644362404943,4,3.342292783781886,52,24,8,0,F S,Arsenal,10,8.664644362404943,12.061309602111578,2.5056339018046856,2019
3277,Alexandre Lacazette,31,1939,13,12.02891095355153,2,2.2092133089900017,45,22,3,0,F M S,Arsenal,10,9.745402950793505,14.361543761566281,2.937945641577244,2020
3277,Alexandre Lacazette,30,1800,4,7.625774389132857,7,3.2550142742693424,46,29,0,0,F M S,Arsenal,2,5.342271422967315,9.149895284324884,3.0975794158875942,2021
