id,player_name,games,time,goals,xG,assists,xA,shots,key_passes,yellow_cards,red_cards,position,team_title,npg,npxG,xGChain,xGBuildup,season
7753,James Justin,13,1005,0,0.2678807023912668,1,1.0798513926565647,7,12,1,0,D S,Leicester,0,0.2678807023912668,4.534260958433151,3.3317906484007835,2019
7753,James Justin,23,2070,2,1.517482303082943,1,2.0591367334127426,9,19,4,0,D,Leicester,2,1.517482303082943,7.6656622514128685,5.505036529153585,2020
7753,James Justin,13,993,0,0.5318179950118065,0,0.8498176038265228,5,9,0,0,D S,Leicester,0,0.5318179950118065,5.432251468300819,4.53668899089098,2021
7753,James Justin,14,1257,0,0.14484700188040733,0,0.30565660260617733,5,7,0,0,D,Leicester,0,0.14484700188040733,3.2727428637444973,2.8895581662654877,2022
7753,James Justin,22,1915,2,1.8769034072756767,1,0.6542917806655169,21,10,3,0,D,Leicester,2,1.8769034072756767,5.422624577768147,4.68222473654896,2024
7753,James Justin,22,1915,2,1.8769034072756767,1,0.6542917806655169,21,10,3,0,D,Leicester,2,1.8769034072756767,5.422624577768147,4.68222473654896,2025
