id,player_name,games,time,goals,xG,assists,xA,shots,key_passes,yellow_cards,red_cards,position,team_title,npg,npxG,xGChain,xGBuildup,season
766,Jamaal Lascelles,18,1135,2,0.4158274009823799,0,0.14827369898557663,4,2,1,1,D S,Newcastle United,2,0.4158274009823799,1.2703508995473385,1.2219718024134636,2015
766,Jamaal Lascelles,33,2929,3,1.5097707957029343,0,0.36995729990303516,12,6,5,0,D S,Newcastle United,3,1.5097707957029343,3.311390195041895,3.2026658058166504,2017
766,Jamaal Lascelles,32,2751,0,0.3995888289064169,1,1.2035105116665363,11,3,4,0,D,Newcastle United,0,0.3995888289064169,3.302876438945532,3.2938694320619106,2018
766,Jamaal Lascelles,24,2084,1,0.44119159784168005,0,0.14197489991784096,9,2,5,0,D,Newcastle United,1,0.44119159784168005,2.9985410645604134,2.853570658713579,2019
766,Jamaal Lascelles,19,1633,2,0.7653545793145895,0,0.06688280217349529,16,2,4,0,D,Newcastle United,2,0.7653545793145895,2.6064504999667406,2.3499084059149027,2020
766,Jamaal Lascelles,26,2052,1,1.3373388117179275,0,0.23165089450776577,17,4,5,0,D S,Newcastle United,1,1.3373388117179275,1.4465576093643904,1.4465576093643904,2021
766,Jamaal Lascelles,7,200,0,0.12024039402604103,0,0,2,0,2,0,D S,Newcastle United,0,0.12024039402604103,0.3834709972143173,0.3834709972143173,2022
766,Jamaal Lascelles,16,1072,1,1.0759279876947403,0,0.036406565457582474,6,2,4,0,D S,Newcastle United,1,1.0759279876947403,3.6166847310960293,3.5107219703495502,2023
