id,player_name,games,time,goals,xG,assists,xA,shots,key_passes,yellow_cards,red_cards,position,team_title,npg,npxG,xGChain,xGBuildup,season
481,Jordon Ibe,12,616,0,0.5851631872355938,0,0.3594918064773083,10,6,0,0,F M S,Liverpool,0,0.5851631872355938,2.3427453879266977,1.7213451024144888,2014
481,Jordon Ibe,27,1161,1,1.426460581831634,2,1.6390917217358947,29,20,0,0,F M S,Liverpool,1,1.426460581831634,5.9807505793869495,3.414081832394004,2015
481,Jordon Ibe,25,1067,0,0.8431019950658083,0,1.0524157071486115,15,18,0,0,F M S,Bournemouth,0,0.8431019950658083,3.201797315850854,1.8253067899495363,2016
481,Jordon Ibe,32,2005,2,2.9314231853932142,6,3.7532153269276023,54,37,1,0,F M S,Bournemouth,2,2.9314231853932142,6.119109710678458,2.675478817895055,2017
481,Jordon Ibe,19,799,1,0.7752668149769306,1,0.41998659167438745,9,10,1,0,D M S,Bournemouth,1,0.7752668149769306,1.8733189031481743,1.1102916896343231,2018
481,Jordon Ibe,2,39,0,0,0,0,0,0,0,0,S,Bournemouth,0,0,0.02199850045144558,0.02199850045144558,2019
