id,player_name,games,time,goals,xG,assists,xA,shots,key_passes,yellow_cards,red_cards,position,team_title,npg,npxG,xGChain,xGBuildup,season
1621,Marcos Alonso,31,2696,6,4.146677130833268,3,3.147042380645871,46,24,2,0,M S,Chelsea,6,4.146677130833268,13.073829955421388,8.17481913883239,2016
1621,Marcos Alonso,33,2869,7,4.369033144786954,2,3.0571554824709892,65,34,6,0,D M,Chelsea,7,4.369033144786954,12.986704990267754,8.145296204835176,2017
1621,Marcos Alonso,31,2764,2,3.5618369206786156,4,3.9215964442119002,45,32,6,0,D,Chelsea,2,3.5618369206786156,13.036237198859453,9.476835289038718,2018
1621,Marcos Alonso,18,1436,4,2.546826492063701,2,2.9914877098053694,30,25,4,0,D S,Chelsea,4,2.546826492063701,10.606774896383286,7.111685037612915,2019
1621,Marcos Alonso,13,962,2,1.824077844619751,0,1.7216993737965822,22,15,2,0,D S,Chelsea,2,1.824077844619751,4.6433930564671755,2.5364248510450125,2020
1621,Marcos Alonso,28,2185,4,3.4942625891417265,4,5.0429354179650545,43,44,8,0,D M S,Chelsea,4,3.4942625891417265,13.581614147871733,9.749312525615096,2021
