id,player_name,games,time,goals,xG,assists,xA,shots,key_passes,yellow_cards,red_cards,position,team_title,npg,npxG,xGChain,xGBuildup,season
8204,Neco Williams,6,235,0,0.2335283998399973,0,0.04667229950428009,7,2,1,0,D S,Liverpool,0,0.2335283998399973,0.9303025230765343,0.7279275804758072,2019
8204,Neco Williams,6,252,0,0.08622520044445992,0,0.1933984011411667,2,3,1,0,D S,Liverpool,0,0.08622520044445992,1.074642103165388,0.795018196105957,2020
8204,Neco Williams,1,6,0,0,1,0.5961819887161255,0,1,0,0,S,Liverpool,0,0,0.5961819887161255,0.5961819887161255,2021
8204,Neco Williams,31,1860,1,1.469770667143166,0,1.4695117715746164,25,15,7,0,D M S,Nottingham Forest,1,1.469770667143166,4.353955543600023,2.086893640458584,2022
8204,Neco Williams,26,1622,0,0.9342501480132341,1,1.1115016266703606,15,11,4,0,D M S,Nottingham Forest,0,0.9342501480132341,4.656272342428565,3.0113450456410646,2023
8204,Neco Williams,20,1229,0,1.6854331623762846,1,0.5244779027998447,19,7,4,0,D S,Nottingham Forest,0,1.6854331623762846,4.3655006885528564,2.428581103682518,2024
8204,Neco Williams,20,1229,0,1.6854331623762846,1,0.5244779027998447,19,7,4,0,D S,Nottingham Forest,0,1.6854331623762846,4.3655006885528564,2.428581103682518,2025
