id,player_name,games,time,goals,xG,assists,xA,shots,key_passes,yellow_cards,red_cards,position,team_title,npg,npxG,xGChain,xGBuildup,season
491,Petr Cech,7,607,0,0,0,0,0,0,0,0,GK S,Chelsea,0,0,0.7863960172981024,0.7863960172981024,2014
491,Petr Cech,34,3060,0,0,0,0.04670749977231026,0,1,0,0,GK,Arsenal,0,0,4.273002568632364,4.226295571774244,2015
491,Petr Cech,35,3097,0,0,0,0,0,0,2,0,GK,Arsenal,0,0,5.055632218718529,5.055632218718529,2016
491,Petr Cech,34,3042,0,0,0,0,0,0,1,0,GK,Arsenal,0,0,3.3781968764960766,3.3781968764960766,2017
491,Petr Cech,7,587,0,0,0,0,0,0,0,0,GK,Arsenal,0,0,0.5335072968155146,0.5335072968155146,2018
