id,player_name,games,time,goals,xG,assists,xA,shots,key_passes,yellow_cards,red_cards,position,team_title,npg,npxG,xGChain,xGBuildup,season
9630,Kamaldeen Sulemana,18,950,2,1.679018633440137,1,1.4270181329920888,25,14,1,0,F M S,Southampton,2,1.679018633440137,3.4539370611310005,0.6344611132517457,2022
9630,Kamaldeen Sulemana,11,258,0,0.421648558229208,0,0.017778225243091583,6,1,0,0,F S,Southampton,0,0.421648558229208,0.48932790383696556,0.049901120364665985,2024
9630,Kamaldeen Sulemana,11,258,0,0.421648558229208,0,0.017778225243091583,6,1,0,0,F S,Southampton,0,0.421648558229208,0.48932790383696556,0.049901120364665985,2025
