id,player_name,games,time,goals,xG,assists,xA,shots,key_passes,yellow_cards,red_cards,position,team_title,npg,npxG,xGChain,xGBuildup,season
12746,Luke Woolfenden,9,729,0,0.0580514557659626,0,0,1,0,2,0,D S,Ipswich,0,0.0580514557659626,0.7531726500019431,0.7531726500019431,2024
12746,Luke Woolfenden,9,729,0,0.0580514557659626,0,0,1,0,2,0,D S,Ipswich,0,0.0580514557659626,0.7531726500019431,0.7531726500019431,2025
