id,player_name,games,time,goals,xG,assists,xA,shots,key_passes,yellow_cards,red_cards,position,team_title,npg,npxG,xGChain,xGBuildup,season
11297,Carlos Alcaraz,18,1050,4,1.9036163073033094,2,0.8085567876696587,24,5,3,0,F M S,Southampton,4,1.9036163073033094,3.896246693097055,1.4693974861875176,2022
11297,Carlos Alcaraz,1,5,0,0.039343107491731644,0,0.05025682970881462,1,1,0,0,S,Southampton,0,0.039343107491731644,0.07209058851003647,0.032747477293014526,2024
11297,Carlos Alcaraz,1,5,0,0.039343107491731644,0,0.05025682970881462,1,1,0,0,S,Southampton,0,0.039343107491731644,0.07209058851003647,0.032747477293014526,2025
