id,player_name,games,time,goals,xG,assists,xA,shots,key_passes,yellow_cards,red_cards,position,team_title,npg,npxG,xGChain,xGBuildup,season
10697,Ryan Gravenberch,26,1116,1,1.7132481131702662,0,1.0920489802956581,23,15,0,0,M S,Liverpool,1,1.7132481131702662,7.440316876396537,5.028185680508614,2023
10697,Ryan Gravenberch,22,1914,0,1.0753120696172118,2,2.102084388025105,12,19,4,0,M,Liverpool,0,1.0753120696172118,13.278015680611134,11.646318171173334,2024
10697,Ryan Gravenberch,22,1914,0,1.0753120696172118,2,2.102084388025105,12,19,4,0,M,Liverpool,0,1.0753120696172118,13.278015680611134,11.646318171173334,2025
