id,player_name,games,time,goals,xG,assists,xA,shots,key_passes,yellow_cards,red_cards,position,team_title,npg,npxG,xGChain,xGBuildup,season
595,Kevin Mirallas,29,1430,7,4.7185029946267605,1,1.5895474329590797,52,18,3,0,F M S,Everton,7,3.957334976643324,6.504366390407085,2.281448196619749,2014
595,Kevin Mirallas,23,985,4,3.3397473292425275,2,1.8302945913746953,41,18,0,2,F M S,Everton,4,3.3397473292425275,5.200869668275118,1.2741522025316954,2015
595,Kevin Mirallas,35,2100,4,3.547299104742706,6,3.7305216286331415,61,43,2,0,F M S,Everton,4,3.547299104742706,9.559379119426012,4.92700163833797,2016
595,Kevin Mirallas,5,140,0,0.18825049698352814,0,0.05874820053577423,4,1,1,0,F M S,Everton,0,0.18825049698352814,0.2917959988117218,0.044797301292419434,2017
