id,player_name,games,time,goals,xG,assists,xA,shots,key_passes,yellow_cards,red_cards,position,team_title,npg,npxG,xGChain,xGBuildup,season
504,Aaron Ramsey,29,2013,6,6.636921921744943,6,5.299689516425133,63,47,6,0,M S,Arsenal,6,6.636921921744943,16.720761343836784,8.166224587708712,2014
504,Aaron Ramsey,31,2624,5,8.614322556182742,4,4.046241706237197,69,37,4,0,M S,Arsenal,5,8.614322556182742,23.282566286623478,14.17644389718771,2015
504,Aaron Ramsey,23,1212,1,3.50575712043792,4,4.432390306144953,42,23,3,0,M S,Arsenal,1,3.50575712043792,11.132133066654205,5.294310482218862,2016
504,Aaron Ramsey,24,1849,7,6.840765129774809,8,5.922476544976234,56,28,0,0,M S,Arsenal,7,6.840765129774809,19.13114408403635,11.193596303462982,2017
504,Aaron Ramsey,28,1326,4,3.7076626317575574,6,2.3036546036601067,33,25,0,0,M S,Arsenal,4,3.7076626317575574,8.951481003314257,3.683660376816988,2018
