id,player_name,games,time,goals,xG,assists,xA,shots,key_passes,yellow_cards,red_cards,position,team_title,npg,npxG,xGChain,xGBuildup,season
1744,Michael Dawson,28,2436,1,0.8768640607595444,0,0.31183229573071003,15,6,7,0,D,Hull,1,0.8768640607595444,3.0351868914440274,2.965152781456709,2014
1744,Michael Dawson,22,1718,3,0.6878849286586046,0,0.2418445022776723,12,4,4,0,D S,Hull,3,0.6878849286586046,1.7646634876728058,1.6883539892733097,2016
