id,player_name,games,time,goals,xG,assists,xA,shots,key_passes,yellow_cards,red_cards,position,team_title,npg,npxG,xGChain,xGBuildup,season
811,Saido Berahino,38,2940,14,13.841749838553369,1,1.961659412831068,86,28,2,0,F M S,West Bromwich Albion,10,10.797112329863012,11.907299553975463,2.4395549008622766,2014
811,Saido Berahino,31,1727,4,7.118001105263829,0,1.0141102001070976,35,18,0,0,F M S,West Bromwich Albion,4,5.595701085403562,7.9605226730927825,2.1189317824319005,2015
811,Saido Berahino,17,974,0,2.9080232679843903,0,0.5703176073729992,19,5,1,0,F S,"Stoke,West Bromwich Albion",0,2.9080232679843903,3.663294307887554,1.1599448900669813,2016
811,Saido Berahino,15,467,0,1.7449104208499193,1,0.3682931009680033,10,3,0,0,F S,Stoke,0,0.9837414044886827,1.4504588041454554,0.09842360019683838,2017
