id,player_name,games,time,goals,xG,assists,xA,shots,key_passes,yellow_cards,red_cards,position,team_title,npg,npxG,xGChain,xGBuildup,season
6047,Shane Duffy,37,3296,0,2.228687004186213,1,1.2224080273881555,28,8,8,0,D,Brighton,0,2.228687004186213,2.855841301381588,2.8018679013475776,2017
6047,Shane Duffy,35,3087,5,3.3823372572660446,1,0.26591139659285545,37,7,4,1,D,Brighton,5,3.3823372572660446,3.0718247266486287,2.7144499104470015,2018
6047,Shane Duffy,19,1226,1,1.2561100292950869,0,0.13407669961452484,7,2,2,0,D S,Brighton,1,1.2561100292950869,2.0523226000368595,1.9144121892750263,2019
6047,Shane Duffy,18,1432,1,0.9077040944248438,0,0.10300940088927746,22,4,7,0,D S,Brighton,1,0.9077040944248438,3.5175382625311613,3.4393277764320374,2021
6047,Shane Duffy,5,16,0,0.022374259307980537,0,0,1,0,0,0,S,Fulham,0,0.022374259307980537,0,0,2022
