id,player_name,games,time,goals,xG,assists,xA,shots,key_passes,yellow_cards,red_cards,position,team_title,npg,npxG,xGChain,xGBuildup,season
8393,Omar Marmoush,1,76,0,0.11796007305383682,0,0.1814546138048172,2,1,0,0,F,Manchester City,0,0.11796007305383682,0.40495601296424866,0.3531023859977722,2024
8393,Omar Marmoush,1,76,0,0.11796007305383682,0,0.1814546138048172,2,1,0,0,F,Manchester City,0,0.11796007305383682,0.40495601296424866,0.3531023859977722,2025
