id,player_name,games,time,goals,xG,assists,xA,shots,key_passes,yellow_cards,red_cards,position,team_title,npg,npxG,xGChain,xGBuildup,season
974,Yohan Benalouane,4,56,0,0,0,0,0,0,1,0,S,Leicester,0,0,0.025469999760389328,0.025469999760389328,2015
974,Yohan Benalouane,11,925,0,0.3551678005605936,0,0.06503750011324883,4,2,4,0,D,Leicester,0,0.3551678005605936,0.28692060336470604,0.1651584953069687,2016
974,Yohan Benalouane,1,90,0,0.014139300212264061,0,0,1,0,0,0,D,Leicester,0,0.014139300212264061,0.048524800688028336,0.034385498613119125,2017
