id,player_name,games,time,goals,xG,assists,xA,shots,key_passes,yellow_cards,red_cards,position,team_title,npg,npxG,xGChain,xGBuildup,season
7931,Takehiro Tomiyasu,21,1688,0,0.3872380005195737,1,0.9992056842893362,11,12,2,0,D S,Arsenal,0,0.3872380005195737,8.340697228908539,7.47922095656395,2021
7931,Takehiro Tomiyasu,21,632,0,0.14463460259139538,1,0.6008766107261181,3,4,2,0,D S,Arsenal,0,0.14463460259139538,2.2925584986805916,2.1198897063732147,2022
7931,Takehiro Tomiyasu,22,1106,2,1.6189159248024225,1,0.5923872366547585,17,6,0,1,D S,Arsenal,2,1.6189159248024225,3.8184002935886383,3.4134652838110924,2023
7931,Takehiro Tomiyasu,1,3,0,0.16684184968471527,0,0,1,0,0,0,S,Arsenal,0,0.16684184968471527,0,0,2024
7931,Takehiro Tomiyasu,1,3,0,0.16684184968471527,0,0,1,0,0,0,S,Arsenal,0,0.16684184968471527,0,0,2025
