id,player_name,games,time,goals,xG,assists,xA,shots,key_passes,yellow_cards,red_cards,position,team_title,npg,npxG,xGChain,xGBuildup,season
539,Enner Valencia,32,2119,4,6.480698708444834,3,2.593669313006103,72,18,2,0,F M S,West Ham,4,6.480698708444834,8.838937357068062,2.8980731437914073,2014
539,Enner Valencia,19,1014,4,4.249641552567482,2,1.475322525948286,34,12,1,0,F M S,West Ham,4,4.249641552567482,5.659652873873711,0.6797333937138319,2015
539,Enner Valencia,24,907,3,4.101015366613865,1,0.8733555935323238,31,7,1,0,F M S,"Everton,West Ham",3,4.101015366613865,5.446974772959948,1.1479168012738228,2016
