id,player_name,games,time,goals,xG,assists,xA,shots,key_passes,yellow_cards,red_cards,position,team_title,npg,npxG,xGChain,xGBuildup,season
11356,Enzo Fernández,18,1559,0,0.6178922252729535,2,2.1305470690131187,20,20,3,0,M,Chelsea,0,0.6178922252729535,8.81558745726943,7.622973386198282,2022
11356,Enzo Fernández,28,2237,3,6.147583088837564,2,3.5588307976722717,47,32,7,0,M S,Chelsea,2,4.62524542491883,18.34273999929428,12.553447233512998,2023
11356,Enzo Fernández,21,1592,3,2.175320141017437,4,4.478627737611532,25,42,3,0,M S,Chelsea,3,2.175320141017437,10.274197947233915,5.8829401563853025,2024
11356,Enzo Fernández,21,1592,3,2.175320141017437,4,4.478627737611532,25,42,3,0,M S,Chelsea,3,2.175320141017437,10.274197947233915,5.8829401563853025,2025
