id,player_name,games,time,goals,xG,assists,xA,shots,key_passes,yellow_cards,red_cards,position,team_title,npg,npxG,xGChain,xGBuildup,season
621,Aleksandar Kolarov,21,1483,2,1.0622944999486208,3,1.7350498177111149,27,23,4,0,D S,Manchester City,2,1.0622944999486208,6.37588469684124,5.423418182879686,2014
621,Aleksandar Kolarov,29,2282,3,2.389820823445916,3,2.884808447211981,39,38,3,0,D S,Manchester City,3,1.6286518070846796,8.196380902081728,6.378136694431305,2015
621,Aleksandar Kolarov,29,2532,1,1.0232505835592747,1,1.0573674039915204,32,15,6,0,D S,Manchester City,1,1.0232505835592747,13.291690073907375,12.658333454281092,2016
