id,player_name,games,time,goals,xG,assists,xA,shots,key_passes,yellow_cards,red_cards,position,team_title,npg,npxG,xGChain,xGBuildup,season
924,Steven Pienaar,9,309,0,0.3001886047422886,2,0.32966540195047855,5,5,1,0,M S,Everton,0,0.3001886047422886,0.934076689183712,0.5224290005862713,2014
924,Steven Pienaar,4,115,0,0.07480040192604065,0,0.05050420016050339,2,1,0,0,S,Everton,0,0.07480040192604065,0.26565900444984436,0.14035500586032867,2015
924,Steven Pienaar,15,815,0,0.7518728971481323,0,0.16578109748661518,4,7,5,1,F M S,Sunderland,0,0.7518728971481323,2.165744688361883,1.4212065935134888,2016
