id,player_name,games,time,goals,xG,assists,xA,shots,key_passes,yellow_cards,red_cards,position,team_title,npg,npxG,xGChain,xGBuildup,season
10864,Marcos Senesi,31,2508,2,2.0692426282912493,0,0.5055976919829845,8,5,7,0,D S,Bournemouth,2,2.0692426282912493,4.307535422034562,3.9094908265396953,2022
10864,Marcos Senesi,31,2253,4,2.3658602572977543,5,1.8848512191325426,13,22,13,0,D S,Bournemouth,4,2.3658602572977543,8.664394936524332,7.699831395410001,2023
10864,Marcos Senesi,11,937,0,0.6097416877746582,0,0.23828684724867344,1,5,4,0,D,Bournemouth,0,0.6097416877746582,3.306394062936306,3.1264617443084717,2024
10864,Marcos Senesi,11,937,0,0.6097416877746582,0,0.23828684724867344,1,5,4,0,D,Bournemouth,0,0.6097416877746582,3.306394062936306,3.1264617443084717,2025
