id,player_name,games,time,goals,xG,assists,xA,shots,key_passes,yellow_cards,red_cards,position,team_title,npg,npxG,xGChain,xGBuildup,season
5065,Diego Rico,12,600,0,0.18088920414447784,0,1.2170702759176493,9,11,1,0,D S,Bournemouth,0,0.18088920414447784,1.2552982969209552,0.6581917908042669,2018
5065,Diego Rico,27,2346,0,0.33659479580819607,4,2.5829767948016524,11,31,6,0,D,Bournemouth,0,0.33659479580819607,4.199678809382021,3.4121973905712366,2019
