id,player_name,games,time,goals,xG,assists,xA,shots,key_passes,yellow_cards,red_cards,position,team_title,npg,npxG,xGChain,xGBuildup,season
154,André Schürrle,14,428,3,3.2491424027830362,0,0.5976689020171762,21,6,2,0,M S,Chelsea,3,3.2491424027830362,4.820195187814534,1.4035241901874542,2014
154,André Schürrle,24,1670,6,3.3227698132395744,0,1.9269961081445217,55,21,2,0,F M S,Fulham,6,3.3227698132395744,5.964587397873402,1.6823585079982877,2018
