id,player_name,games,time,goals,xG,assists,xA,shots,key_passes,yellow_cards,red_cards,position,team_title,npg,npxG,xGChain,xGBuildup,season
6032,Chris Löwe,23,1598,0,0.3496684031561017,0,0.37333619222044945,8,5,1,0,D S,Huddersfield,0,0.3496684031561017,3.3013211749494076,3.0629305839538574,2017
6032,Chris Löwe,29,2052,0,0.4915374033153057,2,1.783748209476471,18,20,2,0,D M S,Huddersfield,0,0.4915374033153057,3.1015720162540674,1.5972749777138233,2018
