id,player_name,games,time,goals,xG,assists,xA,shots,key_passes,yellow_cards,red_cards,position,team_title,npg,npxG,xGChain,xGBuildup,season
9752,Jesper Lindstrom,18,809,0,1.4737283680588007,0,2.627346131950617,25,16,1,0,M S,Everton,0,1.4737283680588007,3.7622467521578074,2.095916986465454,2024
9752,Jesper Lindstrom,18,809,0,1.4737283680588007,0,2.627346131950617,25,16,1,0,M S,Everton,0,1.4737283680588007,3.7622467521578074,2.095916986465454,2025
