id,player_name,games,time,goals,xG,assists,xA,shots,key_passes,yellow_cards,red_cards,position,team_title,npg,npxG,xGChain,xGBuildup,season
637,Hugo Lloris,35,3063,0,0,0,0,0,0,0,0,GK,Tottenham,0,0,3.1405903473496437,3.1405903473496437,2014
637,Hugo Lloris,37,3330,0,0,0,0.023719999939203262,0,1,0,0,GK,Tottenham,0,0,4.43877761438489,4.415057618170977,2015
637,Hugo Lloris,34,3004,0,0,0,0.04464470036327839,0,2,0,0,GK,Tottenham,0,0,4.160326458513737,4.11568146198988,2016
637,Hugo Lloris,36,3240,0,0,0,0,0,0,1,0,GK,Tottenham,0,0,5.4442362347617745,5.4442362347617745,2017
637,Hugo Lloris,33,2970,0,0,0,0,0,0,0,0,GK,Tottenham,0,0,3.588096484541893,3.588096484541893,2018
637,Hugo Lloris,21,1808,0,0,0,0,0,0,0,0,GK,Tottenham,0,0,0.612897090613842,0.612897090613842,2019
637,Hugo Lloris,38,3420,0,0,0,0,0,0,0,0,GK,Tottenham,0,0,4.801014944911003,4.801014944911003,2020
637,Hugo Lloris,38,3420,0,0,0,0.20632450468838215,0,2,2,0,GK,Tottenham,0,0,5.441953940317035,5.235629942268133,2021
637,Hugo Lloris,25,2208,0,0,0,0,0,0,0,0,GK,Tottenham,0,0,4.2372625302523375,4.2372625302523375,2022
