id,player_name,games,time,goals,xG,assists,xA,shots,key_passes,yellow_cards,red_cards,position,team_title,npg,npxG,xGChain,xGBuildup,season
7384,Chris Mepham,13,850,0,0.05043789744377136,1,0.6852380037307739,2,2,1,0,D S,Bournemouth,0,0.05043789744377136,0.9597990727052093,0.9470226727426052,2018
7384,Chris Mepham,12,909,1,1.0533044748008251,0,0.07673639804124832,7,1,1,0,D S,Bournemouth,1,1.0533044748008251,0.943722490221262,0.7480954900383949,2019
7384,Chris Mepham,26,2197,0,0.5010207425802946,0,0.2000297037884593,8,4,7,0,D S,Bournemouth,0,0.5010207425802946,1.9172365125268698,1.744029906578362,2022
7384,Chris Mepham,10,610,0,0.0895473062992096,1,0.474224217236042,1,3,2,0,D S,Bournemouth,0,0.0895473062992096,1.9734333753585815,1.9348021671175957,2023
