id,player_name,games,time,goals,xG,assists,xA,shots,key_passes,yellow_cards,red_cards,position,team_title,npg,npxG,xGChain,xGBuildup,season
6891,Ryan Fredericks,15,1077,1,0.5344902947545052,0,0.5129355993121862,5,3,5,0,D S,West Ham,1,0.5344902947545052,2.334495410323143,1.6814142018556595,2018
6891,Ryan Fredericks,27,2236,0,0.12722989730536938,3,2.988231831230223,3,22,7,0,D S,West Ham,0,0.12722989730536938,6.535198969766498,5.4428460747003555,2019
6891,Ryan Fredericks,14,563,1,0.21433740481734276,1,1.298734413459897,4,12,2,0,D M S,West Ham,1,0.21433740481734276,1.0619318224489689,0.308016499504447,2020
6891,Ryan Fredericks,7,296,0,0,0,0.11661290377378464,0,2,1,0,D S,West Ham,0,0,0.604052297770977,0.550477996468544,2021
6891,Ryan Fredericks,12,524,0,0,0,0.09908570349216461,0,1,1,0,D S,Bournemouth,0,0,0.6325642876327038,0.5334782861173153,2022
