id,player_name,games,time,goals,xG,assists,xA,shots,key_passes,yellow_cards,red_cards,position,team_title,npg,npxG,xGChain,xGBuildup,season
7708,John Lundstram,34,2448,5,5.921481820754707,3,3.8296410171315074,44,21,5,0,M S,Sheffield United,5,5.921481820754707,12.008115600794554,5.026100870221853,2019
7708,John Lundstram,28,2034,0,1.8757737139239907,2,1.4599017314612865,20,20,8,1,M S,Sheffield United,0,1.1146046975627542,7.169210961088538,5.258821907453239,2020
