id,player_name,games,time,goals,xG,assists,xA,shots,key_passes,yellow_cards,red_cards,position,team_title,npg,npxG,xGChain,xGBuildup,season
886,Ryan Shawcross,32,2831,2,2.276102486997843,1,1.2505308613181114,19,14,7,0,D,Stoke,2,2.276102486997843,3.206402361392975,2.3665932286530733,2014
886,Ryan Shawcross,20,1698,0,0.7236680183559656,0,0.03869260102510452,8,1,2,1,D,Stoke,0,0.7236680183559656,1.7998740803450346,1.7998740803450346,2015
886,Ryan Shawcross,35,3150,1,1.2419532062485814,1,0.2228154968470335,20,5,6,0,D,Stoke,1,1.2419532062485814,3.5476493537425995,3.4264743514358997,2016
886,Ryan Shawcross,27,2371,1,2.781674879603088,1,0.2153262048959732,24,2,2,0,D,Stoke,1,2.781674879603088,3.6887850426137447,2.02209516428411,2017
