id,player_name,games,time,goals,xG,assists,xA,shots,key_passes,yellow_cards,red_cards,position,team_title,npg,npxG,xGChain,xGBuildup,season
7280,Yan Valery,23,1714,2,0.7205072194337845,1,0.2549123987555504,6,6,3,1,D M S,Southampton,2,0.7205072194337845,2.8991659097373486,1.940354097634554,2018
7280,Yan Valery,11,796,0,0.2561568021774292,0,1.1431159973144531,3,2,1,0,D S,Southampton,0,0.2561568021774292,3.589542504400015,2.7539024017751217,2019
7280,Yan Valery,3,95,0,0.2929132953286171,0,0.09160999953746796,2,1,0,0,D S,Southampton,0,0.2929132953286171,0.4703279882669449,0.17741400003433228,2020
7280,Yan Valery,5,368,0,0.025073199532926083,0,0.25505098700523376,2,1,0,0,D S,Southampton,0,0.025073199532926083,1.1389364823698997,1.1138634905219078,2021
7280,Yan Valery,1,48,0,0,0,0,0,0,0,0,D,Southampton,0,0,0,0,2022
