id,player_name,games,time,goals,xG,assists,xA,shots,key_passes,yellow_cards,red_cards,position,team_title,npg,npxG,xGChain,xGBuildup,season
12763,Nathan Wood,8,581,0,0.29378557205200195,0,0.021479303017258644,2,1,2,0,D S,Southampton,0,0.29378557205200195,2.343526244163513,2.3220469430088997,2024
12763,Nathan Wood,8,581,0,0.29378557205200195,0,0.021479303017258644,2,1,2,0,D S,Southampton,0,0.29378557205200195,2.343526244163513,2.3220469430088997,2025
