id,player_name,games,time,goals,xG,assists,xA,shots,key_passes,yellow_cards,red_cards,position,team_title,npg,npxG,xGChain,xGBuildup,season
7230,Emile Smith-Rowe,2,96,0,0,0,0,0,0,0,0,M S,Arsenal,0,0,0,0,2019
7230,Emile Smith-Rowe,20,1456,2,1.592160290107131,4,3.622620165348053,13,27,0,0,M S,Arsenal,2,1.592160290107131,9.538249481469393,5.6345065496861935,2020
7230,Emile Smith-Rowe,33,1928,10,5.36384779214859,2,3.033005226403475,40,30,1,0,F M S,Arsenal,10,5.36384779214859,10.874114144593477,4.788454380817711,2021
7230,Emile Smith-Rowe,12,132,0,0.3294837065041065,2,1.042964968830347,4,6,0,0,S,Arsenal,0,0.3294837065041065,0.7678957134485245,0.1702418066561222,2022
7230,Emile Smith-Rowe,13,325,0,1.5201803892850876,1,0.24036412686109543,15,4,0,0,M S,Arsenal,0,1.5201803892850876,3.7657799795269966,2.0563183277845383,2023
7230,Emile Smith-Rowe,21,1407,4,4.104198083281517,2,1.6679066121578217,24,18,1,0,M S,Fulham,4,4.104198083281517,9.294719714671373,4.701884653419256,2024
7230,Emile Smith-Rowe,21,1407,4,4.104198083281517,2,1.6679066121578217,24,18,1,0,M S,Fulham,4,4.104198083281517,9.294719714671373,4.701884653419256,2025
