id,player_name,games,time,goals,xG,assists,xA,shots,key_passes,yellow_cards,red_cards,position,team_title,npg,npxG,xGChain,xGBuildup,season
700,Willian,36,2439,2,4.227030659094453,3,5.783547852188349,55,49,3,0,M S,Chelsea,2,4.227030659094453,17.246698135510087,9.933883149176836,2014
700,Willian,35,2766,5,4.4275352749973536,6,7.687523938715458,60,81,5,0,M S,Chelsea,5,4.4275352749973536,13.175751600414515,6.5942362844944,2015
700,Willian,34,1509,8,3.7568806800991297,2,3.064136871136725,44,51,3,0,F M S,Chelsea,8,3.7568806800991297,9.140880485996604,4.566343002021313,2016
700,Willian,36,1872,6,5.983236160129309,7,6.1695123594254255,54,62,1,0,F M S,Chelsea,5,5.222104173153639,12.889184974133968,5.100901506841183,2017
700,Willian,32,2123,3,4.348796479403973,6,6.518495114520192,62,79,2,0,F S,Chelsea,3,4.348796479403973,12.7447675364092,6.436568344943225,2018
700,Willian,36,2609,9,8.1353350430727,7,8.679425723850727,71,76,4,0,F M S,Chelsea,5,5.09066017717123,18.409351848065853,10.227615585550666,2019
700,Willian,25,1413,1,1.8349484112113714,5,3.591709390282631,20,32,0,0,F M S,Arsenal,1,1.8349484112113714,7.110169928520918,3.815574500709772,2020
700,Willian,27,2174,5,3.383236724883318,5,5.042201226577163,41,51,2,0,M S,Fulham,5,3.383236724883318,9.590186490677297,3.7871379032731056,2022
700,Willian,31,2080,4,5.017656198702753,2,4.14518438372761,45,45,1,0,F M S,Fulham,2,3.495318523608148,13.592191327363253,9.297335214912891,2023
