id,player_name,games,time,goals,xG,assists,xA,shots,key_passes,yellow_cards,red_cards,position,team_title,npg,npxG,xGChain,xGBuildup,season
7063,Bernard,34,2146,1,2.6929494235664606,3,3.2409915225580335,23,41,5,0,M S,Everton,1,2.6929494235664606,9.933074563741684,4.96146141551435,2018
7063,Bernard,27,1267,3,1.697566106915474,2,2.3037208076566458,12,24,2,0,M S,Everton,3,1.697566106915474,6.573720674961805,3.0494453702121973,2019
7063,Bernard,12,438,1,0.19363570399582386,0,0.5254478920251131,6,10,2,0,F M S,Everton,1,0.19363570399582386,1.2825448121875525,0.7026601061224937,2020
