id,player_name,games,time,goals,xG,assists,xA,shots,key_passes,yellow_cards,red_cards,position,team_title,npg,npxG,xGChain,xGBuildup,season
791,Alexander Tettey,23,1956,2,0.6745796985924244,0,0.10933634173125029,20,5,10,0,M,Norwich,2,0.6745796985924244,3.9621738800778985,3.3664298839867115,2015
791,Alexander Tettey,30,2372,1,0.6770779136568308,1,0.4899775143712759,23,5,5,0,D M S,Norwich,1,0.6770779136568308,5.790715465322137,5.039047980681062,2019
