id,player_name,games,time,goals,xG,assists,xA,shots,key_passes,yellow_cards,red_cards,position,team_title,npg,npxG,xGChain,xGBuildup,season
1297,Neto,27,2390,0,0,0,0,0,0,4,0,GK,Bournemouth,0,0,1.7215663269162178,1.7215663269162178,2022
1297,Neto,32,2880,0,0,0,0,0,0,5,0,GK,Bournemouth,0,0,4.502189245074987,4.502189245074987,2023
1297,Neto,2,180,0,0,0,0,0,0,0,0,GK,Bournemouth,0,0,0.4283316135406494,0.4283316135406494,2024
1297,Neto,2,180,0,0,0,0,0,0,0,0,GK,Bournemouth,0,0,0.4283316135406494,0.4283316135406494,2025
