id,player_name,games,time,goals,xG,assists,xA,shots,key_passes,yellow_cards,red_cards,position,team_title,npg,npxG,xGChain,xGBuildup,season
2182,Jefferson Lerma,30,2527,2,1.0858129085972905,0,1.0097842952236533,31,15,12,0,M S,Bournemouth,2,1.0858129085972905,7.81013931427151,6.831547275185585,2018
2182,Jefferson Lerma,33,2724,1,0.8153309905901551,2,1.5313026988878846,30,11,11,1,M S,Bournemouth,1,0.8153309905901551,8.758196957409382,8.174159379675984,2019
2182,Jefferson Lerma,37,3263,5,3.1550366831943393,0,2.628147560171783,35,18,7,0,D M,Bournemouth,5,3.1550366831943393,7.719455648213625,5.278287973254919,2022
2182,Jefferson Lerma,28,2413,1,2.384976907633245,1,2.4383071903139353,34,24,8,0,D M S,Crystal Palace,1,2.384976907633245,8.658741846680641,5.520685154944658,2023
2182,Jefferson Lerma,18,1195,0,0.5759706180542707,0,0.8002527095377445,18,5,4,0,D M S,Crystal Palace,0,0.5759706180542707,5.548389852512628,5.165984020102769,2024
2182,Jefferson Lerma,18,1195,0,0.5759706180542707,0,0.8002527095377445,18,5,4,0,D M S,Crystal Palace,0,0.5759706180542707,5.548389852512628,5.165984020102769,2025
