id,player_name,games,time,goals,xG,assists,xA,shots,key_passes,yellow_cards,red_cards,position,team_title,npg,npxG,xGChain,xGBuildup,season
5681,Giovani Lo Celso,28,1477,0,1.3795271199196577,2,1.7072914326563478,18,29,6,0,M S,Tottenham,0,1.3795271199196577,7.932053193449974,5.939793787896633,2019
5681,Giovani Lo Celso,18,955,1,1.5252610966563225,1,1.1966528072953224,15,15,5,0,M S,Tottenham,1,1.5252610966563225,5.273319855332375,3.312730461359024,2020
5681,Giovani Lo Celso,9,223,0,0.7339944131672382,0,1.0649308785796165,9,5,0,0,M S,Tottenham,0,0.7339944131672382,1.4450752884149551,0.7877816185355186,2021
5681,Giovani Lo Celso,22,466,2,0.4979793429374695,2,1.6030264683067799,13,17,2,0,M S,Tottenham,2,0.4979793429374695,3.47848142310977,2.747926991432905,2023
