id,player_name,games,time,goals,xG,assists,xA,shots,key_passes,yellow_cards,red_cards,position,team_title,npg,npxG,xGChain,xGBuildup,season
8016,Matthew Longstaff,9,564,2,0.6965182982385159,0,0.18956118542701006,4,3,1,0,M S,Newcastle United,2,0.6965182982385159,1.1064835712313652,0.2506944965571165,2019
8016,Matthew Longstaff,5,376,0,0,0,0.31370800361037254,0,2,0,0,M S,Newcastle United,0,0,0.42248451337218285,0.10877619683742523,2020
