id,player_name,games,time,goals,xG,assists,xA,shots,key_passes,yellow_cards,red_cards,position,team_title,npg,npxG,xGChain,xGBuildup,season
12358,Oliver Scarles,5,72,0,0,0,0.06383352726697922,0,1,0,0,S,West Ham,0,0,0.1242080107331276,0.060374483466148376,2024
12358,Oliver Scarles,5,72,0,0,0,0.06383352726697922,0,1,0,0,S,West Ham,0,0,0.1242080107331276,0.060374483466148376,2025
