id,player_name,games,time,goals,xG,assists,xA,shots,key_passes,yellow_cards,red_cards,position,team_title,npg,npxG,xGChain,xGBuildup,season
829,Marvin Emnes,17,488,0,0.8800223087891936,0,0.7972883991897106,13,5,2,0,M S,Swansea,0,0.8800223087891936,1.8270478919148445,0.6900001950562,2014
829,Marvin Emnes,2,66,0,0.024468600749969482,0,0,1,0,0,0,F S,Swansea,0,0.024468600749969482,0.024468600749969482,0,2015
