id,player_name,games,time,goals,xG,assists,xA,shots,key_passes,yellow_cards,red_cards,position,team_title,npg,npxG,xGChain,xGBuildup,season
6145,Daichi Kamada,19,869,0,0.6521792039275169,0,0.8606481198221445,13,13,2,1,M S,Crystal Palace,0,0.6521792039275169,4.216855371370912,3.1808293042704463,2024
6145,Daichi Kamada,19,869,0,0.6521792039275169,0,0.8606481198221445,13,13,2,1,M S,Crystal Palace,0,0.6521792039275169,4.216855371370912,3.1808293042704463,2025
