id,player_name,games,time,goals,xG,assists,xA,shots,key_passes,yellow_cards,red_cards,position,team_title,npg,npxG,xGChain,xGBuildup,season
7693,Kenny McLean,37,2955,1,1.2136972770094872,1,2.622597675770521,30,24,5,0,M S,Norwich,1,1.2136972770094872,8.084727596491575,6.269313354045153,2019
7693,Kenny McLean,31,2710,1,1.9170859884470701,0,1.0888230931013823,33,10,3,0,M S,Norwich,1,1.9170859884470701,5.813929988071322,3.868613997474313,2021
