id,player_name,games,time,goals,xG,assists,xA,shots,key_passes,yellow_cards,red_cards,position,team_title,npg,npxG,xGChain,xGBuildup,season
476,Kolo Touré,12,708,0,0.01947999931871891,0,0.1440020054578781,1,1,0,0,D S,Liverpool,0,0.01947999931871891,0.8870615046471357,0.8870615046471357,2014
476,Kolo Touré,14,865,1,0.24255899712443352,0,0.01874930039048195,4,1,1,0,D S,Liverpool,1,0.24255899712443352,2.5082754008471966,2.437144998461008,2015
