id,player_name,games,time,goals,xG,assists,xA,shots,key_passes,yellow_cards,red_cards,position,team_title,npg,npxG,xGChain,xGBuildup,season
8127,Amad Diallo Traore,3,172,0,0.03589779883623123,1,0.42318059131503105,1,2,0,0,M S,Manchester United,0,0.03589779883623123,0.8719336204230785,0.41285499930381775,2020
8127,Amad Diallo Traore,9,375,1,0.5594709701836109,1,1.0110422410070896,10,10,1,0,M S,Manchester United,1,0.5594709701836109,2.2942124884575605,1.4572133403271437,2023
8127,Amad Diallo Traore,21,1491,6,4.05029805097729,6,3.33971737511456,39,33,3,0,D F M S,Manchester United,6,4.05029805097729,10.350349940359592,4.832096254453063,2024
8127,Amad Diallo Traore,21,1491,6,4.05029805097729,6,3.33971737511456,39,33,3,0,D F M S,Manchester United,6,4.05029805097729,10.350349940359592,4.832096254453063,2025
