id,player_name,games,time,goals,xG,assists,xA,shots,key_passes,yellow_cards,red_cards,position,team_title,npg,npxG,xGChain,xGBuildup,season
6885,Axel Disasi,31,2586,2,2.678889036178589,0,0.19504063576459885,16,3,6,0,D S,Chelsea,2,2.678889036178589,14.653339916840196,14.106656992807984,2023
6885,Axel Disasi,6,361,1,0.5661573000252247,0,0.1519741266965866,2,2,1,0,D S,Chelsea,1,0.5661573000252247,0.9133144915103912,0.7270775139331818,2024
6885,Axel Disasi,6,361,1,0.5661573000252247,0,0.1519741266965866,2,2,1,0,D S,Chelsea,1,0.5661573000252247,0.9133144915103912,0.7270775139331818,2025
