id,player_name,games,time,goals,xG,assists,xA,shots,key_passes,yellow_cards,red_cards,position,team_title,npg,npxG,xGChain,xGBuildup,season
642,Mousa Dembélé,26,1122,1,1.145339130423963,1,0.7561205942183733,11,22,1,0,M S,Tottenham,1,1.145339130423963,3.640642436221242,2.8854701351374388,2014
642,Mousa Dembélé,29,2286,3,1.482901705428958,1,0.8319704830646515,22,28,3,0,M S,Tottenham,3,1.482901705428958,9.668302228674293,8.315912203863263,2015
642,Mousa Dembélé,30,2085,1,0.5696422858163714,1,0.9761255877092481,15,25,5,0,M S,Tottenham,1,0.5696422858163714,9.285686427727342,8.62422507442534,2016
642,Mousa Dembélé,28,1882,0,0.3571103988215327,0,0.5999714890494943,11,18,6,0,M S,Tottenham,0,0.3571103988215327,9.475857749581337,9.017337329685688,2017
642,Mousa Dembélé,10,518,0,0.030214399099349976,0,0,1,0,1,0,M S,Tottenham,0,0.030214399099349976,1.9914481565356255,1.9612337574362755,2018
