id,player_name,games,time,goals,xG,assists,xA,shots,key_passes,yellow_cards,red_cards,position,team_title,npg,npxG,xGChain,xGBuildup,season
8868,Liam Delap,1,39,0,0.06408520042896271,0,0,1,0,0,0,S,Manchester City,0,0.06408520042896271,0.06408520042896271,0,2020
8868,Liam Delap,1,7,0,0,0,0,0,0,0,0,S,Manchester City,0,0,0,0,2021
8868,Liam Delap,22,1735,8,8.604713328182697,2,2.232712298631668,37,17,7,0,F S,Ipswich,6,7.082375653088093,10.0494779124856,1.7593322936445475,2024
8868,Liam Delap,22,1735,8,8.604713328182697,2,2.232712298631668,37,17,7,0,F S,Ipswich,6,7.082375653088093,10.0494779124856,1.7593322936445475,2025
