id,player_name,games,time,goals,xG,assists,xA,shots,key_passes,yellow_cards,red_cards,position,team_title,npg,npxG,xGChain,xGBuildup,season
613,Gaël Clichy,23,2060,1,1.0792678203433752,3,2.3040307015180588,8,26,1,0,D,Manchester City,1,1.0792678203433752,10.75069685652852,8.595539764501154,2014
613,Gaël Clichy,14,1090,0,0.03815829940140247,1,1.0334121156483889,2,12,0,0,D S,Manchester City,0,0.03815829940140247,4.198116481304169,3.6662389133125544,2015
613,Gaël Clichy,25,2127,1,0.03328350093215704,0,0.9297903496772051,2,16,2,0,D M S,Manchester City,1,0.03328350093215704,13.328611880540848,12.413365446031094,2016
