id,player_name,games,time,goals,xG,assists,xA,shots,key_passes,yellow_cards,red_cards,position,team_title,npg,npxG,xGChain,xGBuildup,season
12751,Ali Al-Hamadi,11,98,0,0.5323996320366859,0,0.07849547080695629,4,2,3,0,S,Ipswich,0,0.5323996320366859,0.6907828329131007,0.24549709539860487,2024
12751,Ali Al-Hamadi,11,98,0,0.5323996320366859,0,0.07849547080695629,4,2,3,0,S,Ipswich,0,0.5323996320366859,0.6907828329131007,0.24549709539860487,2025
