id,player_name,games,time,goals,xG,assists,xA,shots,key_passes,yellow_cards,red_cards,position,team_title,npg,npxG,xGChain,xGBuildup,season
773,Aleksandar Mitrovic,34,2103,9,10.339352402836084,4,2.2244459111243486,79,30,4,2,F S,Newcastle United,7,8.817017409950495,10.392626240849495,2.8724034801125526,2015
773,Aleksandar Mitrovic,6,73,1,1.2253827080130577,0,0.2734846994280815,4,3,0,0,S,Newcastle United,1,1.2253827080130577,1.534306351095438,0.19798630848526955,2017
773,Aleksandar Mitrovic,37,3285,11,15.452770731411874,3,2.9691329449415207,131,31,7,0,F,Fulham,10,14.691605768166482,18.89713564515114,5.371468796394765,2018
773,Aleksandar Mitrovic,27,1369,3,5.677359725348651,3,2.9247109331190586,59,23,3,0,F S,Fulham,2,4.155023763887584,7.808299947530031,1.8494829945266247,2020
773,Aleksandar Mitrovic,24,2022,14,16.17901684064418,1,2.3344982340931892,93,15,7,0,F S,Fulham,10,10.089664130471647,11.802805667743087,2.5752602564170957,2022
773,Aleksandar Mitrovic,1,31,0,0.1909874528646469,0,0,2,0,0,0,S,Fulham,0,0.1909874528646469,0.1909874528646469,0,2023
