id,player_name,games,time,goals,xG,assists,xA,shots,key_passes,yellow_cards,red_cards,position,team_title,npg,npxG,xGChain,xGBuildup,season
9493,Sam Greenwood,7,222,0,0.22598399966955185,2,0.4314804896712303,4,4,0,0,M S,Leeds,0,0.22598399966955185,1.2256466001272202,0.6733732083812356,2021
9493,Sam Greenwood,18,373,1,0.6907202005386353,2,0.9013200886547565,12,12,1,0,M S,Leeds,1,0.6907202005386353,1.065209049731493,0.6448863409459591,2022
