id,player_name,games,time,goals,xG,assists,xA,shots,key_passes,yellow_cards,red_cards,position,team_title,npg,npxG,xGChain,xGBuildup,season
6067,Terence Kongolo,13,1043,0,0.15550689585506916,0,0.16785089671611786,2,3,0,0,D S,Huddersfield,0,0.15550689585506916,1.4275777218863368,1.2597271157428622,2017
6067,Terence Kongolo,32,2728,1,1.4236592901870608,1,0.8421062119305134,14,9,4,0,D,Huddersfield,1,1.4236592901870608,3.2573850117623806,1.7151393815875053,2018
6067,Terence Kongolo,1,90,0,0,0,0,0,0,0,0,D,Fulham,0,0,0.3735769987106323,0.3735769987106323,2020
