id,player_name,games,time,goals,xG,assists,xA,shots,key_passes,yellow_cards,red_cards,position,team_title,npg,npxG,xGChain,xGBuildup,season
9017,Malo Gusto,27,1754,0,1.700457390397787,6,5.507309950888157,15,32,7,1,D S,Chelsea,0,1.700457390397787,14.041902555152774,10.585735710337758,2023
9017,Malo Gusto,19,1267,0,1.408150065690279,1,0.793633196502924,17,12,3,0,D S,Chelsea,0,1.408150065690279,7.274822521954775,5.756267819553614,2024
9017,Malo Gusto,19,1267,0,1.408150065690279,1,0.793633196502924,17,12,3,0,D S,Chelsea,0,1.408150065690279,7.274822521954775,5.756267819553614,2025
