id,player_name,games,time,goals,xG,assists,xA,shots,key_passes,yellow_cards,red_cards,position,team_title,npg,npxG,xGChain,xGBuildup,season
3428,Hélder Costa,25,1345,1,2.6604435006156564,2,2.0111884754151106,25,17,3,0,F M S,Wolverhampton Wanderers,1,2.6604435006156564,5.644506204873323,1.7383644795045257,2018
3428,Hélder Costa,22,1152,3,2.5981543734669685,3,0.628333006054163,16,7,0,0,M S,Leeds,3,2.5981543734669685,4.516008350998163,2.2073273733258247,2020
3428,Hélder Costa,1,20,0,0.018221000209450722,0,0,1,0,0,0,S,Leeds,0,0.018221000209450722,0,0,2021
