id,player_name,games,time,goals,xG,assists,xA,shots,key_passes,yellow_cards,red_cards,position,team_title,npg,npxG,xGChain,xGBuildup,season
12408,Daniel Muñoz,16,1440,0,1.7550712414085865,4,3.085336983203888,8,21,4,0,D,Crystal Palace,0,1.7550712414085865,6.9232857301831245,3.610450681298971,2023
12408,Daniel Muñoz,22,1900,2,4.279549412429333,2,3.483470745384693,22,29,5,0,D,Crystal Palace,2,4.279549412429333,10.656693510711193,4.25334288738668,2024
12408,Daniel Muñoz,22,1900,2,4.279549412429333,2,3.483470745384693,22,29,5,0,D,Crystal Palace,2,4.279549412429333,10.656693510711193,4.25334288738668,2025
