id,player_name,games,time,goals,xG,assists,xA,shots,key_passes,yellow_cards,red_cards,position,team_title,npg,npxG,xGChain,xGBuildup,season
1537,Sasa Lukic,12,401,0,0.10668987594544888,0,0,5,0,1,0,M S,Fulham,0,0.10668987594544888,0.8068001493811607,0.7697242796421051,2022
1537,Sasa Lukic,24,1107,1,1.2816824559122324,0,0.6108460575342178,13,10,3,0,M S,Fulham,1,1.2816824559122324,4.723364921286702,3.862767720595002,2023
1537,Sasa Lukic,18,1428,0,1.1819710927084088,2,2.4704740457236767,9,11,9,0,M S,Fulham,0,1.1819710927084088,8.75624068081379,5.576910302042961,2024
1537,Sasa Lukic,18,1428,0,1.1819710927084088,2,2.4704740457236767,9,11,9,0,M S,Fulham,0,1.1819710927084088,8.75624068081379,5.576910302042961,2025
