id,player_name,games,time,goals,xG,assists,xA,shots,key_passes,yellow_cards,red_cards,position,team_title,npg,npxG,xGChain,xGBuildup,season
317,Henrikh Mkhitaryan,24,1347,4,2.7058538030833006,1,3.5242760460823774,32,29,1,0,F M S,Manchester United,4,2.7058538030833006,8.492568464949727,4.6559572741389275,2016
317,Henrikh Mkhitaryan,26,1735,3,2.4736711923033,9,6.771662788465619,36,44,2,0,F M S,"Arsenal,Manchester United",3,2.4736711923033,14.398006234318018,7.172530714422464,2017
317,Henrikh Mkhitaryan,25,1647,6,5.3435673750936985,4,6.486036565154791,49,29,1,0,F M S,Arsenal,6,5.3435673750936985,16.100102107971907,8.28257618099451,2018
317,Henrikh Mkhitaryan,3,109,0,0.4295176938176155,0,0.27430200576782227,2,2,1,0,M S,Arsenal,0,0.4295176938176155,0.8670729994773865,0.2900702953338623,2019
