id,player_name,games,time,goals,xG,assists,xA,shots,key_passes,yellow_cards,red_cards,position,team_title,npg,npxG,xGChain,xGBuildup,season
715,Jefferson Montero,30,1551,1,1.0105927288532257,7,3.652138037607074,13,27,0,0,F M S,Swansea,1,1.0105927288532257,6.563084755092859,3.3003817070275545,2014
715,Jefferson Montero,23,1355,0,1.6726705897599459,2,2.9399962686002254,20,26,0,0,F M S,Swansea,0,1.6726705897599459,5.77126500941813,1.8180908747017384,2015
715,Jefferson Montero,13,359,0,0.17576159536838531,1,1.2649257853627205,4,10,0,0,F M S,Swansea,0,0.17576159536838531,1.7466660784557462,0.8094277223572135,2016
