id,player_name,games,time,goals,xG,assists,xA,shots,key_passes,yellow_cards,red_cards,position,team_title,npg,npxG,xGChain,xGBuildup,season
682,Branislav Ivanovic,38,3420,4,4.3701117252931,5,5.315748207271099,44,35,10,1,D,Chelsea,4,4.3701117252931,17.02221167460084,11.982979789376259,2014
682,Branislav Ivanovic,33,2922,2,2.3555952794849873,2,2.0069943265989423,28,13,5,0,D,Chelsea,2,2.3555952794849873,10.849223456345499,9.19849253911525,2015
682,Branislav Ivanovic,13,578,0,0.3240773035213351,0,0.1858418993651867,7,3,2,0,D S,Chelsea,0,0.3240773035213351,2.4457230120897293,2.2665200009942055,2016
682,Branislav Ivanovic,13,761,0,0.4594705104827881,0,0.048929501324892044,4,1,2,0,D S,West Bromwich Albion,0,0.4594705104827881,0.3491972014307976,0.3491972014307976,2020
