id,player_name,games,time,goals,xG,assists,xA,shots,key_passes,yellow_cards,red_cards,position,team_title,npg,npxG,xGChain,xGBuildup,season
338,Max Meyer,29,1403,1,1.9788616802543402,2,1.0709684062749147,38,22,3,0,M S,Crystal Palace,1,1.9788616802543402,5.764599896967411,3.4997193533927202,2018
338,Max Meyer,17,641,0,0.45928030367940664,0,0.19799979403614998,9,4,1,0,F M S,Crystal Palace,0,0.45928030367940664,0.8563469778746367,0.3796439915895462,2019
