id,player_name,games,time,goals,xG,assists,xA,shots,key_passes,yellow_cards,red_cards,position,team_title,npg,npxG,xGChain,xGBuildup,season
1950,Martín Montoya,25,2165,0,0.1871217992156744,1,1.1847683181986213,8,18,4,0,D S,Brighton,0,0.1871217992156744,4.34337671007961,3.6403937563300133,2018
1950,Martín Montoya,27,1912,0,1.434309795498848,1,1.9423044212162495,8,21,5,0,D S,Brighton,0,1.434309795498848,6.852789672091603,4.159861506894231,2019
