id,player_name,games,time,goals,xG,assists,xA,shots,key_passes,yellow_cards,red_cards,position,team_title,npg,npxG,xGChain,xGBuildup,season
797,Youssouf Mulumbu,17,900,0,0.47653509862720966,0,0.3007141947746277,12,5,1,1,M S,West Bromwich Albion,0,0.47653509862720966,1.8632659167051315,1.7142265252768993,2014
797,Youssouf Mulumbu,7,374,0,0.14500059932470322,0,0.015224199742078781,3,1,1,0,M S,Norwich,0,0.14500059932470322,0.38622619584202766,0.24410509504377842,2015
