id,player_name,games,time,goals,xG,assists,xA,shots,key_passes,yellow_cards,red_cards,position,team_title,npg,npxG,xGChain,xGBuildup,season
581,Craig Cathcart,35,3034,1,0.6867376808077097,0,0.10606209933757782,5,3,3,0,D S,Watford,1,0.6867376808077097,3.8294328143820167,3.711509123444557,2015
581,Craig Cathcart,15,1154,0,0.14386500045657158,1,0.7175358980894089,3,4,3,0,D M S,Watford,0,0.14386500045657158,1.7694043219089508,1.671617329120636,2016
581,Craig Cathcart,7,496,0,0.16062100231647491,0,0,2,0,1,0,D S,Watford,0,0.16062100231647491,0.12969129905104637,0.12969129905104637,2017
581,Craig Cathcart,36,3104,3,1.8465651907026768,0,0.10806500166654587,13,1,2,0,D S,Watford,3,1.8465651907026768,4.140128007158637,4.140128007158637,2018
581,Craig Cathcart,29,2490,0,0.18517609685659409,0,0.07538779824972153,2,2,7,0,D S,Watford,0,0.18517609685659409,2.232964104041457,2.1953310053795576,2019
581,Craig Cathcart,31,2395,0,0.16149530187249184,1,1.4212622176855803,3,3,3,0,D S,Watford,0,0.16149530187249184,1.947451688349247,1.947451688349247,2021
