id,player_name,games,time,goals,xG,assists,xA,shots,key_passes,yellow_cards,red_cards,position,team_title,npg,npxG,xGChain,xGBuildup,season
7376,Ozan Kabak,9,807,0,0.08602820336818695,0,0.02938690036535263,1,1,3,0,D,Liverpool,0,0.08602820336818695,1.8639124035835266,1.8639124035835266,2020
7376,Ozan Kabak,11,926,0,0.5807484108954668,0,0.030333801172673702,5,2,2,0,D,Norwich,0,0.5807484108954668,0.9165707966312766,0.8188285967335105,2021
