id,player_name,games,time,goals,xG,assists,xA,shots,key_passes,yellow_cards,red_cards,position,team_title,npg,npxG,xGChain,xGBuildup,season
746,Danny Simpson,15,1257,0,0.04405909962952137,0,0.4694612883031368,2,5,4,0,D S,"Leicester,Queens Park Rangers",0,0.04405909962952137,0.965894091874361,0.8676732927560806,2014
746,Danny Simpson,30,2620,0,0.7629526928067207,0,0.34914609231054783,7,6,3,1,D,Leicester,0,0.7629526928067207,4.6956237107515335,3.740172613412142,2015
746,Danny Simpson,35,2994,0,0.10695300437510014,2,0.8389066997915506,2,11,12,0,D S,Leicester,0,0.10695300437510014,4.835922872647643,4.295953072607517,2016
746,Danny Simpson,28,2325,0,0.13286089897155762,0,0.1542365960776806,3,5,4,0,D S,Leicester,0,0.13286089897155762,3.445119297131896,3.1924013011157513,2017
746,Danny Simpson,6,288,0,0,0,0.025306399911642075,0,1,0,0,D S,Leicester,0,0,0.3342661075294018,0.30895962845534086,2018
