id,player_name,games,time,goals,xG,assists,xA,shots,key_passes,yellow_cards,red_cards,position,team_title,npg,npxG,xGChain,xGBuildup,season
12410,Joshua King,5,75,0,0.04245133325457573,0,0.7531819939613342,1,3,0,0,M S,Fulham,0,0.04245133325457573,0.8125783801078796,0.016945065930485725,2024
12410,Joshua King,5,75,0,0.04245133325457573,0,0.7531819939613342,1,3,0,0,M S,Fulham,0,0.04245133325457573,0.8125783801078796,0.016945065930485725,2025
