id,player_name,games,time,goals,xG,assists,xA,shots,key_passes,yellow_cards,red_cards,position,team_title,npg,npxG,xGChain,xGBuildup,season
864,Ibrahim Afellay,31,2105,2,2.3782680314034224,2,2.0416691973805428,39,21,3,1,M S,Stoke,2,2.3782680314034224,9.911402089521289,6.512232810258865,2015
864,Ibrahim Afellay,12,363,0,0.6516735907644033,0,0.32635998725891113,6,1,0,0,M S,Stoke,0,0.6516735907644033,1.3029332906007767,0.9591432958841324,2016
864,Ibrahim Afellay,6,157,0,0,0,0,0,0,1,0,M S,Stoke,0,0,0.04612720012664795,0.04612720012664795,2017
