id,player_name,games,time,goals,xG,assists,xA,shots,key_passes,yellow_cards,red_cards,position,team_title,npg,npxG,xGChain,xGBuildup,season
8291,Daniel Podence,9,284,1,1.3593142926692963,0,0.7727445084601641,10,5,0,0,F S,Wolverhampton Wanderers,1,1.3593142926692963,2.383344490081072,0.597808601334691,2019
8291,Daniel Podence,24,1718,3,2.744376480579376,2,1.839432805776596,32,21,3,0,F M S,Wolverhampton Wanderers,3,2.744376480579376,6.7250947672873735,2.910880086943507,2020
8291,Daniel Podence,26,1491,2,1.9968185909092426,3,4.245880654081702,35,36,2,0,F M S,Wolverhampton Wanderers,2,1.9968185909092426,6.1779282465577126,1.5524315927177668,2021
8291,Daniel Podence,32,1769,6,3.7195267919451,0,2.4171172585338354,43,37,5,0,F M S,Wolverhampton Wanderers,6,3.7195267919451,7.612551175057888,2.9080893266946077,2022
8291,Daniel Podence,2,36,0,0.044891152530908585,0,0,1,0,0,0,S,Wolverhampton Wanderers,0,0.044891152530908585,0.044891152530908585,0,2024
8291,Daniel Podence,2,36,0,0.044891152530908585,0,0,1,0,0,0,S,Wolverhampton Wanderers,0,0.044891152530908585,0.044891152530908585,0,2025
