id,player_name,games,time,goals,xG,assists,xA,shots,key_passes,yellow_cards,red_cards,position,team_title,npg,npxG,xGChain,xGBuildup,season
934,Axel Tuanzebe,4,307,0,0.040321798995137215,0,0.05508879944682121,2,1,0,0,D M,Manchester United,0,0.040321798995137215,0.27153430134058,0.24778439942747355,2016
934,Axel Tuanzebe,1,1,0,0,0,0,0,0,0,0,S,Manchester United,0,0,0,0,2017
934,Axel Tuanzebe,5,186,0,0,0,0,0,0,0,0,D S,Manchester United,0,0,0.17384929955005646,0.17384929955005646,2019
934,Axel Tuanzebe,9,401,0,0,0,0,0,0,2,0,D S,Manchester United,0,0,1.0783615252003074,1.0783615252003074,2020
934,Axel Tuanzebe,9,507,0,0.15486809983849525,0,0,2,0,1,0,D S,Aston Villa,0,0.15486809983849525,0.8887580037117004,0.8887580037117004,2021
934,Axel Tuanzebe,11,895,0,0.337050199508667,0,0.5693965200334787,3,3,3,0,D S,Ipswich,0,0.337050199508667,2.1424062363803387,1.6189612857997417,2024
934,Axel Tuanzebe,11,895,0,0.337050199508667,0,0.5693965200334787,3,3,3,0,D S,Ipswich,0,0.337050199508667,2.1424062363803387,1.6189612857997417,2025
