id,player_name,games,time,goals,xG,assists,xA,shots,key_passes,yellow_cards,red_cards,position,team_title,npg,npxG,xGChain,xGBuildup,season
753,Marc Albrighton,18,1011,2,1.3866986893117428,3,3.8937382074072957,14,31,3,0,D M S,Leicester,2,1.3866986893117428,6.103297988884151,3.256588274613023,2014
753,Marc Albrighton,38,2796,2,2.549340220168233,6,8.095411790534854,42,62,4,0,M S,Leicester,2,2.549340220168233,11.863627067767084,4.015349085442722,2015
753,Marc Albrighton,33,2449,2,1.282536887563765,6,4.638040881603956,21,47,5,0,D M S,Leicester,2,1.282536887563765,6.39722306560725,2.8114807195961475,2016
753,Marc Albrighton,34,2551,2,1.6331818122416735,7,5.699213662184775,20,47,5,1,D F M S,Leicester,2,1.6331818122416735,10.115601350553334,5.132043182849884,2017
753,Marc Albrighton,27,1625,2,1.063951208256185,2,2.9882512697950006,19,29,3,0,F M S,Leicester,2,1.063951208256185,5.236805399879813,2.29350558668375,2018
753,Marc Albrighton,20,860,0,0.4460920002311468,3,2.2903373278677464,10,20,2,0,D M S,Leicester,0,0.4460920002311468,4.42047256231308,2.3780248276889324,2019
753,Marc Albrighton,31,1731,1,1.246731299906969,5,4.036377124488354,21,38,2,0,D M S,Leicester,1,1.246731299906969,8.017674952745438,5.142706813290715,2020
753,Marc Albrighton,17,1113,1,0.48756540939211845,2,1.6947175050154328,4,11,3,0,D F M S,Leicester,1,0.48756540939211845,4.001694183796644,2.970209274441004,2021
753,Marc Albrighton,6,232,1,0.4420046992599964,0,0.5711894929409027,2,6,0,0,M S,Leicester,1,0.4420046992599964,2.0923749804496765,1.671343982219696,2022
