id,player_name,games,time,goals,xG,assists,xA,shots,key_passes,yellow_cards,red_cards,position,team_title,npg,npxG,xGChain,xGBuildup,season
7762,Jean-Ricner Bellegarde,22,938,2,1.361364832147956,1,0.9551639519631863,15,12,0,1,D F M S,Wolverhampton Wanderers,2,1.361364832147956,3.1770667880773544,1.5232742801308632,2023
7762,Jean-Ricner Bellegarde,21,874,1,0.8459175480529666,2,0.7565848287194967,12,11,3,0,M S,Wolverhampton Wanderers,1,0.8459175480529666,3.6147558139637113,2.295776007696986,2024
7762,Jean-Ricner Bellegarde,21,874,1,0.8459175480529666,2,0.7565848287194967,12,11,3,0,M S,Wolverhampton Wanderers,1,0.8459175480529666,3.6147558139637113,2.295776007696986,2025
