id,player_name,games,time,goals,xG,assists,xA,shots,key_passes,yellow_cards,red_cards,position,team_title,npg,npxG,xGChain,xGBuildup,season
1699,Shkodran Mustafi,26,2274,2,1.1007174905389547,2,0.9719927944242954,24,9,11,0,D,Arsenal,2,1.1007174905389547,8.296248443424702,8.043822031468153,2016
1699,Shkodran Mustafi,27,2272,3,0.7174238907173276,1,1.8952198196202517,13,7,6,0,D S,Arsenal,3,0.7174238907173276,9.468940801918507,9.412406839430332,2017
1699,Shkodran Mustafi,31,2629,2,1.862040345557034,0,0.2781299063935876,18,6,9,0,D,Arsenal,2,1.862040345557034,6.724565939977765,6.620918953791261,2018
1699,Shkodran Mustafi,15,1208,0,0.5680257026106119,1,0.5758727826178074,11,3,2,0,D S,Arsenal,0,0.5680257026106119,4.499943673610687,3.9672136902809143,2019
1699,Shkodran Mustafi,3,43,0,0,0,0,0,0,0,0,S,Arsenal,0,0,0.06472480297088623,0.06472480297088623,2020
