id,player_name,games,time,goals,xG,assists,xA,shots,key_passes,yellow_cards,red_cards,position,team_title,npg,npxG,xGChain,xGBuildup,season
7988,Billy Gilmour,6,190,0,0.028427399694919586,0,0.18802540004253387,1,4,0,0,M S,Chelsea,0,0.028427399694919586,1.926146686077118,1.738118976354599,2019
7988,Billy Gilmour,5,256,0,0.051134299486875534,0,0.1236583013087511,1,3,0,0,M S,Chelsea,0,0.051134299486875534,0.5436723902821541,0.4064304009079933,2020
7988,Billy Gilmour,24,1864,0,0.8399608237668872,1,1.0502577098086476,18,25,2,0,M S,Norwich,0,0.8399608237668872,4.431802229955792,3.5529233319684863,2021
7988,Billy Gilmour,14,515,0,0.36443206667900085,1,0.36179889738559723,6,2,1,0,M S,Brighton,0,0.36443206667900085,4.023554973304272,3.3371060229837894,2022
7988,Billy Gilmour,30,2154,0,0.7286842339672148,1,2.0903379926458,25,22,8,1,M S,Brighton,0,0.7286842339672148,17.74679738096893,16.257044926285744,2023
7988,Billy Gilmour,2,94,0,0.08454305678606033,0,0,1,0,0,0,M S,Brighton,0,0.08454305678606033,1.1755258962512016,1.1755258962512016,2024
7988,Billy Gilmour,2,94,0,0.08454305678606033,0,0,1,0,0,0,M S,Brighton,0,0.08454305678606033,1.1755258962512016,1.1755258962512016,2025
