id,player_name,games,time,goals,xG,assists,xA,shots,key_passes,yellow_cards,red_cards,position,team_title,npg,npxG,xGChain,xGBuildup,season
8831,Iyenoma Destiny Udogie,28,2437,2,2.81389419734478,3,2.5504489485174417,9,24,5,1,D,Tottenham,2,2.81389419734478,14.848989471793175,10.906614396721125,2023
8831,Iyenoma Destiny Udogie,18,1451,0,0.3497059941291809,1,1.0145757123827934,5,13,2,0,D,Tottenham,0,0.3497059941291809,8.774845769628882,8.270193269476295,2024
8831,Iyenoma Destiny Udogie,18,1451,0,0.3497059941291809,1,1.0145757123827934,5,13,2,0,D,Tottenham,0,0.3497059941291809,8.774845769628882,8.270193269476295,2025
