id,player_name,games,time,goals,xG,assists,xA,shots,key_passes,yellow_cards,red_cards,position,team_title,npg,npxG,xGChain,xGBuildup,season
8090,Lloyd Kelly,8,634,0,0.035675499588251114,0,0.13822199404239655,1,1,2,0,D S,Bournemouth,0,0.035675499588251114,0.6540593802928925,0.5158373862504959,2019
8090,Lloyd Kelly,23,2044,0,0.1227391017600894,2,0.3940800903365016,3,7,3,0,D,Bournemouth,0,0.1227391017600894,2.421963883563876,2.336171578615904,2022
8090,Lloyd Kelly,23,1567,0,0.3132251426577568,1,1.6466527543962002,4,9,2,0,D S,Bournemouth,0,0.3132251426577568,5.733856109902263,4.144671676680446,2023
8090,Lloyd Kelly,9,302,0,0.20899908244609833,1,0.3751976788043976,2,2,2,0,D S,Newcastle United,0,0.20899908244609833,0.8785770535469055,0.5033793747425079,2024
8090,Lloyd Kelly,9,302,0,0.20899908244609833,1,0.3751976788043976,2,2,2,0,D S,Newcastle United,0,0.20899908244609833,0.8785770535469055,0.5033793747425079,2025
