id,player_name,games,time,goals,xG,assists,xA,shots,key_passes,yellow_cards,red_cards,position,team_title,npg,npxG,xGChain,xGBuildup,season
11305,Mykhailo Mudryk,15,654,0,1.9044867679476738,2,0.7282041758298874,14,10,1,0,F M S,Chelsea,0,1.9044867679476738,3.8914809599518776,1.9701451398432255,2022
11305,Mykhailo Mudryk,31,1563,5,5.111277528107166,2,3.8853818774223328,35,32,5,0,F M S,Chelsea,5,5.111277528107166,10.99068268481642,4.357236756011844,2023
11305,Mykhailo Mudryk,7,133,0,0.1225307434797287,0,1.0799011290073395,1,2,0,0,M S,Chelsea,0,0.1225307434797287,1.4741904512047768,0.2717585638165474,2024
11305,Mykhailo Mudryk,7,133,0,0.1225307434797287,0,1.0799011290073395,1,2,0,0,M S,Chelsea,0,0.1225307434797287,1.4741904512047768,0.2717585638165474,2025
