id,player_name,games,time,goals,xG,assists,xA,shots,key_passes,yellow_cards,red_cards,position,team_title,npg,npxG,xGChain,xGBuildup,season
6042,Jan Bednarek,5,429,1,0.28035300970077515,0,0,1,0,1,0,D,Southampton,1,0.28035300970077515,0.12691850028932095,0.12691850028932095,2017
6042,Jan Bednarek,25,2150,0,0.8431640844792128,1,0.6224703155457973,5,9,7,0,D S,Southampton,0,0.8431640844792128,4.15870048571378,3.647119085304439,2018
6042,Jan Bednarek,34,3059,1,1.0607939325273037,1,1.0941205844283104,7,3,4,0,D,Southampton,1,1.0607939325273037,4.889747679233551,4.872770681977272,2019
6042,Jan Bednarek,36,3111,1,0.46839270554482937,1,1.159947693347931,10,5,5,1,D,Southampton,1,0.46839270554482937,8.544506297446787,8.489991501905024,2020
6042,Jan Bednarek,31,2637,4,2.7923311796039343,0,0.36588149331510067,19,6,10,0,D S,Southampton,4,2.7923311796039343,6.621771225705743,6.355030441656709,2021
6042,Jan Bednarek,23,1772,0,0.34422395937144756,0,0.14729679748415947,8,3,5,0,D S,"Aston Villa,Southampton",0,0.34422395937144756,1.4835356585681438,1.4707852583378553,2022
6042,Jan Bednarek,19,1699,2,0.9422211991623044,0,0.2821005769073963,4,4,4,0,D,Southampton,2,0.9422211991623044,5.781876626424491,5.352756490930915,2024
6042,Jan Bednarek,19,1699,2,0.9422211991623044,0,0.2821005769073963,4,4,4,0,D,Southampton,2,0.9422211991623044,5.781876626424491,5.352756490930915,2025
