id,player_name,games,time,goals,xG,assists,xA,shots,key_passes,yellow_cards,red_cards,position,team_title,npg,npxG,xGChain,xGBuildup,season
1042,Tom Davies,2,94,0,0.051129300147295,0,0,1,0,0,0,M S,Everton,0,0.051129300147295,0.2853834917768836,0.23425449337810278,2015
1042,Tom Davies,24,1540,2,1.399094196036458,3,1.967228788882494,14,13,4,0,M S,Everton,2,1.399094196036458,6.800828769803047,3.664227234199643,2016
1042,Tom Davies,33,1901,2,1.4846298242919147,1,0.6502153109759092,21,10,7,0,M S,Everton,2,1.4846298242919147,5.124072127509862,3.5099134342744946,2017
1042,Tom Davies,16,973,0,0.31357360631227493,0,0.5891977995634079,7,5,3,0,M S,Everton,0,0.31357360631227493,3.372653031721711,2.656913748010993,2018
1042,Tom Davies,30,2025,1,1.640247531235218,0,0.534477811306715,17,6,8,0,M S,Everton,1,1.640247531235218,6.296167807653546,5.533328840509057,2019
1042,Tom Davies,25,1433,0,0.1774021964520216,1,0.9561847178265452,7,6,3,0,D M S,Everton,0,0.1774021964520216,3.188046783208847,2.6904862616211176,2020
1042,Tom Davies,6,228,1,1.0068475101143122,0,0,6,0,1,0,M S,Everton,1,1.0068475101143122,1.2285457830876112,0.4193071983754635,2021
1042,Tom Davies,19,500,0,1.3129857713356614,0,0.1336751990020275,9,2,3,0,M S,Everton,0,1.3129857713356614,1.9132792633026838,0.6038602907210588,2022
1042,Tom Davies,9,194,0,0.25131772086024284,0,0.034635528922080994,4,1,2,0,M S,Sheffield United,0,0.25131772086024284,0.6308722272515297,0.43550220504403114,2023
