id,player_name,games,time,goals,xG,assists,xA,shots,key_passes,yellow_cards,red_cards,position,team_title,npg,npxG,xGChain,xGBuildup,season
13092,Carlos Forbs,9,209,0,0.14554984867572784,0,0.03507748618721962,2,1,2,0,M S,Wolverhampton Wanderers,0,0.14554984867572784,0.4441770389676094,0.29836712777614594,2024
13092,Carlos Forbs,9,209,0,0.14554984867572784,0,0.03507748618721962,2,1,2,0,M S,Wolverhampton Wanderers,0,0.14554984867572784,0.4441770389676094,0.29836712777614594,2025
