id,player_name,games,time,goals,xG,assists,xA,shots,key_passes,yellow_cards,red_cards,position,team_title,npg,npxG,xGChain,xGBuildup,season
8150,Anthony Gordon,11,438,0,0.3270708993077278,1,0.3399500921368599,6,6,0,0,M S,Everton,0,0.3270708993077278,0.8956371061503887,0.3289345018565655,2019
8150,Anthony Gordon,3,87,0,0,0,0.019139999523758888,0,1,0,0,M S,Everton,0,0,0.18850450217723846,0.18850450217723846,2020
8150,Anthony Gordon,35,2288,4,3.460314721800387,2,3.776887372136116,44,36,4,0,D F M S,Everton,4,3.460314721800387,7.969527812674642,3.010282608680427,2021
8150,Anthony Gordon,32,1564,4,5.549364037811756,0,1.411392219364643,34,14,7,0,F M S,"Everton,Newcastle United",4,5.549364037811756,7.685043416917324,1.7389676179736853,2022
8150,Anthony Gordon,35,2956,11,11.293779235333204,10,8.833045985549688,81,56,10,1,F M S,Newcastle United,10,10.53261036798358,26.570194900035858,11.442161984741688,2023
8150,Anthony Gordon,22,1820,6,8.276808597147465,5,4.521911224350333,49,46,1,0,F S,Newcastle United,5,6.754470884799957,12.884764611721039,4.828723691403866,2024
8150,Anthony Gordon,22,1820,6,8.276808597147465,5,4.521911224350333,49,46,1,0,F S,Newcastle United,5,6.754470884799957,12.884764611721039,4.828723691403866,2025
