id,player_name,games,time,goals,xG,assists,xA,shots,key_passes,yellow_cards,red_cards,position,team_title,npg,npxG,xGChain,xGBuildup,season
6490,Manuel Akanji,29,2272,0,1.069366091862321,1,0.28084417432546616,15,7,2,0,D S,Manchester City,0,1.069366091862321,12.94707053154707,12.824845530092716,2022
6490,Manuel Akanji,30,2517,2,2.200386293232441,0,0.5265345014631748,15,13,2,1,D M S,Manchester City,2,2.200386293232441,16.700940661132336,15.83909061923623,2023
6490,Manuel Akanji,19,1623,0,0.5341743156313896,0,0.42468701861798763,9,9,3,0,D,Manchester City,0,0.5341743156313896,12.870215073227882,12.621899381279945,2024
6490,Manuel Akanji,19,1623,0,0.5341743156313896,0,0.42468701861798763,9,9,3,0,D,Manchester City,0,0.5341743156313896,12.870215073227882,12.621899381279945,2025
