id,player_name,games,time,goals,xG,assists,xA,shots,key_passes,yellow_cards,red_cards,position,team_title,npg,npxG,xGChain,xGBuildup,season
13039,Asher Agbinone,2,2,0,0.015191496349871159,0,0.023866645991802216,1,1,0,0,S,Crystal Palace,0,0.015191496349871159,0.036948622204363346,0.01308197621256113,2024
13039,Asher Agbinone,2,2,0,0.015191496349871159,0,0.023866645991802216,1,1,0,0,S,Crystal Palace,0,0.015191496349871159,0.036948622204363346,0.01308197621256113,2025
