id,player_name,games,time,goals,xG,assists,xA,shots,key_passes,yellow_cards,red_cards,position,team_title,npg,npxG,xGChain,xGBuildup,season
558,Jesse Lingard,1,23,0,0,0,0,0,0,0,0,M,Manchester United,0,0,0.018741000443696976,0.018741000443696976,2014
558,Jesse Lingard,25,1641,4,3.2912297286093235,1,1.2874503061175346,31,14,4,0,F M S,Manchester United,4,3.2912297286093235,7.917206218466163,4.496429245918989,2015
558,Jesse Lingard,25,1384,1,3.757661821320653,2,2.1995952278375626,37,29,3,0,F M S,Manchester United,1,3.757661821320653,10.838652646169066,5.95788630284369,2016
558,Jesse Lingard,33,1836,8,8.04835014604032,5,3.581980141811073,56,26,2,0,F M S,Manchester United,8,8.04835014604032,13.909837955608964,5.560849567875266,2017
558,Jesse Lingard,27,1677,4,4.844163816422224,2,3.156425293069333,32,17,3,0,F M S,Manchester United,3,4.082991819828749,10.800292232539505,5.214572378434241,2018
558,Jesse Lingard,22,919,1,2.327569890767336,0,1.1104197055101395,22,20,3,0,M S,Manchester United,1,2.327569890767336,7.162807498127222,3.927907950244844,2019
558,Jesse Lingard,16,1434,9,5.249173816293478,4,2.329291282221675,42,18,3,0,F M,West Ham,8,3.7268305122852325,10.09571509808302,5.690431963652372,2020
558,Jesse Lingard,16,338,2,0.7739869020879269,0,0.45763870514929295,8,8,1,0,M S,Manchester United,2,0.7739869020879269,1.5397445131093264,0.4106098096817732,2021
558,Jesse Lingard,17,937,0,0.6977619081735611,0,0.43122308887541294,10,11,1,0,F M S,Nottingham Forest,0,0.6977619081735611,2.0684521049261093,1.2953029051423073,2022
