id,player_name,games,time,goals,xG,assists,xA,shots,key_passes,yellow_cards,red_cards,position,team_title,npg,npxG,xGChain,xGBuildup,season
101,Allan Saint-Maximin,26,1896,3,2.942516790702939,4,4.3318113358691335,46,33,0,0,F M S,Newcastle United,3,2.942516790702939,9.657798040658236,4.271794453263283,2019
101,Allan Saint-Maximin,25,1578,3,2.825913516804576,4,4.01332547981292,30,29,0,0,F M S,Newcastle United,3,2.825913516804576,10.594717938452959,4.224005025811493,2020
101,Allan Saint-Maximin,35,2825,5,5.6636759508401155,5,5.261044799350202,64,50,5,0,F M S,Newcastle United,5,5.6636759508401155,14.37779556401074,3.8985789944417775,2021
101,Allan Saint-Maximin,25,1101,1,1.6111805494874716,5,4.724137527868152,28,31,1,0,F S,Newcastle United,1,1.6111805494874716,8.289438785985112,3.2378203477710485,2022
