id,player_name,games,time,goals,xG,assists,xA,shots,key_passes,yellow_cards,red_cards,position,team_title,npg,npxG,xGChain,xGBuildup,season
6105,Gaëtan Bong,25,2243,0,0.05226820055395365,0,0.5265474943444133,4,9,2,0,D,Brighton,0,0.05226820055395365,2.628679492510855,2.2775535974651575,2017
6105,Gaëtan Bong,22,1802,0,0.0694806007668376,0,0.4776687901467085,2,9,0,0,D S,Brighton,0,0.0694806007668376,3.708821135573089,3.530679236166179,2018
6105,Gaëtan Bong,4,53,0,0,0,0.118988998234272,0,2,0,0,S,Brighton,0,0,0.15665319748222828,0.03766389936208725,2019
