id,player_name,games,time,goals,xG,assists,xA,shots,key_passes,yellow_cards,red_cards,position,team_title,npg,npxG,xGChain,xGBuildup,season
11055,Rasmus Højlund,30,2210,10,9.338883213698864,2,1.779460173100233,38,28,2,0,F S,Manchester United,10,9.338883213698864,11.463255237787962,2.9498381465673447,2023
11055,Rasmus Højlund,18,1109,2,2.354299157857895,0,1.5216642078012228,12,11,1,0,F S,Manchester United,2,2.354299157857895,4.714211918413639,1.8000930827111006,2024
11055,Rasmus Højlund,18,1109,2,2.354299157857895,0,1.5216642078012228,12,11,1,0,F S,Manchester United,2,2.354299157857895,4.714211918413639,1.8000930827111006,2025
