id,player_name,games,time,goals,xG,assists,xA,shots,key_passes,yellow_cards,red_cards,position,team_title,npg,npxG,xGChain,xGBuildup,season
8646,Wout Faes,31,2790,1,1.100052266381681,2,0.5714022628962994,13,9,4,1,D,Leicester,1,1.100052266381681,7.8726406786590815,7.729764981195331,2022
8646,Wout Faes,20,1539,1,1.2968616895377636,0,0.13708482589572668,8,3,3,0,D S,Leicester,1,1.2968616895377636,3.130095614120364,2.971174874342978,2024
8646,Wout Faes,20,1539,1,1.2968616895377636,0,0.13708482589572668,8,3,3,0,D S,Leicester,1,1.2968616895377636,3.130095614120364,2.971174874342978,2025
