id,player_name,games,time,goals,xG,assists,xA,shots,key_passes,yellow_cards,red_cards,position,team_title,npg,npxG,xGChain,xGBuildup,season
1299,Mario Lemina,25,1725,1,0.7032240023836493,1,0.6373134171590209,23,8,2,0,M S,Southampton,1,0.7032240023836493,4.044281837530434,2.887326509691775,2017
1299,Mario Lemina,21,1617,1,0.9026530049741268,1,1.32013900578022,25,13,5,0,M S,Southampton,1,0.9026530049741268,4.54834290407598,3.366244299337268,2018
1299,Mario Lemina,28,1706,1,1.2436586385592818,0,1.1261271238327026,19,12,5,0,D M S,Fulham,1,1.2436586385592818,4.9531535636633635,3.294961305335164,2020
1299,Mario Lemina,19,1325,0,0.2064824542030692,1,0.1570493020117283,9,3,2,1,M S,Wolverhampton Wanderers,0,0.2064824542030692,1.87073758803308,1.6012452561408281,2022
1299,Mario Lemina,35,3002,4,4.610754423774779,1,1.7865049708634615,48,20,10,1,M S,Wolverhampton Wanderers,4,4.610754423774779,8.971558410674334,6.0500337686389685,2023
1299,Mario Lemina,17,1366,1,1.1920787254348397,3,1.287991652265191,17,10,4,0,D M S,Wolverhampton Wanderers,1,1.1920787254348397,5.342703886330128,3.8733241255395114,2024
1299,Mario Lemina,17,1366,1,1.1920787254348397,3,1.287991652265191,17,10,4,0,D M S,Wolverhampton Wanderers,1,1.1920787254348397,5.342703886330128,3.8733241255395114,2025
