id,player_name,games,time,goals,xG,assists,xA,shots,key_passes,yellow_cards,red_cards,position,team_title,npg,npxG,xGChain,xGBuildup,season
7332,Max Kilman,1,1,0,0,0,0,0,0,0,0,S,Wolverhampton Wanderers,0,0,0,0,2018
7332,Max Kilman,3,183,0,0,0,0,0,0,0,0,D S,Wolverhampton Wanderers,0,0,0.035034600645303726,0.035034600645303726,2019
7332,Max Kilman,18,1291,0,0.30801629833877087,1,0.31305780448019505,6,5,4,0,D S,Wolverhampton Wanderers,0,0.30801629833877087,2.0295231211930513,1.8352266997098923,2020
7332,Max Kilman,30,2693,1,1.3776236288249493,0,0.1449057012796402,13,3,3,0,D,Wolverhampton Wanderers,1,1.3776236288249493,5.232632765546441,5.062295773997903,2021
7332,Max Kilman,37,3310,0,1.4871823685243726,0,0.19233915768563747,14,4,3,0,D,Wolverhampton Wanderers,0,1.4871823685243726,5.1283416245132685,4.97854402475059,2022
7332,Max Kilman,38,3420,2,2.598186601884663,0,1.1396792819723487,14,17,7,0,D,Wolverhampton Wanderers,2,2.598186601884663,9.353960192762315,8.874694420956075,2023
7332,Max Kilman,23,1998,0,1.5561721473932266,1,0.6441234722733498,10,10,3,0,D,West Ham,0,1.5561721473932266,5.190707225352526,4.673034656792879,2024
7332,Max Kilman,23,1998,0,1.5561721473932266,1,0.6441234722733498,10,10,3,0,D,West Ham,0,1.5561721473932266,5.190707225352526,4.673034656792879,2025
