id,player_name,games,time,goals,xG,assists,xA,shots,key_passes,yellow_cards,red_cards,position,team_title,npg,npxG,xGChain,xGBuildup,season
9948,Michael Olise,26,1125,2,1.4879501201212406,5,4.962619297206402,19,24,4,0,F M S,Crystal Palace,2,1.4879501201212406,7.787075158208609,5.307142198085785,2021
9948,Michael Olise,37,2774,2,2.659285433590412,11,7.174625148996711,51,72,2,0,F M S,Crystal Palace,2,2.659285433590412,8.7775584384799,3.4045963063836098,2022
9948,Michael Olise,19,1281,10,5.6874131839722395,6,5.196664724498987,56,35,0,0,F M S,Crystal Palace,9,4.926244312897325,12.075153382495046,5.0466043297201395,2023
