id,player_name,games,time,goals,xG,assists,xA,shots,key_passes,yellow_cards,red_cards,position,team_title,npg,npxG,xGChain,xGBuildup,season
10822,Wilson Odobert,29,2150,3,2.5438556540757418,2,4.427815416827798,49,31,3,0,F M S,Burnley,3,2.5438556540757418,10.004786113277078,4.203309727832675,2023
10822,Wilson Odobert,3,167,0,0.7416317705065012,0,0.050035580061376095,6,3,0,0,F S,Tottenham,0,0.7416317705065012,1.5612449571490288,0.8033932447433472,2024
10822,Wilson Odobert,3,167,0,0.7416317705065012,0,0.050035580061376095,6,3,0,0,F S,Tottenham,0,0.7416317705065012,1.5612449571490288,0.8033932447433472,2025
