id,player_name,games,time,goals,xG,assists,xA,shots,key_passes,yellow_cards,red_cards,position,team_title,npg,npxG,xGChain,xGBuildup,season
851,Gabriel Obertan,13,644,1,0.397959204390645,1,1.3407188840210438,7,14,0,0,M S,Newcastle United,1,0.397959204390645,2.5487296283245087,1.7081829011440277,2014
851,Gabriel Obertan,5,279,0,0.07401980087161064,1,0.19208629429340363,3,3,1,0,M S,Newcastle United,0,0.07401980087161064,0.25753870606422424,0.014132900163531303,2015
