id,player_name,games,time,goals,xG,assists,xA,shots,key_passes,yellow_cards,red_cards,position,team_title,npg,npxG,xGChain,xGBuildup,season
7236,Leander Dendoncker,19,1474,2,4.165364554151893,0,1.2851574923843145,17,7,1,0,M S,Wolverhampton Wanderers,2,4.165364554151893,6.670169539749622,3.1572436466813087,2018
7236,Leander Dendoncker,38,2793,4,2.638044427614659,0,0.7169406125321984,20,9,5,0,D M S,Wolverhampton Wanderers,4,2.638044427614659,9.559086433146149,8.402886467054486,2019
7236,Leander Dendoncker,33,2500,1,3.3815979287028313,0,0.5813325960189104,31,17,4,0,D M S,Wolverhampton Wanderers,1,3.3815979287028313,8.177474899217486,5.363242764025927,2020
7236,Leander Dendoncker,30,1941,2,2.4547893097624183,2,0.9651257283985615,23,11,4,0,M S,Wolverhampton Wanderers,2,2.4547893097624183,5.3461217898875475,3.243610193952918,2021
7236,Leander Dendoncker,24,888,0,0.5861904192715883,0,0.6650882922112942,5,7,0,0,M S,"Aston Villa,Wolverhampton Wanderers",0,0.5861904192715883,3.378464750945568,2.797117682173848,2022
7236,Leander Dendoncker,8,117,1,0.8101427890360355,0,0,2,0,0,0,M S,Aston Villa,1,0.8101427890360355,0.636492345482111,0.5911310315132141,2023
