id,player_name,games,time,goals,xG,assists,xA,shots,key_passes,yellow_cards,red_cards,position,team_title,npg,npxG,xGChain,xGBuildup,season
8706,Eberechi Eze,34,2570,4,2.494570924434811,6,3.741961975581944,37,42,3,0,M S,Crystal Palace,4,2.494570924434811,7.996476820204407,3.959955094382167,2020
8706,Eberechi Eze,13,597,1,0.4566667973995209,1,0.9693568199872971,10,11,1,0,F M S,Crystal Palace,1,0.4566667973995209,1.7385775223374367,1.2302385084331036,2021
8706,Eberechi Eze,38,2657,10,6.831764040514827,4,4.619440779089928,70,57,3,0,F M S,Crystal Palace,9,6.070595199242234,11.0957055054605,4.369746007025242,2022
8706,Eberechi Eze,27,2097,11,9.37310928851366,4,6.844833366572857,83,54,3,0,F M S,Crystal Palace,10,8.611940443515778,16.38165108114481,6.3479389026761055,2023
8706,Eberechi Eze,19,1614,2,5.101386647671461,5,4.207150494679809,65,41,1,0,F M,Crystal Palace,2,5.101386647671461,10.144151519984007,4.3697302006185055,2024
8706,Eberechi Eze,19,1614,2,5.101386647671461,5,4.207150494679809,65,41,1,0,F M,Crystal Palace,2,5.101386647671461,10.144151519984007,4.3697302006185055,2025
