id,player_name,games,time,goals,xG,assists,xA,shots,key_passes,yellow_cards,red_cards,position,team_title,npg,npxG,xGChain,xGBuildup,season
7696,Teemu Pukki,36,2908,11,11.524341631680727,3,3.6190149765461683,80,30,3,0,F S,Norwich,9,10.002006579190493,14.751469133421779,2.368443002924323,2019
7696,Teemu Pukki,37,3278,11,11.44952037371695,3,4.062802174128592,71,27,4,0,F,Norwich,8,9.166050033643842,11.974240876734257,1.043409519828856,2021
