id,player_name,games,time,goals,xG,assists,xA,shots,key_passes,yellow_cards,red_cards,position,team_title,npg,npxG,xGChain,xGBuildup,season
11384,João Gomes,11,650,1,0.20527732465416193,0,0.12254814058542252,4,5,5,0,M S,Wolverhampton Wanderers,1,0.20527732465416193,1.6348600052297115,1.3494900930672884,2022
11384,João Gomes,34,2690,2,1.8554088305681944,1,1.327573673799634,26,19,11,0,M S,Wolverhampton Wanderers,2,1.8554088305681944,6.302764528430998,4.639164644293487,2023
11384,João Gomes,22,1895,2,1.79392777569592,1,0.7357519082725048,17,15,6,1,M,Wolverhampton Wanderers,2,1.79392777569592,7.649440322071314,5.860657162964344,2024
11384,João Gomes,22,1895,2,1.79392777569592,1,0.7357519082725048,17,15,6,1,M,Wolverhampton Wanderers,2,1.79392777569592,7.649440322071314,5.860657162964344,2025
