id,player_name,games,time,goals,xG,assists,xA,shots,key_passes,yellow_cards,red_cards,position,team_title,npg,npxG,xGChain,xGBuildup,season
5973,Kenny Tete,22,1483,0,0.2111262995749712,1,0.9065475072711706,7,19,3,0,D S,Fulham,0,0.2111262995749712,3.743922509253025,2.7555710561573505,2020
5973,Kenny Tete,31,2589,1,0.7199479946866632,5,2.3401720114052296,13,23,8,0,D S,Fulham,1,0.7199479946866632,6.9487364469096065,4.787528486922383,2022
5973,Kenny Tete,14,880,1,1.1781789623200893,0,0.16147804353386164,4,3,2,0,D S,Fulham,1,1.1781789623200893,1.8050313368439674,1.7335399203002453,2023
5973,Kenny Tete,15,1278,0,1.2920048143714666,2,0.5084680076688528,19,5,3,0,D,Fulham,0,1.2920048143714666,4.972746174782515,4.368474267423153,2024
5973,Kenny Tete,15,1278,0,1.2920048143714666,2,0.5084680076688528,19,5,3,0,D,Fulham,0,1.2920048143714666,4.972746174782515,4.368474267423153,2025
