id,player_name,games,time,goals,xG,assists,xA,shots,key_passes,yellow_cards,red_cards,position,team_title,npg,npxG,xGChain,xGBuildup,season
461,Matt Ritchie,37,2985,4,4.234732269309461,6,3.577278872951865,77,41,5,0,M S,Bournemouth,4,4.234732269309461,9.965598065406084,5.387163908220828,2015
461,Matt Ritchie,35,2822,3,3.193384911864996,5,6.588136021979153,58,53,6,0,D M S,Newcastle United,3,3.193384911864996,10.309619572013617,5.674186337739229,2017
461,Matt Ritchie,36,2965,2,4.438610089942813,8,5.112595105543733,41,60,9,0,D M S,Newcastle United,1,2.9162715887650847,10.178969887085259,4.69108683988452,2018
461,Matt Ritchie,18,1321,2,1.5107389856129885,1,2.3453653752803802,26,32,4,0,D M S,Newcastle United,2,0.7495703659951687,2.739801784977317,1.418418824672699,2019
461,Matt Ritchie,18,1360,0,0.33010069839656353,2,2.49234551936388,11,24,2,0,D M S,Newcastle United,0,0.33010069839656353,5.130528144538403,4.383479591459036,2020
461,Matt Ritchie,18,1335,0,0.3662854041904211,2,1.964722783304751,10,29,5,0,D S,Newcastle United,0,0.3662854041904211,2.9606213998049498,2.4114663805812597,2021
461,Matt Ritchie,7,25,0,0,0,0.0817376971244812,0,1,0,0,S,Newcastle United,0,0,0.12443900108337402,0.12443900108337402,2022
461,Matt Ritchie,13,97,1,1.525990355759859,0,0,6,0,1,0,S,Newcastle United,1,1.525990355759859,2.365898761898279,0.8581954278051853,2023
