id,player_name,games,time,goals,xG,assists,xA,shots,key_passes,yellow_cards,red_cards,position,team_title,npg,npxG,xGChain,xGBuildup,season
7582,Mark Travers,2,180,0,0,0,0,0,0,0,0,GK,Bournemouth,0,0,0.9676400125026703,0.9676400125026703,2018
7582,Mark Travers,1,90,0,0,0,0,0,0,0,0,GK,Bournemouth,0,0,0.019804799929261208,0.019804799929261208,2019
7582,Mark Travers,12,1030,0,0,0,0,0,0,0,0,GK S,Bournemouth,0,0,0.7557743489742279,0.7557743489742279,2022
7582,Mark Travers,4,360,0,0,0,0,0,0,0,0,GK,Bournemouth,0,0,0,0,2023
7582,Mark Travers,5,450,0,0,0,0,0,0,0,0,GK,Bournemouth,0,0,0.5100627075880766,0.5100627075880766,2024
7582,Mark Travers,5,450,0,0,0,0,0,0,0,0,GK,Bournemouth,0,0,0.5100627075880766,0.5100627075880766,2025
