id,player_name,games,time,goals,xG,assists,xA,shots,key_passes,yellow_cards,red_cards,position,team_title,npg,npxG,xGChain,xGBuildup,season
2446,Dani Ceballos,24,1722,0,0.47007399424910545,2,1.5761437863111496,13,28,1,0,M S,Arsenal,0,0.47007399424910545,8.6631198246032,7.352911818772554,2019
2446,Dani Ceballos,25,1613,0,0.6592578887939453,3,2.578972002491355,13,27,4,0,M S,Arsenal,0,0.6592578887939453,9.275819662958384,8.116629021242261,2020
