id,player_name,games,time,goals,xG,assists,xA,shots,key_passes,yellow_cards,red_cards,position,team_title,npg,npxG,xGChain,xGBuildup,season
8919,Leif Davis,2,28,0,0,0,0,0,0,0,0,S,Leeds,0,0,0.23299899697303772,0.23299899697303772,2020
8919,Leif Davis,23,2033,1,0.5853227153420448,2,4.702379558235407,11,41,5,0,D,Ipswich,1,0.5853227153420448,5.557006973773241,3.226379342377186,2024
8919,Leif Davis,23,2033,1,0.5853227153420448,2,4.702379558235407,11,41,5,0,D,Ipswich,1,0.5853227153420448,5.557006973773241,3.226379342377186,2025
