id,player_name,games,time,goals,xG,assists,xA,shots,key_passes,yellow_cards,red_cards,position,team_title,npg,npxG,xGChain,xGBuildup,season
743,Dwight Gayle,25,1069,5,5.163300700485706,1,0.7665089014917612,30,16,1,0,F M S,Crystal Palace,4,4.402129657566547,3.3746648989617825,0.8092566914856434,2014
743,Dwight Gayle,16,755,3,3.890564911067486,0,0.71475759614259,22,8,1,1,F M S,Crystal Palace,3,3.890564911067486,4.844457071274519,0.9086993029341102,2015
743,Dwight Gayle,35,1968,6,9.672669507563114,3,2.3920685946941376,57,21,3,0,F S,Newcastle United,6,9.672669507563114,11.067819619551301,1.839150009676814,2017
743,Dwight Gayle,20,856,4,4.639504801481962,2,0.8900674963369966,23,6,2,0,F S,Newcastle United,4,4.639504801481962,5.124928418546915,1.8412651643157005,2019
743,Dwight Gayle,18,483,1,2.929792396724224,1,0.2755555026233196,16,6,0,0,F S,Newcastle United,1,2.929792396724224,3.037845218554139,0.5140487160533667,2020
743,Dwight Gayle,8,20,0,0.21234619617462158,0,0.4094130927696824,2,2,1,0,S,Newcastle United,0,0.21234619617462158,0.621760287322104,0.010893099941313267,2021
