id,player_name,games,time,goals,xG,assists,xA,shots,key_passes,yellow_cards,red_cards,position,team_title,npg,npxG,xGChain,xGBuildup,season
8562,Luke Thomas,3,270,0,0,1,0.6299819946289062,0,9,0,0,D,Leicester,0,0,1.3788530230522156,1.26773601770401,2019
8562,Luke Thomas,14,982,1,0.2702021040022373,0,0.947651319205761,7,7,2,0,D M S,Leicester,1,0.2702021040022373,2.1523557733744383,1.729158366099,2020
8562,Luke Thomas,22,1915,0,0.1825287975370884,1,1.415246207267046,4,12,2,0,D M S,Leicester,0,0.1825287975370884,5.838355425745249,4.690966442227364,2021
8562,Luke Thomas,17,1064,0,0.08259913139045238,0,0.5999135356396437,3,4,3,0,D S,Leicester,0,0.08259913139045238,3.165864273905754,2.7837561294436455,2022
8562,Luke Thomas,12,940,0,0.6857008039951324,0,0.06999615393579006,6,2,3,0,D M S,Sheffield United,0,0.6857008039951324,1.4491792991757393,0.7634785007685423,2023
8562,Luke Thomas,2,180,0,0.03371269628405571,0,0,1,0,0,0,D,Leicester,0,0.03371269628405571,0.0587538480758667,0.0587538480758667,2024
8562,Luke Thomas,2,180,0,0.03371269628405571,0,0,1,0,0,0,D,Leicester,0,0.03371269628405571,0.0587538480758667,0.0587538480758667,2025
