id,player_name,games,time,goals,xG,assists,xA,shots,key_passes,yellow_cards,red_cards,position,team_title,npg,npxG,xGChain,xGBuildup,season
6854,Diogo Jota,33,2402,9,8.907187035307288,5,5.536082427948713,58,27,11,0,F M S,Wolverhampton Wanderers,9,8.907187035307288,16.15042337961495,4.578143451362848,2018
6854,Diogo Jota,34,2329,7,12.017677284777164,1,2.642562847584486,69,29,4,0,F M S,Wolverhampton Wanderers,7,12.017677284777164,16.149933034554124,4.098004737868905,2019
6854,Diogo Jota,19,1114,9,7.057722978293896,0,1.7625195607542992,46,12,2,0,F M S,Liverpool,9,7.057722978293896,10.972966209053993,4.07609829492867,2020
6854,Diogo Jota,35,2401,15,17.34798476099968,4,5.874588536098599,90,40,3,0,F S,Liverpool,15,17.34798476099968,25.77840629965067,6.919248638674617,2021
6854,Diogo Jota,22,1132,7,6.437793597579002,4,1.7756053674966097,35,17,2,0,F M S,Liverpool,7,6.437793597579002,8.173869889229536,3.9002224784344435,2022
6854,Diogo Jota,21,1164,10,6.724682793021202,3,3.19649357162416,41,23,1,1,F S,Liverpool,10,6.724682793021202,12.289753511548042,5.313873592764139,2023
6854,Diogo Jota,13,622,5,6.432093687355518,2,1.0941256023943424,25,6,1,0,F S,Liverpool,5,6.432093687355518,8.656437426805496,2.177586928009987,2024
6854,Diogo Jota,13,622,5,6.432093687355518,2,1.0941256023943424,25,6,1,0,F S,Liverpool,5,6.432093687355518,8.656437426805496,2.177586928009987,2025
