id,player_name,games,time,goals,xG,assists,xA,shots,key_passes,yellow_cards,red_cards,position,team_title,npg,npxG,xGChain,xGBuildup,season
648,Nacer Chadli,35,2423,11,6.8655270310118794,5,3.9355596313253045,54,41,3,0,M S,Tottenham,11,6.8655270310118794,15.642376329749823,8.626996045000851,2014
648,Nacer Chadli,29,922,3,2.929527999833226,2,2.760443637147546,25,24,1,0,M S,Tottenham,3,2.929527999833226,6.457753540948033,3.0467014890164137,2015
648,Nacer Chadli,31,2169,5,5.810080662369728,5,4.2694517113268375,47,33,2,0,F M S,West Bromwich Albion,4,5.048912689089775,9.24325474910438,3.2578446213155985,2016
648,Nacer Chadli,5,216,1,0.12475369870662689,0,0.09982279688119888,4,2,1,0,F M S,West Bromwich Albion,1,0.12475369870662689,0.23006809502840042,0.11135939881205559,2017
