id,player_name,games,time,goals,xG,assists,xA,shots,key_passes,yellow_cards,red_cards,position,team_title,npg,npxG,xGChain,xGBuildup,season
1656,George Boyd,36,3035,5,3.4792185835540295,2,3.5598804811015725,49,36,7,0,M S,"Burnley,Hull",5,3.4792185835540295,9.525840185582638,3.811834577471018,2014
1656,George Boyd,36,2866,2,1.4767534052953124,1,2.1451754877343774,34,17,3,0,M S,Burnley,2,1.4767534052953124,4.605845753103495,1.8933543134480715,2016
