id,player_name,games,time,goals,xG,assists,xA,shots,key_passes,yellow_cards,red_cards,position,team_title,npg,npxG,xGChain,xGBuildup,season
4406,Lazar Markovic,19,932,2,1.880378445610404,1,1.4619445130228996,16,20,0,0,M S,Liverpool,2,1.880378445610404,5.297793449833989,2.2078895308077335,2014
4406,Lazar Markovic,12,1024,2,2.2206648513674736,0,0.445965301245451,12,8,4,0,M,Hull,2,2.2206648513674736,3.597358813509345,1.0627347063273191,2016
4406,Lazar Markovic,1,42,0,0,0,0.013624699786305428,0,1,0,0,S,Fulham,0,0,0.013624699786305428,0,2018
