id,player_name,games,time,goals,xG,assists,xA,shots,key_passes,yellow_cards,red_cards,position,team_title,npg,npxG,xGChain,xGBuildup,season
6834,Joe Bryan,28,2364,0,0.5458203721791506,1,4.403665913268924,21,24,5,0,D M S,Fulham,0,0.5458203721791506,7.157669380307198,4.914036851376295,2018
6834,Joe Bryan,16,658,1,0.5813569035381079,0,0.27269429713487625,8,5,2,0,D M S,Fulham,1,0.5813569035381079,1.899183414876461,1.3006593212485313,2020
