id,player_name,games,time,goals,xG,assists,xA,shots,key_passes,yellow_cards,red_cards,position,team_title,npg,npxG,xGChain,xGBuildup,season
13038,Justin Devenny,10,249,1,0.6746046971529722,0,0.4475628864020109,5,5,0,0,M S,Crystal Palace,1,0.6746046971529722,1.1343317776918411,0.4476877935230732,2024
13038,Justin Devenny,10,249,1,0.6746046971529722,0,0.4475628864020109,5,5,0,0,M S,Crystal Palace,1,0.6746046971529722,1.1343317776918411,0.4476877935230732,2025
