id,player_name,games,time,goals,xG,assists,xA,shots,key_passes,yellow_cards,red_cards,position,team_title,npg,npxG,xGChain,xGBuildup,season
6818,James Maddison,36,2877,7,7.372485462576151,7,7.935436034575105,83,100,3,1,F M S,Leicester,6,5.850147128105164,15.304548813030124,6.967958451714367,2018
6818,James Maddison,31,2632,6,5.0217751413583755,3,5.76851593144238,74,79,4,0,M S,Leicester,6,5.0217751413583755,14.378998031839728,8.763979986310005,2019
6818,James Maddison,31,2123,8,3.8275705073028803,5,5.386723550967872,75,50,4,0,M S,Leicester,8,3.8275705073028803,11.743434881791472,6.07312859967351,2020
6818,James Maddison,35,2480,12,6.496711893007159,8,5.6742051569744945,72,48,3,0,F M S,Leicester,12,6.496711893007159,14.606812160462141,5.826918383128941,2021
6818,James Maddison,30,2485,10,8.489387180656195,9,7.773198906332254,85,69,10,0,F M S,Leicester,9,6.967049431055784,15.354668013751507,6.399377454072237,2022
6818,James Maddison,28,2206,4,6.2975962068885565,9,7.142374597489834,57,66,5,0,M S,Tottenham,4,6.2975962068885565,20.873470183461905,12.04095826484263,2023
6818,James Maddison,22,1326,8,5.10798280313611,4,3.5701924338936806,35,26,4,0,M S,Tottenham,8,5.10798280313611,11.72953637689352,5.954621544107795,2024
6818,James Maddison,22,1326,8,5.10798280313611,4,3.5701924338936806,35,26,4,0,M S,Tottenham,8,5.10798280313611,11.72953637689352,5.954621544107795,2025
