id,player_name,games,time,goals,xG,assists,xA,shots,key_passes,yellow_cards,red_cards,position,team_title,npg,npxG,xGChain,xGBuildup,season
6500,Romain Perraud,20,1630,0,0.7305768830701709,1,0.4040513997897506,19,8,3,0,D M S,Southampton,0,0.7305768830701709,3.1580281164497137,2.5399267859756947,2021
6500,Romain Perraud,29,1842,2,1.2091420125216246,2,2.2668228521943092,29,15,4,0,D M S,Southampton,2,1.2091420125216246,4.521617898717523,2.6945367883890867,2022
