id,player_name,games,time,goals,xG,assists,xA,shots,key_passes,yellow_cards,red_cards,position,team_title,npg,npxG,xGChain,xGBuildup,season
7700,Che Adams,30,1096,4,5.865680541843176,2,1.988808723166585,36,13,0,0,F S,Southampton,4,5.865680541843176,7.280021192505956,1.2057215981185436,2019
7700,Che Adams,36,2685,9,12.118733704090118,5,5.227753119543195,55,37,1,0,F S,Southampton,9,12.118733704090118,14.486906673759222,2.744625011458993,2020
7700,Che Adams,30,2039,7,8.289287440478802,3,2.845940789207816,49,25,0,0,F M S,Southampton,7,8.289287440478802,10.300948925316334,1.4006276857107878,2021
7700,Che Adams,28,2019,5,7.306276918388903,3,2.7257514875382185,47,24,1,0,F M S,Southampton,5,7.306276918388903,11.955216951668262,4.128748474642634,2022
