id,player_name,games,time,goals,xG,assists,xA,shots,key_passes,yellow_cards,red_cards,position,team_title,npg,npxG,xGChain,xGBuildup,season
711,Leroy Fer,29,2375,6,5.116700321435928,2,3.5862074815668166,54,48,4,0,M S,Queens Park Rangers,6,5.116700321435928,10.68013789691031,4.389066057279706,2014
711,Leroy Fer,11,758,0,0.24855540320277214,2,0.46330579929053783,5,8,2,0,M S,Swansea,0,0.24855540320277214,1.7984610479325056,1.4547816831618547,2015
711,Leroy Fer,34,2393,6,5.205665404908359,2,1.0550480000674725,36,18,9,0,D M S,Swansea,6,5.205665404908359,7.079867891967297,4.92977986112237,2016
711,Leroy Fer,20,1399,1,1.6069245170801878,1,1.1950314790010452,12,10,5,0,M S,Swansea,1,1.6069245170801878,3.0076423790305853,1.7274935189634562,2017
