id,player_name,games,time,goals,xG,assists,xA,shots,key_passes,yellow_cards,red_cards,position,team_title,npg,npxG,xGChain,xGBuildup,season
12633,Yunus Konak,5,14,0,0.10903885960578918,0,0,1,0,0,0,S,Brentford,0,0.10903885960578918,0.10903885960578918,0,2024
12633,Yunus Konak,5,14,0,0.10903885960578918,0,0,1,0,0,0,S,Brentford,0,0.10903885960578918,0.10903885960578918,0,2025
