id,player_name,games,time,goals,xG,assists,xA,shots,key_passes,yellow_cards,red_cards,position,team_title,npg,npxG,xGChain,xGBuildup,season
955,Ritchie de Laet,26,1881,0,0.04612219985574484,1,1.1547532957047224,4,12,3,0,D S,Leicester,0,0.04612219985574484,3.58292705565691,2.8420774210244417,2014
955,Ritchie de Laet,12,655,1,0.1470789983868599,0,0.33159539848566055,2,6,1,0,D S,Leicester,1,0.1470789983868599,1.1408209782093763,0.7576774023473263,2015
