id,player_name,games,time,goals,xG,assists,xA,shots,key_passes,yellow_cards,red_cards,position,team_title,npg,npxG,xGChain,xGBuildup,season
1227,Lucas Torreira,34,2366,2,1.8013441786170006,2,1.7125501278787851,25,16,7,1,M S,Arsenal,2,1.8013441786170006,11.160715727135539,9.01854950748384,2018
1227,Lucas Torreira,29,1496,1,1.4572498127818108,1,0.8258084943518043,21,13,7,0,M S,Arsenal,1,1.4572498127818108,6.481221791356802,4.913524277508259,2019
