id,player_name,games,time,goals,xG,assists,xA,shots,key_passes,yellow_cards,red_cards,position,team_title,npg,npxG,xGChain,xGBuildup,season
3303,Ricardo Pereira,35,3129,2,1.1817344026640058,6,5.129706803709269,25,33,7,0,D F M,Leicester,2,1.1817344026640058,11.345705421641469,8.283478603698313,2018
3303,Ricardo Pereira,28,2520,3,1.2652331097051501,2,4.018955676816404,18,27,1,0,D M,Leicester,3,1.2652331097051501,11.059816289693117,8.115902069956064,2019
3303,Ricardo Pereira,15,954,0,0.36339329183101654,1,0.7606751918792725,7,10,3,0,D M S,Leicester,0,0.36339329183101654,4.405816070735455,3.7367751225829124,2020
3303,Ricardo Pereira,14,1000,1,0.5782482028007507,3,1.4025978948920965,10,10,3,0,D M S,Leicester,1,0.5782482028007507,5.104849815368652,4.257838945835829,2021
3303,Ricardo Pereira,10,450,1,0.08412889763712883,1,0.41531921178102493,2,7,2,0,D M S,Leicester,1,0.08412889763712883,1.4952941313385963,1.1759900078177452,2022
3303,Ricardo Pereira,2,152,0,0,0,0,0,0,1,0,D,Leicester,0,0,0.7257481664419174,0.7257481664419174,2024
3303,Ricardo Pereira,2,152,0,0,0,0,0,0,1,0,D,Leicester,0,0,0.7257481664419174,0.7257481664419174,2025
