id,player_name,games,time,goals,xG,assists,xA,shots,key_passes,yellow_cards,red_cards,position,team_title,npg,npxG,xGChain,xGBuildup,season
239,Pascal Groﬂ,38,2979,7,3.33502649795264,8,8.656003165990114,43,81,2,0,F M S,Brighton,6,2.5738579919561744,12.210078336298466,5.425927145406604,2017
239,Pascal Groﬂ,25,1896,3,4.143627982586622,3,5.608689437620342,24,54,1,0,M S,Brighton,2,2.621289949864149,6.614904586225748,2.3560402346774936,2018
239,Pascal Groﬂ,29,1812,2,1.4560961024835706,4,5.95470461063087,29,59,4,0,F M S,Brighton,2,1.4560961024835706,8.312002453953028,6.019410947337747,2019
239,Pascal Groﬂ,34,2469,3,5.0105255879461765,8,5.368288877420127,32,69,3,0,D M S,Brighton,0,1.9658873826265335,10.404416730627418,6.732295922935009,2020
239,Pascal Groﬂ,29,2044,2,2.865339705720544,4,5.7902722135186195,23,60,1,0,D F M S,Brighton,2,2.104170685634017,9.946591524407268,5.546557137742639,2021
239,Pascal Groﬂ,37,3261,9,5.954401790164411,8,11.246030485257506,40,80,6,0,D F M,Brighton,9,5.954401790164411,25.252408916130662,15.00836755335331,2022
239,Pascal Groﬂ,36,3107,4,6.07863125950098,10,8.449651076458395,55,101,6,0,D M S,Brighton,3,5.317462421953678,23.865680940449238,17.94647761248052,2023
