id,player_name,games,time,goals,xG,assists,xA,shots,key_passes,yellow_cards,red_cards,position,team_title,npg,npxG,xGChain,xGBuildup,season
204,Granit Xhaka,32,2492,2,0.9050186015665531,2,2.115309687331319,34,35,5,2,M S,Arsenal,2,0.9050186015665531,13.469469396397471,12.100475447252393,2016
204,Granit Xhaka,38,3274,1,2.1774980118498206,7,2.8609325354918838,66,39,10,0,M S,Arsenal,1,2.1774980118498206,24.630710953846574,22.75941666867584,2017
204,Granit Xhaka,29,2511,4,1.8811397179961205,2,3.515733541920781,29,40,10,0,D M,Arsenal,4,1.8811397179961205,15.243711369112134,12.580725133419037,2018
204,Granit Xhaka,31,2598,1,0.5712299924343824,2,0.972196189686656,11,16,10,0,M S,Arsenal,1,0.5712299924343824,12.973864022642374,12.263061579316854,2019
204,Granit Xhaka,31,2537,1,0.7788539975881577,2,1.4596665930002928,21,17,7,1,D M S,Arsenal,1,0.7788539975881577,13.89865631237626,12.85003492794931,2020
204,Granit Xhaka,27,2338,1,1.1074839858338237,2,2.4247115943580866,27,32,10,1,D M,Arsenal,1,1.1074839858338237,13.480487655848265,10.990657599642873,2021
204,Granit Xhaka,37,3039,7,5.785433189943433,7,4.802904064767063,40,46,4,0,M S,Arsenal,7,5.785433189943433,21.03214856982231,14.246417433023453,2022
