id,player_name,games,time,goals,xG,assists,xA,shots,key_passes,yellow_cards,red_cards,position,team_title,npg,npxG,xGChain,xGBuildup,season
497,Francis Coquelin,22,1667,0,0.08362239971756935,0,0.18764719553291798,5,5,5,0,M S,Arsenal,0,0.08362239971756935,6.154337789863348,6.035231921821833,2014
497,Francis Coquelin,26,1652,0,0.15509640332311392,0,0.34837569296360016,8,6,5,1,M S,Arsenal,0,0.15509640332311392,10.673911213874817,10.341711435467005,2015
497,Francis Coquelin,29,1799,0,0.7722077909857035,0,0.6728747999295592,14,15,5,0,M S,Arsenal,0,0.7722077909857035,9.351144429296255,8.483365919440985,2016
497,Francis Coquelin,7,155,0,0.08386419713497162,0,0.5104960203170776,1,1,0,0,D S,Arsenal,0,0.08386419713497162,0.5776305049657822,0.49376630783081055,2017
