id,player_name,games,time,goals,xG,assists,xA,shots,key_passes,yellow_cards,red_cards,position,team_title,npg,npxG,xGChain,xGBuildup,season
4105,Raúl Jiménez,38,3143,13,14.27359064668417,7,6.991127401590347,111,42,4,0,F M S,Wolverhampton Wanderers,11,12.75125465542078,20.917925838381052,4.337960259057581,2018
4105,Raúl Jiménez,38,3269,17,16.510803668759763,6,7.226944707334042,117,48,3,0,F S,Wolverhampton Wanderers,13,13.466126619838178,22.560237324796617,5.709535629488528,2019
4105,Raúl Jiménez,10,824,4,2.360906094312668,0,0.6329620033502579,26,6,0,0,F,Wolverhampton Wanderers,4,2.360906094312668,3.684073407202959,1.2332109939306974,2020
4105,Raúl Jiménez,34,2651,6,7.0713795982301235,4,3.394018276594579,57,38,5,2,F M S,Wolverhampton Wanderers,5,6.310211572796106,12.290305624715984,4.058563692960888,2021
4105,Raúl Jiménez,15,842,0,2.711337735876441,1,1.5050795823335648,20,9,0,0,F S,Wolverhampton Wanderers,0,2.711337735876441,4.212750431150198,1.0135074984282255,2022
4105,Raúl Jiménez,24,1423,7,5.9900733437389135,0,1.6923745833337307,41,11,3,1,F S,Fulham,7,5.9900733437389135,7.9016893692314625,1.7369755171239376,2023
4105,Raúl Jiménez,23,1479,8,10.038490805774927,2,2.961323957890272,56,12,3,0,F S,Fulham,5,7.754984218627214,11.277624886482954,3.0491343792527914,2024
4105,Raúl Jiménez,23,1479,8,10.038490805774927,2,2.961323957890272,56,12,3,0,F S,Fulham,5,7.754984218627214,11.277624886482954,3.0491343792527914,2025
