id,player_name,games,time,goals,xG,assists,xA,shots,key_passes,yellow_cards,red_cards,position,team_title,npg,npxG,xGChain,xGBuildup,season
6851,Conor Coady,38,3420,0,0,0,0.013486499898135662,0,2,5,0,D,Wolverhampton Wanderers,0,0,6.792535844258964,6.779048862867057,2018
6851,Conor Coady,38,3420,0,0,0,0.5321239102631807,0,5,5,0,D,Wolverhampton Wanderers,0,0,9.533745470456779,9.087925267405808,2019
6851,Conor Coady,37,3305,1,1.4450342124328017,0,0.19623779505491257,7,3,5,0,D,Wolverhampton Wanderers,1,1.4450342124328017,5.043202399276197,4.874850797466934,2020
6851,Conor Coady,38,3369,4,2.3264750596135855,0,0.0783219002187252,12,3,4,0,D,Wolverhampton Wanderers,4,2.3264750596135855,5.348749686963856,5.322400999255478,2021
6851,Conor Coady,24,2096,1,0.6148279123008251,1,0.4616532074287534,4,4,2,0,D S,Everton,1,0.6148279123008251,2.696392798796296,2.2494612988084555,2022
6851,Conor Coady,10,717,0,0,0,0.07015308737754822,0,1,1,0,D S,Leicester,0,0,1.9904902204871178,1.9203371331095695,2024
6851,Conor Coady,10,717,0,0,0,0.07015308737754822,0,1,1,0,D S,Leicester,0,0,1.9904902204871178,1.9203371331095695,2025
