id,player_name,games,time,goals,xG,assists,xA,shots,key_passes,yellow_cards,red_cards,position,team_title,npg,npxG,xGChain,xGBuildup,season
630,Marouane Fellaini,27,1824,6,5.314917378127575,0,1.151918701827526,36,21,5,1,M S,Manchester United,6,5.314917378127575,9.252810306847095,4.70386603847146,2014
630,Marouane Fellaini,18,1069,1,4.1750429049134254,0,0.6421577008441091,23,11,2,0,F M S,Manchester United,1,4.1750429049134254,5.463912703096867,2.704396478831768,2015
630,Marouane Fellaini,28,1591,1,2.173114680685103,0,0.6634103013202548,23,18,9,1,M S,Manchester United,1,2.173114680685103,6.072387358173728,4.51458203047514,2016
630,Marouane Fellaini,16,601,4,2.731988660991192,0,0.16125589795410633,10,5,1,0,M S,Manchester United,4,2.731988660991192,3.95924006216228,2.3747177785262465,2017
630,Marouane Fellaini,14,728,0,0.7338949963450432,1,0.20478229597210884,7,3,1,0,M S,Manchester United,0,0.7338949963450432,1.9953790679574013,1.2806162796914577,2018
