id,player_name,games,time,goals,xG,assists,xA,shots,key_passes,yellow_cards,red_cards,position,team_title,npg,npxG,xGChain,xGBuildup,season
882,Glenn Murray,17,859,7,9.534023240208626,3,1.5268471762537956,38,7,3,1,F S,Crystal Palace,6,8.011716201901436,5.485772617161274,0.8191252984106541,2014
882,Glenn Murray,21,789,3,4.022136937826872,0,0.5152826830744743,25,9,2,0,F S,"Bournemouth,Crystal Palace",3,3.260970901697874,4.098630301654339,1.3828989900648594,2015
882,Glenn Murray,35,2204,12,12.380600294098258,0,1.2383802104741335,52,16,9,0,F S,Brighton,8,7.8135867696255445,8.483373191207647,1.6577225178480148,2017
882,Glenn Murray,38,2517,13,11.541342769749463,1,1.118022283539176,54,12,5,0,F S,Brighton,9,8.49666924867779,8.42803693935275,1.396012045443058,2018
882,Glenn Murray,23,761,1,2.6061216220259666,1,0.8675274848937988,18,3,0,0,F S,Brighton,1,2.6061216220259666,3.274798784404993,0.6036572121083736,2019
