id,player_name,games,time,goals,xG,assists,xA,shots,key_passes,yellow_cards,red_cards,position,team_title,npg,npxG,xGChain,xGBuildup,season
6963,Justin Kluivert,32,2029,7,7.296913180500269,1,1.6692864689975977,56,21,5,0,M S,Bournemouth,7,7.296913180500269,11.757105719298124,4.571535241790116,2023
6963,Justin Kluivert,22,1480,11,8.662445729598403,4,3.038724932819605,46,25,6,0,M S,Bournemouth,5,4.095432598143816,10.134203422814608,4.095957329496741,2024
6963,Justin Kluivert,22,1480,11,8.662445729598403,4,3.038724932819605,46,25,6,0,M S,Bournemouth,5,4.095432598143816,10.134203422814608,4.095957329496741,2025
