id,player_name,games,time,goals,xG,assists,xA,shots,key_passes,yellow_cards,red_cards,position,team_title,npg,npxG,xGChain,xGBuildup,season
519,Connor Wickham,36,2782,5,7.663331899791956,1,1.7667267946526408,83,21,8,0,F M S,Sunderland,5,7.663331899791956,12.304913464933634,4.778480676934123,2014
519,Connor Wickham,21,1328,5,4.318102177232504,3,0.8700869707390666,34,12,1,0,F M S,Crystal Palace,4,3.5569338016211987,4.5478780921548605,1.5450099892914295,2015
519,Connor Wickham,8,406,2,1.089648500084877,0,0,10,0,1,0,F M S,Crystal Palace,2,1.089648500084877,1.2747620977461338,0.3482366017997265,2016
519,Connor Wickham,6,56,0,0.34290069341659546,1,0.39424100518226624,5,4,0,0,S,Crystal Palace,0,0.34290069341659546,0.658871978521347,0.14185500144958496,2018
519,Connor Wickham,6,78,1,1.115553367882967,1,0.42374439537525177,3,3,0,0,S,Crystal Palace,1,1.115553367882967,1.451029408723116,0.019518300890922546,2019
