id,player_name,games,time,goals,xG,assists,xA,shots,key_passes,yellow_cards,red_cards,position,team_title,npg,npxG,xGChain,xGBuildup,season
9740,José Sá,37,3291,0,0,1,0.3950190022587776,0,2,3,0,GK,Wolverhampton Wanderers,0,0,2.492334073409438,2.0973150711506605,2021
9740,José Sá,36,3240,0,0,0,0,0,0,2,0,GK,Wolverhampton Wanderers,0,0,1.553518857806921,1.553518857806921,2022
9740,José Sá,35,3041,0,0,0,0,0,0,1,0,GK,Wolverhampton Wanderers,0,0,2.765407490544021,2.765407490544021,2023
9740,José Sá,16,1440,0,0,0,0.04811991564929485,0,2,1,0,GK,Wolverhampton Wanderers,0,0,0.6265685968101025,0.5784486811608076,2024
9740,José Sá,16,1440,0,0,0,0.04811991564929485,0,2,1,0,GK,Wolverhampton Wanderers,0,0,0.6265685968101025,0.5784486811608076,2025
