id,player_name,games,time,goals,xG,assists,xA,shots,key_passes,yellow_cards,red_cards,position,team_title,npg,npxG,xGChain,xGBuildup,season
815,Alex Pritchard,3,59,0,0.07596279680728912,0,0,2,0,0,0,S,"Tottenham,West Bromwich Albion",0,0.07596279680728912,0.06576680019497871,0.04007750004529953,2015
815,Alex Pritchard,14,1006,1,1.1473921313881874,1,2.1102756932377815,18,21,1,0,F M S,Huddersfield,1,1.1473921313881874,3.3988870549947023,0.950773905031383,2017
815,Alex Pritchard,30,2114,2,2.6178856985643506,0,2.083443386480212,47,32,2,0,F M S,Huddersfield,2,2.6178856985643506,5.124806107953191,1.5184159018099308,2018
