id,player_name,games,time,goals,xG,assists,xA,shots,key_passes,yellow_cards,red_cards,position,team_title,npg,npxG,xGChain,xGBuildup,season
6029,Tommy Smith,24,1911,0,0.15917140152305365,1,1.928782606497407,8,15,7,0,D S,Huddersfield,0,0.15917140152305365,3.5909814201295376,3.0948149571195245,2017
6029,Tommy Smith,15,1138,0,0.07578590046614408,0,0.3938208930194378,3,7,2,1,D S,Huddersfield,0,0.07578590046614408,1.1677428102120757,0.8312791064381599,2018
