id,player_name,games,time,goals,xG,assists,xA,shots,key_passes,yellow_cards,red_cards,position,team_title,npg,npxG,xGChain,xGBuildup,season
9677,Kristoffer Ajer,24,2012,1,1.0655757747590542,3,2.2111876308918,7,8,5,0,D S,Brentford,1,1.0655757747590542,5.553348563611507,3.8359059505164623,2021
9677,Kristoffer Ajer,9,781,0,0.023081500083208084,0,0.016511399298906326,1,1,0,0,D,Brentford,0,0.023081500083208084,1.5337861999869347,1.5337861999869347,2022
9677,Kristoffer Ajer,28,1845,2,1.4675675723701715,1,2.600812576711178,12,12,5,0,D S,Brentford,2,1.4675675723701715,5.710211778059602,3.668103391304612,2023
9677,Kristoffer Ajer,10,729,0,0.7998774945735931,0,0.8169393986463547,3,4,3,0,D S,Brentford,0,0.7998774945735931,2.9346325956285,1.4071312882006168,2024
9677,Kristoffer Ajer,10,729,0,0.7998774945735931,0,0.8169393986463547,3,4,3,0,D S,Brentford,0,0.7998774945735931,2.9346325956285,1.4071312882006168,2025
