id,player_name,games,time,goals,xG,assists,xA,shots,key_passes,yellow_cards,red_cards,position,team_title,npg,npxG,xGChain,xGBuildup,season
633,James McArthur,32,2623,2,2.0698619969189167,0,1.7737967111170292,33,28,6,0,M S,Crystal Palace,2,2.0698619969189167,6.689043913036585,3.5890232855454087,2014
633,James McArthur,28,2206,2,1.0581504269503057,2,1.0850919056683779,16,22,5,0,M S,Crystal Palace,2,1.0581504269503057,6.162737352773547,4.224577681161463,2015
633,James McArthur,29,2034,5,1.6981026465073228,3,2.3486888743937016,23,16,5,0,M S,Crystal Palace,5,1.6981026465073228,5.477223176509142,2.691358333453536,2016
633,James McArthur,33,2440,5,4.228802299126983,1,2.0599375953897834,30,20,5,0,M S,Crystal Palace,5,4.228802299126983,10.5307446885854,6.216755987145007,2017
633,James McArthur,38,3095,3,4.505425302311778,6,3.7212067767977715,34,31,7,0,M S,Crystal Palace,3,4.505425302311778,11.979675862938166,6.773195607587695,2018
633,James McArthur,37,3145,0,1.8058417215943336,3,2.9960654731839895,28,34,6,0,M,Crystal Palace,0,1.8058417215943336,7.989805614575744,4.7620503176003695,2019
633,James McArthur,18,1482,0,0.28225409518927336,2,1.5203706570900977,6,15,3,0,M S,Crystal Palace,0,0.28225409518927336,3.245604265946895,2.2573824785649776,2020
633,James McArthur,21,1433,0,0.3072257936000824,3,1.2701929826289415,9,16,3,0,M S,Crystal Palace,0,0.3072257936000824,4.852488286793232,3.7392180785536766,2021
633,James McArthur,4,42,0,0,0,0,0,0,0,0,S,Crystal Palace,0,0,0.061272621154785156,0.061272621154785156,2022
