id,player_name,games,time,goals,xG,assists,xA,shots,key_passes,yellow_cards,red_cards,position,team_title,npg,npxG,xGChain,xGBuildup,season
868,Mame Biram Diouf,34,2451,11,11.646968324668705,3,3.466141242533922,55,28,7,0,F M S,Stoke,11,11.646968324668705,13.599631811492145,0.8619846059009433,2014
868,Mame Biram Diouf,26,1246,5,5.1399991400539875,1,0.7568941134959459,30,10,3,0,F M S,Stoke,5,5.1399991400539875,5.441688630729914,0.4125120975077152,2015
868,Mame Biram Diouf,27,1381,1,2.9089983757585287,2,1.3079153932631016,20,10,3,0,D F M S,Stoke,1,2.9089983757585287,4.550066946074367,1.8803899977356195,2016
868,Mame Biram Diouf,35,2609,6,7.4912008829414845,2,2.1150793274864554,58,20,6,0,D F M S,Stoke,6,7.4912008829414845,8.712970707565546,1.5370222944766283,2017
