id,player_name,games,time,goals,xG,assists,xA,shots,key_passes,yellow_cards,red_cards,position,team_title,npg,npxG,xGChain,xGBuildup,season
12755,Cameron Burgess,10,900,0,0.5647887252271175,1,0.17454250901937485,9,3,0,0,D,Ipswich,0,0.5647887252271175,2.7789409533143044,2.6043984442949295,2024
12755,Cameron Burgess,10,900,0,0.5647887252271175,1,0.17454250901937485,9,3,0,0,D,Ipswich,0,0.5647887252271175,2.7789409533143044,2.6043984442949295,2025
