id,player_name,games,time,goals,xG,assists,xA,shots,key_passes,yellow_cards,red_cards,position,team_title,npg,npxG,xGChain,xGBuildup,season
2254,Mateo Kovacic,32,1756,0,2.0176421087235212,2,2.0133507903665304,28,25,3,0,M S,Chelsea,0,2.0176421087235212,8.756806146353483,6.003147626295686,2018
2254,Mateo Kovacic,31,2086,1,0.9726599100977182,3,1.8484535096213222,21,28,8,0,M S,Chelsea,1,0.9726599100977182,10.112224645912647,9.03537982609123,2019
2254,Mateo Kovacic,27,1833,0,0.9314175006002188,1,1.915258969180286,23,21,4,0,M S,Chelsea,0,0.9314175006002188,14.808719574473798,13.035788065753877,2020
2254,Mateo Kovacic,25,1541,2,1.6888320790603757,5,4.118140805512667,22,27,4,0,M S,Chelsea,2,1.6888320790603757,12.851385869085789,9.87372001633048,2021
2254,Mateo Kovacic,27,1700,1,1.3262846283614635,2,1.793226939626038,23,23,8,0,M S,Chelsea,1,1.3262846283614635,8.143409481272101,5.918664623051882,2022
2254,Mateo Kovacic,30,1540,1,1.42939617857337,0,1.6855967957526445,22,21,4,0,M S,Manchester City,1,1.42939617857337,13.513947013765574,12.226292986422777,2023
2254,Mateo Kovacic,19,1475,4,1.3474785089492798,1,3.2547697769477963,31,26,5,0,M S,Manchester City,4,1.3474785089492798,9.94433818385005,6.992195773869753,2024
2254,Mateo Kovacic,19,1475,4,1.3474785089492798,1,3.2547697769477963,31,26,5,0,M S,Manchester City,4,1.3474785089492798,9.94433818385005,6.992195773869753,2025
