id,player_name,games,time,goals,xG,assists,xA,shots,key_passes,yellow_cards,red_cards,position,team_title,npg,npxG,xGChain,xGBuildup,season
1001,Peter Odemwingie,7,176,0,0.028979400172829628,0,0.3135387059301138,1,6,0,0,M S,Stoke,0,0.028979400172829628,0.47173409443348646,0.32089469488710165,2014
1001,Peter Odemwingie,5,89,0,0.09148639999330044,0,0,2,0,0,0,S,Stoke,0,0.09148639999330044,0.10960070043802261,0.018114300444722176,2015
