id,player_name,games,time,goals,xG,assists,xA,shots,key_passes,yellow_cards,red_cards,position,team_title,npg,npxG,xGChain,xGBuildup,season
541,Victor Moses,19,1473,3,4.516806649044156,3,2.320559896528721,41,32,3,0,F M,Stoke,2,3.7556382436305285,6.229532454162836,1.9420529399067163,2014
541,Victor Moses,21,982,1,1.9115974642336369,2,1.5062656160444021,22,16,0,0,F M S,West Ham,1,1.9115974642336369,4.521150814369321,1.3855820586904883,2015
541,Victor Moses,34,2519,3,4.045990202575922,2,2.633279960602522,45,28,4,0,M S,Chelsea,3,4.045990202575922,9.635234056040645,5.143250335007906,2016
541,Victor Moses,28,2128,3,3.084544111043215,3,2.6375407949090004,35,20,3,0,D S,Chelsea,3,3.084544111043215,9.645801581442356,5.043450225144625,2017
541,Victor Moses,2,24,0,0,0,0.10793899744749069,0,1,0,0,S,Chelsea,0,0,0.10793899744749069,0,2018
