id,player_name,games,time,goals,xG,assists,xA,shots,key_passes,yellow_cards,red_cards,position,team_title,npg,npxG,xGChain,xGBuildup,season
4419,Adam Armstrong,11,188,0,0.7543584117665887,1,0.48611208237707615,7,6,1,0,F S,Newcastle United,0,0.7543584117665887,2.1150289410725236,0.9328648969531059,2014
4419,Adam Armstrong,23,1412,2,4.238080732524395,2,1.624623529613018,47,13,1,0,F S,Southampton,2,4.238080732524395,6.2176071014255285,0.7942293044179678,2021
4419,Adam Armstrong,30,1333,2,2.4375014984980226,1,1.730416551232338,25,11,2,0,F M S,Southampton,2,2.4375014984980226,4.704243279993534,1.2918517235666513,2022
4419,Adam Armstrong,20,1282,2,3.9334685541689396,2,2.005434782244265,26,9,4,0,F M S,Southampton,2,3.1722997166216373,6.038746699690819,1.9466782938688993,2024
4419,Adam Armstrong,20,1282,2,3.9334685541689396,2,2.005434782244265,26,9,4,0,F M S,Southampton,2,3.1722997166216373,6.038746699690819,1.9466782938688993,2025
