id,player_name,games,time,goals,xG,assists,xA,shots,key_passes,yellow_cards,red_cards,position,team_title,npg,npxG,xGChain,xGBuildup,season
9662,Dango Ouattara,19,1254,1,3.2873998740687966,3,2.4152716528624296,26,18,1,0,M S,Bournemouth,1,3.2873998740687966,6.022867782972753,2.4851646795868874,2022
9662,Dango Ouattara,30,1200,1,2.8214692445471883,2,1.69136568531394,30,17,3,0,D F M S,Bournemouth,1,2.8214692445471883,5.184925131499767,3.1382908783853054,2023
9662,Dango Ouattara,20,1144,6,7.387283932417631,4,4.22715182416141,36,19,1,0,F M S,Bournemouth,6,7.387283932417631,12.353972963988781,2.4481266383081675,2024
9662,Dango Ouattara,20,1144,6,7.387283932417631,4,4.22715182416141,36,19,1,0,F M S,Bournemouth,6,7.387283932417631,12.353972963988781,2.4481266383081675,2025
