id,player_name,games,time,goals,xG,assists,xA,shots,key_passes,yellow_cards,red_cards,position,team_title,npg,npxG,xGChain,xGBuildup,season
933,Brede Hangeland,14,1175,2,0.9855322930961847,1,0.5508842170238495,4,4,2,0,D S,Crystal Palace,2,0.9855322930961847,0.9159359000623226,0.8688829056918621,2014
933,Brede Hangeland,7,630,0,0.49242429807782173,0,0,5,0,2,0,D,Crystal Palace,0,0.49242429807782173,0.8568926062434912,0.8568926062434912,2015
