id,player_name,games,time,goals,xG,assists,xA,shots,key_passes,yellow_cards,red_cards,position,team_title,npg,npxG,xGChain,xGBuildup,season
590,Gareth Barry,33,2832,0,1.359760402701795,2,1.6736177988350391,16,16,10,1,D M,Everton,0,1.359760402701795,7.333154417574406,6.384345341473818,2014
590,Gareth Barry,33,2840,0,1.2188139986246824,1,2.900790685787797,15,34,5,1,M S,Everton,0,1.2188139986246824,14.019369807094336,11.21757548302412,2015
590,Gareth Barry,33,2109,2,0.861535887233913,1,1.3470333004370332,17,28,10,0,M S,Everton,2,0.861535887233913,7.23050538636744,6.2938356176018715,2016
590,Gareth Barry,25,1935,1,1.364056725986302,1,1.4177412083372474,16,17,4,0,M S,West Bromwich Albion,1,1.364056725986302,4.193312969990075,3.327081708237529,2017
