id,player_name,games,time,goals,xG,assists,xA,shots,key_passes,yellow_cards,red_cards,position,team_title,npg,npxG,xGChain,xGBuildup,season
181,Bernd Leno,32,2833,0,0,0,0,0,0,0,0,GK S,Arsenal,0,0,3.0359405977651477,3.0359405977651477,2018
181,Bernd Leno,30,2649,0,0,0,0,0,0,2,0,GK,Arsenal,0,0,4.038203942589462,4.038203942589462,2019
181,Bernd Leno,35,3136,0,0,0,0,0,0,0,1,GK,Arsenal,0,0,4.326597798615694,4.326597798615694,2020
181,Bernd Leno,4,360,0,0,0,0,0,0,0,0,GK,Arsenal,0,0,0.1893833950161934,0.1893833950161934,2021
181,Bernd Leno,36,3240,0,0,0,0.03081269934773445,0,1,3,0,GK,Fulham,0,0,2.495602583512664,2.464789582416415,2022
181,Bernd Leno,38,3420,0,0,0,0,0,0,3,0,GK,Fulham,0,0,4.714530278928578,4.714530278928578,2023
181,Bernd Leno,23,2070,0,0,1,0.04459531605243683,0,1,2,0,GK,Fulham,0,0,6.279267858713865,6.23467255756259,2024
181,Bernd Leno,23,2070,0,0,1,0.04459531605243683,0,1,2,0,GK,Fulham,0,0,6.279267858713865,6.23467255756259,2025
