id,player_name,games,time,goals,xG,assists,xA,shots,key_passes,yellow_cards,red_cards,position,team_title,npg,npxG,xGChain,xGBuildup,season
1676,David Luiz,33,2959,1,1.4128169966861606,0,1.363066304475069,31,10,6,0,D,Chelsea,1,1.4128169966861606,7.602320395410061,6.938522692769766,2016
1676,David Luiz,10,840,1,0.7608347870409489,0,0.033676598221063614,11,1,4,1,D M S,Chelsea,1,0.7608347870409489,2.8839742951095104,2.4257845766842365,2017
1676,David Luiz,36,3240,3,2.897742971777916,2,2.85874838847667,34,20,3,0,D,Chelsea,3,2.897742971777916,13.105180843733251,11.978443673811853,2018
1676,David Luiz,33,2818,2,1.560154115781188,1,0.7974876035004854,23,4,5,2,D S,Arsenal,2,1.560154115781188,9.724230770021677,8.911327958106995,2019
1676,David Luiz,20,1410,1,0.6695672031491995,0,0.5240253880620003,15,2,1,1,D S,Arsenal,1,0.6695672031491995,4.749539636075497,4.629008233547211,2020
