id,player_name,games,time,goals,xG,assists,xA,shots,key_passes,yellow_cards,red_cards,position,team_title,npg,npxG,xGChain,xGBuildup,season
3293,Lucas Moura,6,208,0,0.16364095825701952,1,0.31431299820542336,5,6,0,0,M S,Tottenham,0,0.16364095825701952,2.206552304327488,1.88227803632617,2017
3293,Lucas Moura,32,2133,10,7.591318631544709,0,1.6590776890516281,45,27,3,0,F M S,Tottenham,10,7.591318631544709,13.82256492599845,6.854321010410786,2018
3293,Lucas Moura,35,2261,4,5.582068298943341,4,3.2798845916986465,56,35,3,0,F M S,Tottenham,4,5.582068298943341,10.088381012901664,3.1787787191569805,2019
3293,Lucas Moura,30,1392,3,1.9466329012066126,4,2.064034544862807,18,16,1,0,F M S,Tottenham,3,1.9466329012066126,7.514042437076569,5.20006918348372,2020
3293,Lucas Moura,34,1770,2,3.363734805956483,6,5.320137379691005,37,34,4,0,F M S,Tottenham,2,3.363734805956483,13.466605968773365,6.767043702304363,2021
3293,Lucas Moura,15,117,1,0.7378932386636734,0,0.23113474994897842,4,4,0,1,S,Tottenham,1,0.7378932386636734,1.0805886834859848,0.3839656338095665,2022
