id,player_name,games,time,goals,xG,assists,xA,shots,key_passes,yellow_cards,red_cards,position,team_title,npg,npxG,xGChain,xGBuildup,season
1658,Dean Marney,20,1690,0,0.32082259841263294,0,0.5910359974950552,9,12,6,0,M,Burnley,0,0.32082259841263294,3.8594865733757615,3.3339323299005628,2014
1658,Dean Marney,21,1779,1,0.2687266506254673,2,0.5393413184210658,12,5,7,0,M,Burnley,1,0.2687266506254673,1.7469457797706127,1.4832411967217922,2016
