id,player_name,games,time,goals,xG,assists,xA,shots,key_passes,yellow_cards,red_cards,position,team_title,npg,npxG,xGChain,xGBuildup,season
1673,Edimilson Fernandes,28,948,0,0.6350155007094145,0,0.2864412982016802,20,6,4,0,M S,West Ham,0,0.6350155007094145,3.281196501106024,2.6476739831268787,2016
1673,Edimilson Fernandes,14,856,0,0.23034498561173677,1,0.34744550473988056,7,7,1,0,D M S,West Ham,0,0.23034498561173677,1.2597524905577302,0.8458879888057709,2017
