id,player_name,games,time,goals,xG,assists,xA,shots,key_passes,yellow_cards,red_cards,position,team_title,npg,npxG,xGChain,xGBuildup,season
1660,Andre Gray,32,2279,9,7.564629638567567,3,1.471580351702869,47,19,2,0,F S,Burnley,7,6.0422916654497385,7.8198596918955445,2.1058946326375008,2016
1660,Andre Gray,31,1486,5,7.001016400754452,2,2.318395357578993,34,17,1,0,F S,Watford,5,7.001016400754452,10.135453960858285,1.727190730161965,2017
1660,Andre Gray,29,1343,7,5.848624158650637,2,2.0998741798102856,35,14,2,0,F S,Watford,7,5.848624158650637,7.481088001281023,0.7475265897810459,2018
1660,Andre Gray,23,725,2,2.5895370952785015,0,1.8659741766750813,19,10,1,0,F S,Watford,2,2.5895370952785015,4.648887186311185,0.297836902551353,2019
