id,player_name,games,time,goals,xG,assists,xA,shots,key_passes,yellow_cards,red_cards,position,team_title,npg,npxG,xGChain,xGBuildup,season
922,Andreas Pereira,1,12,0,0,0,0,0,0,0,0,S,Manchester United,0,0,0,0,2014
922,Andreas Pereira,4,76,0,0,0,0.17609520629048347,0,3,2,0,S,Manchester United,0,0,0.09594599902629852,0.09594599902629852,2015
922,Andreas Pereira,15,593,1,0.26869879849255085,1,0.8848193176090717,8,9,5,0,M S,Manchester United,1,0.26869879849255085,3.2008728506043553,2.4986268701031804,2018
922,Andreas Pereira,25,1501,1,2.285591933876276,3,3.707923522219062,37,31,3,0,M S,Manchester United,1,2.285591933876276,8.948895148932934,4.526672247797251,2019
922,Andreas Pereira,33,2765,4,6.4268809938803315,6,4.836930306628346,62,60,8,0,M,Fulham,3,5.665711977519095,10.155083853751421,4.31409253180027,2022
922,Andreas Pereira,37,2756,3,5.155889482237399,7,6.918029231950641,52,83,7,0,M S,Fulham,3,5.155889482237399,15.476547078229487,7.726291726343334,2023
922,Andreas Pereira,20,1300,2,2.9285731948912144,1,3.0180691489949822,26,37,6,0,M S,Fulham,2,2.1674043722450733,8.046211786568165,5.624838933348656,2024
922,Andreas Pereira,20,1300,2,2.9285731948912144,1,3.0180691489949822,26,37,6,0,M S,Fulham,2,2.1674043722450733,8.046211786568165,5.624838933348656,2025
