id,player_name,games,time,goals,xG,assists,xA,shots,key_passes,yellow_cards,red_cards,position,team_title,npg,npxG,xGChain,xGBuildup,season
12149,Alex Scott,23,997,1,0.6420764941722155,1,2.070768877863884,15,22,3,0,M S,Bournemouth,1,0.6420764941722155,4.81823368743062,2.62489465624094,2023
12149,Alex Scott,8,261,0,0.0798612916842103,0,0.2395208366215229,3,5,0,0,M S,Bournemouth,0,0.0798612916842103,1.694986336864531,1.3756042569875717,2024
12149,Alex Scott,8,261,0,0.0798612916842103,0,0.2395208366215229,3,5,0,0,M S,Bournemouth,0,0.0798612916842103,1.694986336864531,1.3756042569875717,2025
