id,player_name,games,time,goals,xG,assists,xA,shots,key_passes,yellow_cards,red_cards,position,team_title,npg,npxG,xGChain,xGBuildup,season
10721,Sepp van den Berg,19,1621,0,0.8704581968486309,0,0.17480158433318138,11,4,1,0,D S,Brentford,0,0.8704581968486309,6.575542298145592,5.884719294495881,2024
10721,Sepp van den Berg,19,1621,0,0.8704581968486309,0,0.17480158433318138,11,4,1,0,D S,Brentford,0,0.8704581968486309,6.575542298145592,5.884719294495881,2025
