id,player_name,games,time,goals,xG,assists,xA,shots,key_passes,yellow_cards,red_cards,position,team_title,npg,npxG,xGChain,xGBuildup,season
719,Wayne Routledge,29,2327,3,3.8581881392747164,1,2.311216900125146,31,28,1,1,F M S,Swansea,3,3.8581881392747164,8.53514770977199,3.121097734197974,2014
719,Wayne Routledge,28,1700,2,2.52651600074023,1,1.7192793767899275,18,29,3,0,F M S,Swansea,2,2.52651600074023,5.908184255473316,2.3552612997591496,2015
719,Wayne Routledge,27,1957,3,3.7827996276319027,1,2.054804333485663,19,25,1,0,F M S,Swansea,3,3.7827996276319027,6.5160643476992846,1.7848158106207848,2016
719,Wayne Routledge,15,417,0,0.3855976965278387,0,0.380062997341156,5,5,1,0,F M S,Swansea,0,0.3855976965278387,1.3499411791563034,0.6720064803957939,2017
