id,player_name,games,time,goals,xG,assists,xA,shots,key_passes,yellow_cards,red_cards,position,team_title,npg,npxG,xGChain,xGBuildup,season
6937,Georginio Rutter,11,238,0,0.24945097789168358,1,0.4192553162574768,4,5,0,0,F S,Leeds,0,0.24945097789168358,0.477778896689415,0,2022
6937,Georginio Rutter,22,1183,4,3.8429313506931067,2,1.9523995667696,40,12,2,0,F M S,Brighton,4,3.8429313506931067,6.375105390325189,1.8464814275503159,2024
6937,Georginio Rutter,22,1183,4,3.8429313506931067,2,1.9523995667696,40,12,2,0,F M S,Brighton,4,3.8429313506931067,6.375105390325189,1.8464814275503159,2025
