id,player_name,games,time,goals,xG,assists,xA,shots,key_passes,yellow_cards,red_cards,position,team_title,npg,npxG,xGChain,xGBuildup,season
1764,Ramadan Sobhi,17,840,0,0.5948705971240997,1,1.4871754087507725,4,9,2,0,M S,Stoke,0,0.5948705971240997,3.717141054570675,2.2913616001605988,2016
1764,Ramadan Sobhi,24,1227,2,1.0705089047551155,0,0.9927289932966232,13,15,2,0,D F M S,Stoke,2,1.0705089047551155,3.505622163414955,1.78343546949327,2017
1764,Ramadan Sobhi,4,68,0,0,0,0.17700029537081718,0,3,0,0,S,Huddersfield,0,0,0.21944859996438026,0.04244820028543472,2018
