id,player_name,games,time,goals,xG,assists,xA,shots,key_passes,yellow_cards,red_cards,position,team_title,npg,npxG,xGChain,xGBuildup,season
3389,Benjamin Mendy,7,357,0,0.12371980119496584,1,0.9633522108197212,5,9,2,0,D M S,Manchester City,0,0.12371980119496584,2.8920828215777874,2.093851998448372,2017
3389,Benjamin Mendy,10,900,0,0.22571569867432117,5,2.0475861160084605,7,12,1,0,D M,Manchester City,0,0.22571569867432117,8.096015021204948,6.811547979712486,2018
3389,Benjamin Mendy,19,1508,0,0.3174634035676718,3,1.6260080877691507,10,21,3,0,D S,Manchester City,0,0.3174634035676718,10.95017634704709,10.008164498955011,2019
3389,Benjamin Mendy,13,955,2,0.33414069935679436,1,0.3014400042593479,6,5,2,0,D M S,Manchester City,2,0.33414069935679436,2.7691371738910675,2.3486030250787735,2020
3389,Benjamin Mendy,1,80,0,0,0,0.2885279953479767,0,2,0,0,D,Manchester City,0,0,0.1654050052165985,0.13293099403381348,2021
