id,player_name,games,time,goals,xG,assists,xA,shots,key_passes,yellow_cards,red_cards,position,team_title,npg,npxG,xGChain,xGBuildup,season
6088,Orel Mangala,27,1581,1,0.37294607050716877,1,0.42471470683813095,9,3,3,0,M S,Nottingham Forest,1,0.37294607050716877,3.2880424577742815,2.5542810540646315,2022
6088,Orel Mangala,20,1599,1,0.8923602215945721,0,0.28679931722581387,10,6,6,0,M S,Nottingham Forest,1,0.8923602215945721,3.6685553789138794,2.841583462432027,2023
6088,Orel Mangala,19,1254,1,0.7135743591934443,0,0.494984382763505,16,8,2,0,M S,Everton,1,0.7135743591934443,2.8463763296604156,2.0121847297996283,2024
6088,Orel Mangala,19,1254,1,0.7135743591934443,0,0.494984382763505,16,8,2,0,M S,Everton,1,0.7135743591934443,2.8463763296604156,2.0121847297996283,2025
