id,player_name,games,time,goals,xG,assists,xA,shots,key_passes,yellow_cards,red_cards,position,team_title,npg,npxG,xGChain,xGBuildup,season
9676,David Raya,24,2160,0,0,0,0.0409960001707077,0,1,1,0,GK,Brentford,0,0,4.120813246816397,4.120813246816397,2021
9676,David Raya,38,3420,0,0.10391700267791748,0,0.15817540138959885,1,2,1,0,GK,Brentford,0,0.10391700267791748,2.429192343726754,2.2710169572383165,2022
9676,David Raya,32,2880,0,0,0,0,0,0,2,0,GK,Arsenal,0,0,7.5175920985639095,7.5175920985639095,2023
9676,David Raya,23,2070,0,0,0,0,0,0,2,0,GK,Arsenal,0,0,3.5508728213608265,3.5508728213608265,2024
9676,David Raya,23,2070,0,0,0,0,0,0,2,0,GK,Arsenal,0,0,3.5508728213608265,3.5508728213608265,2025
