id,player_name,games,time,goals,xG,assists,xA,shots,key_passes,yellow_cards,red_cards,position,team_title,npg,npxG,xGChain,xGBuildup,season
9156,Kevin Schade,18,720,0,1.3834919892251492,1,1.5542514063417912,12,8,2,0,F S,Brentford,0,1.3834919892251492,3.833646835759282,1.1757235415279865,2022
9156,Kevin Schade,11,299,2,1.4017144106328487,1,0.9465273916721344,8,4,0,0,F S,Brentford,2,1.4017144106328487,2.1139008942991495,0.1965943891555071,2023
9156,Kevin Schade,23,1076,6,4.369572214782238,2,1.7498597018420696,27,8,2,0,F M S,Brentford,6,4.369572214782238,8.004023253917694,2.3777193762362003,2024
9156,Kevin Schade,23,1076,6,4.369572214782238,2,1.7498597018420696,27,8,2,0,F M S,Brentford,6,4.369572214782238,8.004023253917694,2.3777193762362003,2025
