id,player_name,games,time,goals,xG,assists,xA,shots,key_passes,yellow_cards,red_cards,position,team_title,npg,npxG,xGChain,xGBuildup,season
971,Harry Winks,21,455,1,1.0234675891697407,1,0.6690505091100931,6,8,1,0,M S,Tottenham,1,1.0234675891697407,2.754540614783764,1.6087495982646942,2016
971,Harry Winks,16,771,0,0.04893159959465265,1,0.5688206991180778,3,10,0,0,M S,Tottenham,0,0.04893159959465265,2.82641538977623,2.6461629942059517,2017
971,Harry Winks,26,1578,1,1.094499010592699,0,0.24433190003037453,9,7,4,0,M S,Tottenham,1,1.094499010592699,6.521413702517748,5.996375743299723,2018
971,Harry Winks,31,2236,0,0.39007960353046656,0,0.899267990142107,14,17,9,0,M S,Tottenham,0,0.39007960353046656,7.9978032894432545,7.1402160339057446,2019
971,Harry Winks,15,854,0,0.061471300199627876,0,0.18998110108077526,4,4,5,0,M S,Tottenham,0,0.061471300199627876,3.7452505696564913,3.6405259910970926,2020
971,Harry Winks,19,896,0,0.0675618015229702,1,1.5235150288790464,3,10,2,0,M S,Tottenham,0,0.0675618015229702,7.735785078257322,6.400966715067625,2021
971,Harry Winks,18,1371,0,0.17722539324313402,2,1.2873354274779558,9,15,4,0,M S,Leicester,0,0.17722539324313402,4.6283255917951465,4.267822748981416,2024
971,Harry Winks,18,1371,0,0.17722539324313402,2,1.2873354274779558,9,15,4,0,M S,Leicester,0,0.17722539324313402,4.6283255917951465,4.267822748981416,2025
