id,player_name,games,time,goals,xG,assists,xA,shots,key_passes,yellow_cards,red_cards,position,team_title,npg,npxG,xGChain,xGBuildup,season
10072,Samuel Edozie,17,540,0,1.0850969199091196,0,0.3165547512471676,8,8,0,0,F M S,Southampton,0,1.0850969199091196,2.7462167609483004,1.4620534982532263,2022
10072,Samuel Edozie,2,57,0,0,0,0.08171311765909195,0,1,1,0,S,Southampton,0,0,0.6017810702323914,0.5200679302215576,2024
10072,Samuel Edozie,2,57,0,0,0,0.08171311765909195,0,1,1,0,S,Southampton,0,0,0.6017810702323914,0.5200679302215576,2025
