id,player_name,games,time,goals,xG,assists,xA,shots,key_passes,yellow_cards,red_cards,position,team_title,npg,npxG,xGChain,xGBuildup,season
5613,Gabriel,23,1994,2,1.5645487178117037,0,0.05609600059688091,16,2,2,1,D S,Arsenal,2,1.5645487178117037,5.762659789994359,5.748225750401616,2020
5613,Gabriel,35,3075,5,3.5427271053195,0,0.2485223039984703,29,8,6,1,D,Arsenal,5,3.5427271053195,11.80418819282204,11.412368149496615,2021
5613,Gabriel,38,3416,3,4.335554586723447,0,0.16631380934268236,32,5,5,0,D,Arsenal,3,4.335554586723447,13.827072959393263,13.442218709737062,2022
5613,Gabriel,36,3050,3,4.025354804471135,0,0.8747859355062246,31,3,4,0,D S,Arsenal,3,4.025354804471135,13.232404409907758,12.333239757455885,2023
5613,Gabriel,21,1821,3,4.141173738986254,1,1.1441571488976479,19,11,3,0,D,Arsenal,3,4.141173738986254,9.249806605279446,8.213946394622326,2024
5613,Gabriel,21,1821,3,4.141173738986254,1,1.1441571488976479,19,11,3,0,D,Arsenal,3,4.141173738986254,9.249806605279446,8.213946394622326,2025
