id,player_name,games,time,goals,xG,assists,xA,shots,key_passes,yellow_cards,red_cards,position,team_title,npg,npxG,xGChain,xGBuildup,season
10184,Archie Gray,16,855,0,0.029445655643939972,0,0,1,0,0,0,D S,Tottenham,0,0.029445655643939972,2.403736140578985,2.374290481209755,2024
10184,Archie Gray,16,855,0,0.029445655643939972,0,0,1,0,0,0,D S,Tottenham,0,0.029445655643939972,2.403736140578985,2.374290481209755,2025
