id,player_name,games,time,goals,xG,assists,xA,shots,key_passes,yellow_cards,red_cards,position,team_title,npg,npxG,xGChain,xGBuildup,season
919,Duncan Watmore,23,880,3,1.465447487309575,1,0.947002712637186,14,12,0,0,F M S,Sunderland,3,1.465447487309575,2.2361195953562856,0.25336829852312803,2015
919,Duncan Watmore,14,1044,0,0.9554287297651172,2,1.6772051844745874,16,11,1,0,F M S,Sunderland,0,0.9554287297651172,3.7415953408926725,1.8812196925282478,2016
