id,player_name,games,time,goals,xG,assists,xA,shots,key_passes,yellow_cards,red_cards,position,team_title,npg,npxG,xGChain,xGBuildup,season
1659,Scott Arfield,37,3210,2,3.165451562963426,1,2.0567901832982898,44,28,6,0,M S,Burnley,2,2.4042825317010283,8.505874078720808,5.22395558655262,2014
1659,Scott Arfield,31,2118,1,2.939779778942466,0,1.8786321142688394,44,34,3,0,M S,Burnley,1,2.939779778942466,4.719801418483257,1.7680322285741568,2016
1659,Scott Arfield,18,1343,2,1.3560621263459325,1,0.3993820995092392,18,7,3,0,M S,Burnley,2,1.3560621263459325,2.4331030063331127,0.8316158140078187,2017
