id,player_name,games,time,goals,xG,assists,xA,shots,key_passes,yellow_cards,red_cards,position,team_title,npg,npxG,xGChain,xGBuildup,season
6104,Will Hughes,15,1004,2,0.6624465938657522,3,1.4841907946392894,12,18,0,0,F M S,Watford,2,0.6624465938657522,3.2792119858786464,1.8477536011487246,2017
6104,Will Hughes,32,2454,2,2.9695313088595867,4,3.663111040368676,31,29,5,0,M S,Watford,2,2.9695313088595867,8.060839463025331,4.083356629125774,2018
6104,Will Hughes,30,2300,1,2.388310482725501,1,2.1773152742534876,27,25,9,0,M S,Watford,1,2.388310482725501,6.430048817768693,3.398620458319783,2019
6104,Will Hughes,16,1071,0,0.13572119548916817,1,0.9568462930619717,6,9,6,0,M S,Crystal Palace,0,0.13572119548916817,3.0648518539965153,2.7063899599015713,2021
6104,Will Hughes,27,796,1,0.5347504764795303,1,0.7693945411592722,6,6,4,0,M S,Crystal Palace,1,0.5347504764795303,3.049637194722891,1.9806809611618519,2022
6104,Will Hughes,30,1924,0,0.30102055706083775,1,1.7067030258476734,8,21,6,0,M S,Crystal Palace,0,0.30102055706083775,5.737615456804633,5.330458853393793,2023
6104,Will Hughes,20,1354,0,0.6653912626206875,3,1.9273319151252508,14,24,7,0,M S,Crystal Palace,0,0.6653912626206875,5.148413863033056,4.228495571762323,2024
6104,Will Hughes,20,1354,0,0.6653912626206875,3,1.9273319151252508,14,24,7,0,M S,Crystal Palace,0,0.6653912626206875,5.148413863033056,4.228495571762323,2025
