id,player_name,games,time,goals,xG,assists,xA,shots,key_passes,yellow_cards,red_cards,position,team_title,npg,npxG,xGChain,xGBuildup,season
8635,Sven Botman,36,3141,0,2.445929459296167,0,0.9378497563302517,22,9,2,0,D S,Newcastle United,0,2.445929459296167,6.934289989992976,6.85584563575685,2022
8635,Sven Botman,17,1383,2,0.9827942438423634,2,1.1396078020334244,10,5,2,0,D S,Newcastle United,2,0.9827942438423634,5.531088795512915,5.531088795512915,2023
8635,Sven Botman,3,232,0,0.06125294789671898,0,0,1,0,1,0,D,Newcastle United,0,0.06125294789671898,0.7722966559231281,0.7722966559231281,2024
8635,Sven Botman,3,232,0,0.06125294789671898,0,0,1,0,1,0,D,Newcastle United,0,0.06125294789671898,0.7722966559231281,0.7722966559231281,2025
