id,player_name,games,time,goals,xG,assists,xA,shots,key_passes,yellow_cards,red_cards,position,team_title,npg,npxG,xGChain,xGBuildup,season
10744,Ryan Christie,32,1857,1,2.728575311601162,1,2.0688769351691008,33,29,2,0,F M S,Bournemouth,1,2.728575311601162,7.37087413854897,4.095148157328367,2022
10744,Ryan Christie,37,2974,0,2.0325705148279667,5,6.359501954168081,43,53,6,0,M S,Bournemouth,0,2.0325705148279667,14.907791091129184,9.681732330471277,2023
10744,Ryan Christie,22,1688,1,1.1804314758628607,2,2.5819722078740597,22,30,8,0,M S,Bournemouth,1,1.1804314758628607,7.588881216943264,5.272547692060471,2024
10744,Ryan Christie,22,1688,1,1.1804314758628607,2,2.5819722078740597,22,30,8,0,M S,Bournemouth,1,1.1804314758628607,7.588881216943264,5.272547692060471,2025
