id,player_name,games,time,goals,xG,assists,xA,shots,key_passes,yellow_cards,red_cards,position,team_title,npg,npxG,xGChain,xGBuildup,season
480,Joe Allen,21,1477,1,0.7004709076136351,0,0.5434271022677422,12,15,3,0,M S,Liverpool,1,0.7004709076136351,3.109191870316863,2.211215579882264,2014
480,Joe Allen,19,720,2,1.3847471065819263,1,1.3596460912376642,12,12,0,0,M S,Liverpool,2,1.3847471065819263,3.9975115405395627,2.387468340806663,2015
480,Joe Allen,36,2942,6,5.681928737089038,2,4.653242416679859,40,28,9,0,M S,Stoke,6,5.681928737089038,13.03703667782247,6.203425923362374,2016
480,Joe Allen,36,3143,2,2.1208087652921677,6,2.568119958974421,24,31,8,0,M,Stoke,2,2.1208087652921677,7.9558967016637325,4.571831592358649,2017
