id,player_name,games,time,goals,xG,assists,xA,shots,key_passes,yellow_cards,red_cards,position,team_title,npg,npxG,xGChain,xGBuildup,season
784,Andy King,24,1366,2,2.062913218513131,0,0.12908219825476408,14,5,1,0,M S,Leicester,2,2.062913218513131,4.114323317073286,2.8485571844503284,2014
784,Andy King,25,1030,2,2.7156347036361694,1,1.0578415095806122,19,9,2,0,M S,Leicester,2,2.7156347036361694,5.486793368123472,2.4575446471571922,2015
784,Andy King,23,1439,1,0.6111542116850615,0,0.24182540364563465,14,6,4,0,M S,Leicester,1,0.6111542116850615,3.630845595151186,3.1202397271990776,2016
784,Andy King,22,1264,3,1.5606136871501803,0,0.2566477991640568,14,6,2,0,M S,"Leicester,Swansea",3,1.5606136871501803,2.132935038767755,1.5523651074618101,2017
