id,player_name,games,time,goals,xG,assists,xA,shots,key_passes,yellow_cards,red_cards,position,team_title,npg,npxG,xGChain,xGBuildup,season
4497,Anthony Knockaert,9,324,0,0.8844657093286514,0,0.16690009832382202,8,2,0,0,M S,Leicester,0,0.8844657093286514,1.109160490334034,0.2769537977874279,2014
4497,Anthony Knockaert,33,2433,3,4.248457320034504,1,3.075597818940878,46,32,4,1,M S,Brighton,3,4.248457320034504,8.72051627188921,3.1949113737791777,2017
4497,Anthony Knockaert,30,1823,2,2.1101625114679337,6,4.206585308536887,27,35,4,1,F M S,Brighton,2,2.1101625114679337,5.284967917948961,2.7696708887815475,2018
