id,player_name,games,time,goals,xG,assists,xA,shots,key_passes,yellow_cards,red_cards,position,team_title,npg,npxG,xGChain,xGBuildup,season
12754,Jack Taylor,17,351,1,0.3530950788408518,0,0.7670453414320946,12,5,3,0,M S,Ipswich,1,0.3530950788408518,2.141074030660093,2.0094796465709805,2024
12754,Jack Taylor,17,351,1,0.3530950788408518,0,0.7670453414320946,12,5,3,0,M S,Ipswich,1,0.3530950788408518,2.141074030660093,2.0094796465709805,2025
