id,player_name,games,time,goals,xG,assists,xA,shots,key_passes,yellow_cards,red_cards,position,team_title,npg,npxG,xGChain,xGBuildup,season
6310,Boubakary Soumare,19,1102,0,0.3298372942954302,1,0.2856833077967167,6,6,0,0,M S,Leicester,0,0.3298372942954302,3.370994893833995,3.0025111604481936,2021
6310,Boubakary Soumare,26,1640,0,0.02065729908645153,0,0.28542756475508213,1,11,9,0,M S,Leicester,0,0.02065729908645153,3.210264626890421,3.0059440191835165,2022
6310,Boubakary Soumare,16,1104,0,0.19882414303719997,0,0.14710008539259434,5,4,8,0,M S,Leicester,0,0.19882414303719997,5.515929691493511,5.327592916786671,2024
6310,Boubakary Soumare,16,1104,0,0.19882414303719997,0,0.14710008539259434,5,4,8,0,M S,Leicester,0,0.19882414303719997,5.515929691493511,5.327592916786671,2025
