id,player_name,games,time,goals,xG,assists,xA,shots,key_passes,yellow_cards,red_cards,position,team_title,npg,npxG,xGChain,xGBuildup,season
502,Olivier Giroud,27,1871,14,8.84634429961443,3,3.8601363133639097,70,29,5,1,F S,Arsenal,14,8.84634429961443,13.639886705204844,4.1292465925216675,2014
502,Olivier Giroud,38,2411,16,14.503991460427642,6,5.762219719588757,101,36,2,0,F S,Arsenal,15,13.742822444066405,18.885229421779513,6.915773553773761,2015
502,Olivier Giroud,29,1170,12,6.999083910137415,3,2.0118066053837538,39,17,2,0,F S,Arsenal,12,6.999083910137415,9.583846874535084,1.8246379978954792,2016
502,Olivier Giroud,29,953,7,7.604708576574922,1,3.013065330684185,47,20,0,0,F S,"Arsenal,Chelsea",7,7.604708576574922,10.695793353021145,1.6444570431485772,2017
502,Olivier Giroud,27,808,2,5.060876211151481,4,2.291187172755599,32,18,1,0,F S,Chelsea,2,5.060876211151481,7.711171815171838,2.7823833599686623,2018
502,Olivier Giroud,18,1015,8,7.400898335501552,0,1.3883673138916492,39,8,1,0,F S,Chelsea,8,7.400898335501552,9.75419471040368,2.3567650001496077,2019
502,Olivier Giroud,17,750,4,5.0704178139567375,0,1.175797939300537,29,6,1,0,F S,Chelsea,4,5.0704178139567375,5.245492395013571,1.7113378066569567,2020
