id,player_name,games,time,goals,xG,assists,xA,shots,key_passes,yellow_cards,red_cards,position,team_title,npg,npxG,xGChain,xGBuildup,season
1738,Hal Robson-Kanu,29,654,3,1.9389457143843174,2,0.8019475154578686,16,9,3,0,F S,West Bromwich Albion,3,1.9389457143843174,2.593429312109947,0.5108151370659471,2016
1738,Hal Robson-Kanu,21,811,2,1.8981310855597258,0,0.40645300038158894,19,8,2,1,F M S,West Bromwich Albion,2,1.8981310855597258,2.8549666181206703,0.8897690027952194,2017
1738,Hal Robson-Kanu,19,522,2,1.4960819277912378,0,0.24344989843666553,13,5,2,0,F S,West Bromwich Albion,2,1.4960819277912378,2.264204764738679,0.6344088893383741,2020
