id,player_name,games,time,goals,xG,assists,xA,shots,key_passes,yellow_cards,red_cards,position,team_title,npg,npxG,xGChain,xGBuildup,season
847,Cédric Soares,24,1986,0,0.3194497190415859,2,3.427258152514696,10,26,3,0,D M S,Southampton,0,0.3194497190415859,7.581511978060007,4.793229748494923,2015
847,Cédric Soares,30,2524,0,0.6518529802560806,3,3.0751688815653324,20,39,7,0,D,Southampton,0,0.6518529802560806,9.59712465107441,7.323787100613117,2016
847,Cédric Soares,32,2800,0,0.6679674061015248,3,3.4794948138296604,23,24,3,0,D,Southampton,0,0.6679674061015248,6.268218608573079,4.604145331308246,2017
847,Cédric Soares,18,1494,1,0.2746973531320691,2,1.143177891150117,10,12,4,0,D M S,Southampton,1,0.2746973531320691,2.912581868469715,2.2782328724861145,2018
847,Cédric Soares,21,1567,1,0.6565496101975441,1,0.829959399998188,10,12,1,0,D S,"Arsenal,Southampton",1,0.6565496101975441,3.0438965931534767,1.997347492724657,2019
847,Cédric Soares,10,746,0,0.20354269538074732,1,0.8928053807467222,7,6,1,0,D S,Arsenal,0,0.20354269538074732,3.335597813129425,2.919353038072586,2020
847,Cédric Soares,21,1483,1,0.48968339897692204,1,1.5193457724526525,12,18,3,0,D S,Arsenal,1,0.48968339897692204,5.350092962384224,4.6192956287413836,2021
847,Cédric Soares,8,213,0,0.0555640272796154,0,0.13160278275609016,2,2,0,0,D S,"Arsenal,Fulham",0,0.0555640272796154,0.42447705566883087,0.36585625261068344,2022
847,Cédric Soares,3,44,0,0,0,0,0,0,0,0,S,Arsenal,0,0,0.19675532914698124,0.19675532914698124,2023
