id,player_name,games,time,goals,xG,assists,xA,shots,key_passes,yellow_cards,red_cards,position,team_title,npg,npxG,xGChain,xGBuildup,season
3304,Maxime Le Marchand,26,2251,0,0.15703659877181053,1,0.8136741546913981,5,9,5,0,D S,Fulham,0,0.15703659877181053,5.662331575527787,5.061258574947715,2018
3304,Maxime Le Marchand,2,118,0,0.009506329894065857,0,0,1,0,2,0,D S,Fulham,0,0.009506329894065857,0.2469170093536377,0.2469170093536377,2020
