id,player_name,games,time,goals,xG,assists,xA,shots,key_passes,yellow_cards,red_cards,position,team_title,npg,npxG,xGChain,xGBuildup,season
6630,Joe Willock,2,82,0,0.11265700310468674,0,0,1,0,0,0,M S,Arsenal,0,0.11265700310468674,0.4695110023021698,0.35685500502586365,2017
6630,Joe Willock,2,66,0,0.1326580047607422,0,0,2,0,0,0,M S,Arsenal,0,0.1326580047607422,0.1326580047607422,0,2018
6630,Joe Willock,29,819,1,2.320996392518282,1,1.0468105915933847,15,12,2,0,M S,Arsenal,1,2.320996392518282,5.5602357145398855,3.183693516999483,2019
6630,Joe Willock,21,1215,8,5.088086500763893,0,0.733700979501009,23,10,1,0,M S,"Arsenal,Newcastle United",8,4.326921537518501,7.007068745791912,2.9877239307388663,2020
6630,Joe Willock,29,2063,2,3.6774302888661623,0,1.1284047197550535,35,18,0,0,M S,Newcastle United,2,3.6774302888661623,7.496500605717301,3.5577033534646034,2021
6630,Joe Willock,35,2634,3,7.266156509518623,6,7.388796498999,58,40,1,0,M S,Newcastle United,3,7.266156509518623,17.781154207885265,5.481370575726032,2022
6630,Joe Willock,9,419,1,1.0462103113532066,0,0.44771592877805233,7,7,0,0,M S,Newcastle United,1,1.0462103113532066,2.0969158485531807,0.6613700017333031,2023
6630,Joe Willock,20,562,0,0.9490187708288431,1,1.5701515544205904,12,13,2,0,M S,Newcastle United,0,0.9490187708288431,3.846929147839546,1.8219692008569837,2024
6630,Joe Willock,20,562,0,0.9490187708288431,1,1.5701515544205904,12,13,2,0,M S,Newcastle United,0,0.9490187708288431,3.846929147839546,1.8219692008569837,2025
