id,player_name,games,time,goals,xG,assists,xA,shots,key_passes,yellow_cards,red_cards,position,team_title,npg,npxG,xGChain,xGBuildup,season
3288,Thiago Silva,23,1938,2,1.3205458130687475,0,0.29149410128593445,13,5,3,1,D,Chelsea,2,1.3205458130687475,7.842857085168362,7.6369176506996155,2020
3288,Thiago Silva,32,2638,3,1.073761511594057,0,0.2539438009262085,18,7,2,0,D S,Chelsea,3,1.073761511594057,18.045891776680946,17.84714175015688,2021
3288,Thiago Silva,27,2352,0,1.4437993383035064,2,0.573215376585722,15,5,2,0,D S,Chelsea,0,1.4437993383035064,6.4073407761752605,5.8827359434217215,2022
3288,Thiago Silva,31,2530,3,0.7915211245417595,1,1.4041369603946805,14,9,4,0,D S,Chelsea,3,0.7915211245417595,14.303374078124762,14.190275978296995,2023
