id,player_name,games,time,goals,xG,assists,xA,shots,key_passes,yellow_cards,red_cards,position,team_title,npg,npxG,xGChain,xGBuildup,season
509,Wayne Hennessey,3,213,0,0,0,0,0,0,0,0,GK S,Crystal Palace,0,0,0.01407730020582676,0.01407730020582676,2014
509,Wayne Hennessey,29,2610,0,0,0,0,0,0,1,0,GK,Crystal Palace,0,0,0.6296927938237786,0.6296927938237786,2015
509,Wayne Hennessey,29,2610,0,0,0,0.0900442972779274,0,3,1,0,GK,Crystal Palace,0,0,1.6218599863350391,1.5807639881968498,2016
509,Wayne Hennessey,27,2430,0,0,0,0.3960070013999939,0,1,1,0,GK,Crystal Palace,0,0,2.2112761959433556,1.8152688890695572,2017
509,Wayne Hennessey,18,1576,0,0,0,0,0,0,0,0,GK S,Crystal Palace,0,0,1.1737918490543962,1.1737918490543962,2018
509,Wayne Hennessey,3,270,0,0,0,0,0,0,0,0,GK,Crystal Palace,0,0,0.11491400003433228,0.11491400003433228,2019
509,Wayne Hennessey,2,180,0,0,0,0.15275900065898895,0,3,0,0,GK,Burnley,0,0,0.0792241021990776,0,2021
509,Wayne Hennessey,4,271,0,0,0,0,0,0,0,0,GK S,Nottingham Forest,0,0,0.06834100186824799,0.06834100186824799,2022
