id,player_name,games,time,goals,xG,assists,xA,shots,key_passes,yellow_cards,red_cards,position,team_title,npg,npxG,xGChain,xGBuildup,season
13060,Ross Stewart,4,120,0,0.12977846339344978,0,0,2,0,1,0,F S,Southampton,0,0.12977846339344978,0.19294807687401772,0.13781774044036865,2024
13060,Ross Stewart,4,120,0,0.12977846339344978,0,0,2,0,1,0,F S,Southampton,0,0.12977846339344978,0.19294807687401772,0.13781774044036865,2025
