id,player_name,games,time,goals,xG,assists,xA,shots,key_passes,yellow_cards,red_cards,position,team_title,npg,npxG,xGChain,xGBuildup,season
808,Claudio Yacob,20,1385,0,0.2537633031606674,0,0.10237565729767084,8,4,5,1,M S,West Bromwich Albion,0,0.2537633031606674,1.5811529830098152,1.3523816131055355,2014
808,Claudio Yacob,34,2862,0,0.17488109972327948,1,0.521934631280601,9,8,8,0,M S,West Bromwich Albion,0,0.17488109972327948,2.266810725443065,1.7137513048946857,2015
808,Claudio Yacob,33,2416,0,0.6284845862537622,0,0.31842109747231007,9,6,9,0,M S,West Bromwich Albion,0,0.6284845862537622,2.9570056926459074,2.6367170242592692,2016
808,Claudio Yacob,16,895,0,0.30404509231448174,0,0.01645899936556816,7,1,5,0,M S,West Bromwich Albion,0,0.30404509231448174,1.5945495162159204,1.550054395571351,2017
