id,player_name,games,time,goals,xG,assists,xA,shots,key_passes,yellow_cards,red_cards,position,team_title,npg,npxG,xGChain,xGBuildup,season
914,Nabil Bentaleb,26,2195,0,1.148594387806952,2,1.7586009036749601,26,16,8,0,D M S,Tottenham,0,1.148594387806952,9.82887826114893,7.750007018446922,2014
914,Nabil Bentaleb,5,165,0,0.10239489749073982,0,0.031373798847198486,3,2,1,0,M S,Tottenham,0,0.10239489749073982,0.25851940363645554,0.1561249941587448,2015
914,Nabil Bentaleb,12,750,0,0.061912440694868565,0,0.19530106149613857,4,8,2,0,M S,Newcastle United,0,0.061912440694868565,1.9516491396352649,1.7631352050229907,2019
