id,player_name,games,time,goals,xG,assists,xA,shots,key_passes,yellow_cards,red_cards,position,team_title,npg,npxG,xGChain,xGBuildup,season
8040,Marvelous Nakamba,29,1836,0,0.13154470175504684,0,0.5477455705404282,7,12,5,0,M S,Aston Villa,0,0.13154470175504684,4.796767007559538,4.29724601842463,2019
8040,Marvelous Nakamba,13,757,0,0.033083499409258366,0,0.05933390185236931,2,2,3,0,M S,Aston Villa,0,0.033083499409258366,0.8930104114115238,0.8114348081871867,2020
8040,Marvelous Nakamba,16,905,0,0,0,0.045388299971818924,0,2,5,0,M S,Aston Villa,0,0,1.7517936192452908,1.7517936192452908,2021
8040,Marvelous Nakamba,13,1140,0,0.1364169279113412,0,0.3258170820772648,5,7,5,0,M,Luton,0,0.1364169279113412,3.025253765285015,2.7535953894257545,2023
