id,player_name,games,time,goals,xG,assists,xA,shots,key_passes,yellow_cards,red_cards,position,team_title,npg,npxG,xGChain,xGBuildup,season
6893,Stuart Armstrong,29,1424,3,2.1171701848506927,2,1.6480889040976763,32,29,2,0,M S,Southampton,3,2.1171701848506927,6.378683723509312,3.5986439930275083,2018
6893,Stuart Armstrong,30,1711,5,3.114440331235528,3,2.009652117267251,46,18,4,0,D M S,Southampton,5,3.114440331235528,7.972704950720072,3.8451911360025406,2019
6893,Stuart Armstrong,33,2791,4,2.6400083750486374,5,2.901357291266322,54,35,3,0,M S,Southampton,4,2.6400083750486374,10.028466776013374,6.737704178318381,2020
6893,Stuart Armstrong,25,1456,2,2.7619140073657036,0,1.620189094915986,38,25,1,0,F M S,Southampton,2,2.7619140073657036,6.535929229110479,3.4633505884557962,2021
6893,Stuart Armstrong,32,1408,2,2.106476968154311,1,2.606352062895894,23,18,6,0,M S,Southampton,2,2.106476968154311,6.877064095810056,2.4147079661488533,2022
