id,player_name,games,time,goals,xG,assists,xA,shots,key_passes,yellow_cards,red_cards,position,team_title,npg,npxG,xGChain,xGBuildup,season
10292,Nathan Patterson,19,1272,0,0.8275385983288288,0,0.7127293702214956,8,6,3,0,D S,Everton,0,0.8275385983288288,3.072567291557789,2.221582919359207,2022
10292,Nathan Patterson,20,979,0,0.45207766257226467,2,1.616803351789713,4,8,4,0,D S,Everton,0,0.45207766257226467,5.134298218414187,3.8557239081710577,2023
10292,Nathan Patterson,6,97,0,0.07110223919153214,0,0.359506081789732,1,2,0,0,S,Everton,0,0.07110223919153214,0.46602514386177063,0.3949229046702385,2024
10292,Nathan Patterson,6,97,0,0.07110223919153214,0,0.359506081789732,1,2,0,0,S,Everton,0,0.07110223919153214,0.46602514386177063,0.3949229046702385,2025
