id,player_name,games,time,goals,xG,assists,xA,shots,key_passes,yellow_cards,red_cards,position,team_title,npg,npxG,xGChain,xGBuildup,season
795,Dieumerci Mbokani,29,1568,7,6.5850353091955185,1,1.5376300066709518,37,25,0,0,F S,Norwich,7,6.5850353091955185,7.872770933434367,1.3138999929651618,2015
795,Dieumerci Mbokani,12,765,0,1.549893588759005,1,0.4510626122355461,14,8,0,0,F S,Hull,0,1.549893588759005,1.6962678991258144,0.37895250506699085,2016
