id,player_name,games,time,goals,xG,assists,xA,shots,key_passes,yellow_cards,red_cards,position,team_title,npg,npxG,xGChain,xGBuildup,season
839,Shane Long,32,1522,5,4.035827225074172,5,2.7357718478888273,37,21,2,0,F M S,Southampton,5,4.035827225074172,9.551563849672675,3.285960743203759,2014
839,Shane Long,28,2114,10,10.61739412508905,4,2.7126416452229023,64,33,2,0,F M S,Southampton,10,10.61739412508905,13.091042907908559,3.4208338242024183,2015
839,Shane Long,32,1231,3,5.245460886508226,1,1.568783400580287,41,14,2,0,F S,Southampton,3,4.484291795641184,7.210736649110913,1.5648734997957945,2016
839,Shane Long,30,1566,2,3.991607930511236,1,1.3119912073016167,32,20,6,0,F S,Southampton,2,3.991607930511236,6.2590973153710365,1.762492699548602,2017
839,Shane Long,26,1262,5,5.437479224987328,1,1.6013002078980207,30,13,3,0,F M S,Southampton,5,5.437479224987328,6.827497811987996,1.3454701052978635,2018
839,Shane Long,26,1403,2,4.529593279585242,2,2.5810972917824984,33,20,0,0,F S,Southampton,2,4.529593279585242,5.496158575639129,0.8397863134741783,2019
839,Shane Long,11,184,0,0.06422480195760727,0,0,2,0,0,0,F S,Southampton,0,0.06422480195760727,0.08692499808967113,0.06606839783489704,2020
839,Shane Long,13,303,1,1.170360267162323,0,0.1290954016149044,9,2,1,0,F S,Southampton,1,1.170360267162323,1.1239030845463276,0.10534719750285149,2021
