id,player_name,games,time,goals,xG,assists,xA,shots,key_passes,yellow_cards,red_cards,position,team_title,npg,npxG,xGChain,xGBuildup,season
2245,Raphael Varane,22,1823,1,0.7494999002665281,1,0.213959701359272,9,4,0,0,D S,Manchester United,1,0.7494999002665281,5.67289936542511,5.46038194745779,2021
2245,Raphael Varane,24,1918,0,0.911432646214962,0,0.14311769977211952,8,4,1,0,D S,Manchester United,0,0.911432646214962,6.672149233520031,6.56157923489809,2022
2245,Raphael Varane,22,1374,1,1.1560358591377735,0,0.08104487508535385,8,1,2,0,D S,Manchester United,1,1.1560358591377735,4.322573345154524,3.4524471573531628,2023
