id,player_name,games,time,goals,xG,assists,xA,shots,key_passes,yellow_cards,red_cards,position,team_title,npg,npxG,xGChain,xGBuildup,season
632,Jordon Mutch,16,850,0,0.9368359828367829,1,0.8450062051415443,14,10,5,0,M S,"Crystal Palace,Queens Park Rangers",0,0.9368359828367829,1.8782808128744364,0.962717343121767,2014
632,Jordon Mutch,20,784,0,0.9309703093022108,0,0.4809456095099449,17,7,0,0,F M S,Crystal Palace,0,0.9309703093022108,2.766180396080017,1.9822706580162048,2015
632,Jordon Mutch,4,42,0,0,0,0.018648400902748108,0,1,0,0,S,Crystal Palace,0,0,0.09373869746923447,0.07509029656648636,2016
