id,player_name,games,time,goals,xG,assists,xA,shots,key_passes,yellow_cards,red_cards,position,team_title,npg,npxG,xGChain,xGBuildup,season
6345,Jadon Sancho,29,1891,3,4.233039932325482,3,4.078670029528439,26,42,0,0,F M S,Manchester United,3,4.233039932325482,12.360889784991741,5.444499511271715,2021
6345,Jadon Sancho,26,1710,6,3.7890949305146933,3,4.790035545825958,21,43,0,0,F M S,Manchester United,6,3.7890949305146933,15.047371318563819,7.7076081950217485,2022
6345,Jadon Sancho,3,68,0,0,0,0.12816749513149261,0,1,0,0,S,Manchester United,0,0,0.2712413966655731,0.1430738866329193,2023
6345,Jadon Sancho,17,1068,2,1.5010268036276102,4,3.036062154918909,15,22,1,0,M S,Chelsea,2,1.5010268036276102,6.149513766169548,2.2908433750271797,2024
6345,Jadon Sancho,17,1068,2,1.5010268036276102,4,3.036062154918909,15,22,1,0,M S,Chelsea,2,1.5010268036276102,6.149513766169548,2.2908433750271797,2025
