id,player_name,games,time,goals,xG,assists,xA,shots,key_passes,yellow_cards,red_cards,position,team_title,npg,npxG,xGChain,xGBuildup,season
862,Glenn Whelan,28,2279,0,0.40370759926736355,0,0.59635872207582,15,19,6,0,M S,Stoke,0,0.40370759926736355,3.2294936850667,2.6244011856615543,2014
862,Glenn Whelan,37,3189,0,0.221585800871253,1,0.9305674061179161,11,25,6,0,M,Stoke,0,0.221585800871253,10.518245441839099,9.994908982887864,2015
862,Glenn Whelan,30,2285,0,0.10786660015583038,1,1.351826086640358,6,21,5,0,M S,Stoke,0,0.10786660015583038,9.216523863375187,8.183302354067564,2016
