id,player_name,games,time,goals,xG,assists,xA,shots,key_passes,yellow_cards,red_cards,position,team_title,npg,npxG,xGChain,xGBuildup,season
695,Bertrand Traoré,10,365,2,1.6593624241650105,1,0.627598786726594,17,5,0,0,F M S,Chelsea,2,1.6593624241650105,2.3423980325460434,0.15087240189313889,2015
695,Bertrand Traoré,36,2362,7,6.304104885086417,6,4.570988927036524,64,35,1,0,F M S,Aston Villa,7,6.304104885086417,9.835362154990435,1.3322146972641349,2020
695,Bertrand Traoré,9,199,0,0.26367049664258957,0,0,8,0,0,0,F S,Aston Villa,0,0.26367049664258957,0.6458876002579927,0.44426370318979025,2021
695,Bertrand Traoré,8,216,2,0.856813095510006,0,0.06989339739084244,9,1,1,0,M S,Aston Villa,2,0.856813095510006,1.9170579137280583,1.0958947828039527,2022
695,Bertrand Traoré,2,7,0,0,0,0,0,0,0,0,S,Aston Villa,0,0,0,0,2023
