id,player_name,games,time,goals,xG,assists,xA,shots,key_passes,yellow_cards,red_cards,position,team_title,npg,npxG,xGChain,xGBuildup,season
745,Kasper Schmeichel,24,2160,0,0,0,0.07502740062773228,0,2,0,0,GK,Leicester,0,0,0.9568508761003613,0.942747880704701,2014
745,Kasper Schmeichel,38,3420,0,0,0,0.3699235003441572,0,5,2,0,GK,Leicester,0,0,3.289773276075721,2.919850179925561,2015
745,Kasper Schmeichel,30,2668,0,0,0,0,0,0,1,0,GK,Leicester,0,0,0.9501884961500764,0.9501884961500764,2016
745,Kasper Schmeichel,33,2968,0,0,0,0.056529700756073,0,1,2,0,GK,Leicester,0,0,3.8814148399978876,3.8248848114162683,2017
745,Kasper Schmeichel,38,3420,0,0.08071509748697281,0,0.2929759919643402,1,1,3,0,GK,Leicester,0,0.08071509748697281,3.7830665819346905,3.4900906197726727,2018
745,Kasper Schmeichel,38,3420,0,0.018557699397206306,0,0.36443369882181287,1,3,2,0,GK,Leicester,0,0.018557699397206306,3.8759107664227486,3.518941454589367,2019
745,Kasper Schmeichel,38,3420,0,0,0,0,0,0,0,0,GK,Leicester,0,0,3.8688182500191033,3.8688182500191033,2020
745,Kasper Schmeichel,37,3330,0,0,0,0.015869200229644775,0,1,1,0,GK,Leicester,0,0,5.707257926464081,5.691388323903084,2021
