id,player_name,games,time,goals,xG,assists,xA,shots,key_passes,yellow_cards,red_cards,position,team_title,npg,npxG,xGChain,xGBuildup,season
875,Ciaran Clark,25,2000,1,2.343070681206882,2,0.8780082985758781,16,6,8,1,D S,Aston Villa,1,2.343070681206882,3.1968469601124525,2.249183803796768,2014
875,Ciaran Clark,18,1442,1,0.8913228996098042,0,0.6958843991160393,10,4,6,0,D S,Aston Villa,1,0.8913228996098042,0.7675878955051303,0.6018302924931049,2015
875,Ciaran Clark,20,1744,2,2.1719513945281506,1,0.9510246887803078,11,4,3,0,D S,Newcastle United,2,2.1719513945281506,3.3952517490833998,2.942892273887992,2017
875,Ciaran Clark,11,850,3,0.46525671146810055,0,0.052879698574543,7,2,1,0,D S,Newcastle United,3,0.46525671146810055,1.9674739316105843,1.6370069235563278,2018
875,Ciaran Clark,14,1192,2,0.7519120126962662,0,0.054861798882484436,6,1,3,0,D,Newcastle United,2,0.7519120126962662,2.049424583092332,2.0088459830731153,2019
875,Ciaran Clark,22,1895,1,0.6622019987553358,0,0.14438939839601517,8,2,3,0,D S,Newcastle United,1,0.6622019987553358,2.8629614301025867,2.8629614301025867,2020
875,Ciaran Clark,13,1011,0,1.0101884100586176,1,0.19648039899766445,7,4,2,1,D S,Newcastle United,0,1.0101884100586176,1.761743076145649,1.6704276781529188,2021
