id,player_name,games,time,goals,xG,assists,xA,shots,key_passes,yellow_cards,red_cards,position,team_title,npg,npxG,xGChain,xGBuildup,season
265,Ragnar Klavan,20,1402,0,0.19192410446703434,0,0.1798550933599472,4,3,3,0,D S,Liverpool,0,0.19192410446703434,3.9253748562186956,3.9040768574923277,2016
265,Ragnar Klavan,19,1448,1,0.9329169988632202,0,0.13540679961442947,1,4,0,0,D S,Liverpool,1,0.9329169988632202,4.131871744990349,4.1139897257089615,2017
