id,player_name,games,time,goals,xG,assists,xA,shots,key_passes,yellow_cards,red_cards,position,team_title,npg,npxG,xGChain,xGBuildup,season
466,Marc Pugh,26,1328,3,2.4653059132397175,2,1.1982270358130336,22,13,1,0,M S,Bournemouth,3,2.4653059132397175,4.759835608303547,1.5334025993943214,2015
466,Marc Pugh,21,1345,2,1.6018412858247757,2,1.878648228943348,18,19,1,0,D M S,Bournemouth,2,1.6018412858247757,4.169176809489727,2.3521924018859863,2016
466,Marc Pugh,20,981,0,1.3375982083380222,0,0.5683215968310833,19,10,2,0,F M S,Bournemouth,0,1.3375982083380222,2.8276277855038643,1.0480263940989971,2017
