id,player_name,games,time,goals,xG,assists,xA,shots,key_passes,yellow_cards,red_cards,position,team_title,npg,npxG,xGChain,xGBuildup,season
10809,Keane Lewis-Potter,10,307,0,0.6775096822530031,1,1.429301805794239,7,5,0,0,F S,Brentford,0,0.6775096822530031,1.1727796997874975,0.04870099946856499,2022
10809,Keane Lewis-Potter,30,1432,3,8.581757307052612,1,1.6146608591079712,43,13,0,0,D F S,Brentford,3,8.581757307052612,9.344955435022712,1.25881989300251,2023
10809,Keane Lewis-Potter,23,1850,1,2.3936043679714203,2,1.6860918458551168,19,14,4,0,D M S,Brentford,1,2.3936043679714203,5.71425019018352,3.119614042341709,2024
10809,Keane Lewis-Potter,23,1850,1,2.3936043679714203,2,1.6860918458551168,19,14,4,0,D M S,Brentford,1,2.3936043679714203,5.71425019018352,3.119614042341709,2025
