id,player_name,games,time,goals,xG,assists,xA,shots,key_passes,yellow_cards,red_cards,position,team_title,npg,npxG,xGChain,xGBuildup,season
8384,Armando Broja,1,4,0,0,0,0,0,0,0,0,S,Chelsea,0,0,0.020872799679636955,0.020872799679636955,2019
8384,Armando Broja,32,1986,6,5.893730046227574,0,1.4606569707393646,45,10,2,0,F S,Southampton,6,5.893730046227574,8.278900971636176,2.0138738844543695,2021
8384,Armando Broja,12,266,1,0.8572464846074581,0,0.08667439967393875,6,1,0,0,F S,Chelsea,1,0.8572464846074581,0.8978355824947357,0,2022
8384,Armando Broja,21,500,1,2.4893455486744642,1,0.7393966801464558,13,4,0,0,F S,"Chelsea,Fulham",1,2.4893455486744642,4.2334747817367315,1.649859182536602,2023
8384,Armando Broja,5,151,0,0.10446199029684067,0,0.12681011855602264,4,2,1,0,F S,Everton,0,0.10446199029684067,0.4809071496129036,0.2609364604577422,2024
8384,Armando Broja,5,151,0,0.10446199029684067,0,0.12681011855602264,4,2,1,0,F S,Everton,0,0.10446199029684067,0.4809071496129036,0.2609364604577422,2025
