id,player_name,games,time,goals,xG,assists,xA,shots,key_passes,yellow_cards,red_cards,position,team_title,npg,npxG,xGChain,xGBuildup,season
1750,Ainsley Maitland-Niles,1,1,0,0,0,0,0,0,0,0,S,Arsenal,0,0,0,0,2014
1750,Ainsley Maitland-Niles,1,1,0,0,0,0,0,0,0,0,S,Arsenal,0,0,0,0,2016
1750,Ainsley Maitland-Niles,15,908,0,0.2005000989884138,0,0.9780506305396557,5,8,1,0,D M S,Arsenal,0,0.2005000989884138,5.208638619631529,4.680087383836508,2017
1750,Ainsley Maitland-Niles,16,976,1,1.015497699379921,1,1.0627507232129574,5,6,1,1,D M S,Arsenal,1,1.015497699379921,4.286457806825638,2.369580402970314,2018
1750,Ainsley Maitland-Niles,20,1372,0,0.5084082968533039,2,1.6460967063903809,4,11,4,1,D S,Arsenal,0,0.5084082968533039,5.15650237724185,3.5671484656631947,2019
1750,Ainsley Maitland-Niles,26,1719,0,0.7961909975856543,0,0.8219910915941,12,6,2,0,D M S,"Arsenal,West Bromwich Albion",0,0.7961909975856543,5.968474563211203,5.0518849808722734,2020
1750,Ainsley Maitland-Niles,8,251,0,0.029720098711550236,0,0.22736240178346634,2,3,0,0,M S,Arsenal,0,0.029720098711550236,0.6360606998205185,0.38906870782375336,2021
1750,Ainsley Maitland-Niles,22,1395,0,0.013740300200879574,0,0.48331243358552456,1,10,3,0,D M S,Southampton,0,0.013740300200879574,3.216860962100327,3.123183621093631,2022
