id,player_name,games,time,goals,xG,assists,xA,shots,key_passes,yellow_cards,red_cards,position,team_title,npg,npxG,xGChain,xGBuildup,season
8720,Jack Harrison,36,2871,8,6.254035193473101,8,7.523063641041517,46,59,2,0,M S,Leeds,8,6.254035193473101,19.397482879459858,8.035575471818447,2020
8720,Jack Harrison,35,2660,8,5.154695501551032,1,3.4489700738340616,43,42,3,0,F M S,Leeds,8,5.154695501551032,9.2159404437989,4.422536087222397,2021
8720,Jack Harrison,36,2793,5,5.013850751332939,7,5.010656230151653,39,53,2,0,D F M S,Leeds,5,5.013850751332939,11.75817795842886,4.768079791218042,2022
8720,Jack Harrison,29,2229,3,4.149862082675099,3,4.3471535332500935,34,27,1,0,M S,Everton,3,4.149862082675099,8.462419219315052,2.3600274678319693,2023
8720,Jack Harrison,18,1009,0,2.020585298538208,0,1.8127256389707327,15,14,0,0,F M S,Everton,0,2.020585298538208,3.9047877453267574,0.7397620771080256,2024
8720,Jack Harrison,18,1009,0,2.020585298538208,0,1.8127256389707327,15,14,0,0,F M S,Everton,0,2.020585298538208,3.9047877453267574,0.7397620771080256,2025
