id,player_name,games,time,goals,xG,assists,xA,shots,key_passes,yellow_cards,red_cards,position,team_title,npg,npxG,xGChain,xGBuildup,season
1178,Davide Zappacosta,22,1092,1,1.5650927070528269,1,1.2953772656619549,25,13,0,0,D M S,Chelsea,1,1.5650927070528269,5.394452394917607,3.0115538723766804,2017
1178,Davide Zappacosta,4,119,0,0.1525930017232895,0,0.12932699918746948,2,1,0,0,D S,Chelsea,0,0.1525930017232895,1.0368040055036545,0.7548840045928955,2018
