id,player_name,games,time,goals,xG,assists,xA,shots,key_passes,yellow_cards,red_cards,position,team_title,npg,npxG,xGChain,xGBuildup,season
5596,Harry Wilson,31,1672,7,4.164999137632549,0,2.217742595821619,56,14,2,0,F M S,Bournemouth,7,4.164999137632549,7.9218197055161,4.210729802027345,2019
5596,Harry Wilson,29,1087,2,1.8703890815377235,3,1.3884916454553604,18,12,1,0,M S,Fulham,2,1.8703890815377235,5.573958999477327,2.747893917374313,2022
5596,Harry Wilson,35,1576,4,2.8195397332310677,6,3.1505596097558737,39,22,6,0,F M S,Fulham,4,2.8195397332310677,7.545763581991196,3.50857000797987,2023
5596,Harry Wilson,19,824,5,2.883230207487941,1,1.310930552892387,28,17,2,0,F M S,Fulham,5,2.883230207487941,5.205330517143011,1.8607080252841115,2024
5596,Harry Wilson,19,824,5,2.883230207487941,1,1.310930552892387,28,17,2,0,F M S,Fulham,5,2.883230207487941,5.205330517143011,1.8607080252841115,2025
