id,player_name,games,time,goals,xG,assists,xA,shots,key_passes,yellow_cards,red_cards,position,team_title,npg,npxG,xGChain,xGBuildup,season
549,Timothy Fosu-Mensah,8,247,0,0.04458349943161011,1,0.5879679918289185,2,1,1,0,D S,Manchester United,0,0.04458349943161011,0.6066955961287022,0.5621117949485779,2015
549,Timothy Fosu-Mensah,4,95,0,0.03191259875893593,0,0,1,0,0,0,D S,Manchester United,0,0.03191259875893593,0.2643499970436096,0.23243699967861176,2016
549,Timothy Fosu-Mensah,21,1595,0,0.2173014972358942,0,0.3670815974473953,8,6,2,0,D S,Crystal Palace,0,0.2173014972358942,2.7277599656954408,2.3759200694039464,2017
549,Timothy Fosu-Mensah,12,797,0,0.08043570164591074,0,0.3679341981187463,4,6,3,0,D S,Fulham,0,0.08043570164591074,2.697345519438386,2.2805972825735807,2018
549,Timothy Fosu-Mensah,3,139,0,0.08578140288591385,0,0.12574799358844757,1,2,1,0,D S,Manchester United,0,0.08578140288591385,0.6020890027284622,0.4799007996916771,2019
549,Timothy Fosu-Mensah,1,85,0,0.015449300408363342,0,0.3051519989967346,1,2,1,0,D,Manchester United,0,0.015449300408363342,0.40190500020980835,0.36082199215888977,2020
