id,player_name,games,time,goals,xG,assists,xA,shots,key_passes,yellow_cards,red_cards,position,team_title,npg,npxG,xGChain,xGBuildup,season
7365,Lucas Paquetá,28,2209,4,5.04679605551064,3,2.8692219518125057,53,32,5,0,F M S,West Ham,3,4.285627054050565,9.569089142605662,4.352459283545613,2022
7365,Lucas Paquetá,31,2676,4,4.605092185549438,6,5.833031775429845,42,41,10,0,F M,West Ham,2,3.0827545104548335,13.320021394640207,7.106406299397349,2023
7365,Lucas Paquetá,22,1634,4,4.624560436233878,0,1.7169509399682283,33,23,6,0,F M S,West Ham,2,3.102222776040435,7.398999128490686,3.5891680121421814,2024
7365,Lucas Paquetá,22,1634,4,4.624560436233878,0,1.7169509399682283,33,23,6,0,F M S,West Ham,2,3.102222776040435,7.398999128490686,3.5891680121421814,2025
