id,player_name,games,time,goals,xG,assists,xA,shots,key_passes,yellow_cards,red_cards,position,team_title,npg,npxG,xGChain,xGBuildup,season
1725,Christian Kabasele,16,767,2,1.665544230490923,0,0.10066600330173969,7,3,1,0,D M S,Watford,2,1.665544230490923,0.331052603200078,0.20018989592790604,2016
1725,Christian Kabasele,28,2330,2,0.7799922414124012,0,0.13010949827730656,10,3,5,0,D S,Watford,2,0.7799922414124012,2.818990457803011,2.7019144780933857,2017
1725,Christian Kabasele,21,1585,0,1.5429872050881386,0,0.18398119509220123,8,2,2,1,D S,Watford,0,1.5429872050881386,2.5402289889752865,2.4893748871982098,2018
1725,Christian Kabasele,27,2261,0,0.8253118861466646,2,0.6392173022031784,9,5,1,2,D S,Watford,0,0.8253118861466646,2.30373380985111,2.2784005058929324,2019
1725,Christian Kabasele,16,1188,0,1.3147067874670029,0,0.17673439905047417,7,2,0,0,D S,Watford,0,1.3147067874670029,0.7724129892885685,0.7071216963231564,2021
