id,player_name,games,time,goals,xG,assists,xA,shots,key_passes,yellow_cards,red_cards,position,team_title,npg,npxG,xGChain,xGBuildup,season
10716,Manor Solomon,19,536,4,1.042859235778451,0,0.32499892730265856,11,6,0,0,M S,Fulham,4,1.042859235778451,1.434320348314941,0.7428273241966963,2022
10716,Manor Solomon,5,194,0,0.3894983045756817,2,0.9335471913218498,7,12,1,0,M S,Tottenham,0,0.3894983045756817,2.0264496579766273,1.147088959813118,2023
