id,player_name,games,time,goals,xG,assists,xA,shots,key_passes,yellow_cards,red_cards,position,team_title,npg,npxG,xGChain,xGBuildup,season
7333,Caleb Okoli,13,793,0,0.33432834409177303,0,0,3,0,2,0,D S,Leicester,0,0.33432834409177303,2.144199699163437,2.125499866902828,2024
7333,Caleb Okoli,13,793,0,0.33432834409177303,0,0,3,0,2,0,D S,Leicester,0,0.33432834409177303,2.144199699163437,2.125499866902828,2025
