id,player_name,games,time,goals,xG,assists,xA,shots,key_passes,yellow_cards,red_cards,position,team_title,npg,npxG,xGChain,xGBuildup,season
6892,Fabián Balbuena,23,2013,1,2.5245358627289534,0,0.15304459817707539,19,3,2,0,D,West Ham,1,2.5245358627289534,3.731962798163295,3.7082150988280773,2018
6892,Fabián Balbuena,17,1174,1,1.3386603072285652,0,0.4616929888725281,10,1,2,0,D S,West Ham,1,1.3386603072285652,1.5457504000514746,1.5457504000514746,2019
6892,Fabián Balbuena,14,1197,1,1.0978235751390457,0,0,8,0,1,1,D S,West Ham,1,1.0978235751390457,2.2187997102737427,1.9963050186634064,2020
