id,player_name,games,time,goals,xG,assists,xA,shots,key_passes,yellow_cards,red_cards,position,team_title,npg,npxG,xGChain,xGBuildup,season
6912,Pedro Porro,15,1154,3,1.3973288014531136,3,2.5322364550083876,25,25,0,0,D M S,Tottenham,3,1.3973288014531136,5.9181207716465,2.848248900845647,2022
6912,Pedro Porro,35,3101,3,2.83508870145306,7,7.285218555480242,53,52,3,0,D,Tottenham,3,2.83508870145306,20.235827142372727,15.794150441884995,2023
6912,Pedro Porro,23,1898,2,1.7094341665506363,5,3.4862871700897813,34,34,2,0,D S,Tottenham,2,1.7094341665506363,10.322558181360364,8.25550695694983,2024
6912,Pedro Porro,23,1898,2,1.7094341665506363,5,3.4862871700897813,34,34,2,0,D S,Tottenham,2,1.7094341665506363,10.322558181360364,8.25550695694983,2025
