id,player_name,games,time,goals,xG,assists,xA,shots,key_passes,yellow_cards,red_cards,position,team_title,npg,npxG,xGChain,xGBuildup,season
5708,Fernando Marçal,13,611,0,0.07455459795892239,0,0.13980720099061728,2,4,2,0,D M S,Wolverhampton Wanderers,0,0.07455459795892239,2.079630693420768,1.9003007970750332,2020
5708,Fernando Marçal,18,1468,0,0.6045070141553879,0,0.7216701917350292,11,10,3,0,D S,Wolverhampton Wanderers,0,0.6045070141553879,3.928286073729396,3.2729318952187896,2021
