id,player_name,games,time,goals,xG,assists,xA,shots,key_passes,yellow_cards,red_cards,position,team_title,npg,npxG,xGChain,xGBuildup,season
11383,Renato Veiga,7,143,0,0.13544834405183792,0,0,3,0,2,0,M S,Chelsea,0,0.13544834405183792,0.8124905750155449,0.798570029437542,2024
11383,Renato Veiga,7,143,0,0.13544834405183792,0,0,3,0,2,0,M S,Chelsea,0,0.13544834405183792,0.8124905750155449,0.798570029437542,2025
