id,player_name,games,time,goals,xG,assists,xA,shots,key_passes,yellow_cards,red_cards,position,team_title,npg,npxG,xGChain,xGBuildup,season
7322,Bukayo Saka,1,6,0,0,0,0,0,0,0,0,S,Arsenal,0,0,0,0,2018
7322,Bukayo Saka,26,1769,1,1.1424380782991648,5,3.680352535098791,13,21,6,0,D F M S,Arsenal,1,1.1424380782991648,7.812512021511793,5.022922188043594,2019
7322,Bukayo Saka,32,2577,5,7.169173154979944,3,4.511790509335697,61,38,1,0,D F M S,Arsenal,5,7.169173154979944,18.292466957122087,9.18044448364526,2020
7322,Bukayo Saka,38,3034,11,9.905906103551388,7,7.6313808765262365,97,68,6,0,F M S,Arsenal,9,8.383569121360779,19.44989830069244,9.058580647222698,2021
7322,Bukayo Saka,38,3216,14,11.300049655139446,11,7.0429807445034385,89,75,6,0,F M S,Arsenal,12,9.016541637480259,23.58317681774497,11.6032799705863,2022
7322,Bukayo Saka,35,2990,16,16.807056225836277,8,11.325986489653587,107,89,4,0,F,Arsenal,10,12.240043208003044,30.357597015798092,13.228619534522295,2023
7322,Bukayo Saka,16,1310,5,5.053360652178526,10,9.621258489787579,46,42,3,0,F M,Arsenal,4,4.2921917997300625,11.105647251009941,4.7554488107562065,2024
7322,Bukayo Saka,16,1310,5,5.053360652178526,10,9.621258489787579,46,42,3,0,F M,Arsenal,4,4.2921917997300625,11.105647251009941,4.7554488107562065,2025
