id,player_name,games,time,goals,xG,assists,xA,shots,key_passes,yellow_cards,red_cards,position,team_title,npg,npxG,xGChain,xGBuildup,season
7703,John Egan,36,3193,2,2.6867086198180914,0,0.4515930116176605,27,1,3,1,D,Sheffield United,2,2.6867086198180914,3.889268606901169,3.759342309087515,2019
7703,John Egan,31,2628,0,0.4912482975050807,1,0.6186051927506924,14,3,7,1,D S,Sheffield United,0,0.4912482975050807,4.387039129622281,3.7450276343151927,2020
7703,John Egan,6,491,0,0.2383595146238804,0,0,3,0,2,0,D,Sheffield United,0,0.2383595146238804,0.3853593021631241,0.2653413340449333,2023
