id,player_name,games,time,goals,xG,assists,xA,shots,key_passes,yellow_cards,red_cards,position,team_title,npg,npxG,xGChain,xGBuildup,season
764,Daryl Janmaat,37,3263,1,1.4101378628984094,6,2.940818637609482,35,31,6,1,D,Newcastle United,1,1.4101378628984094,6.7864417396485806,4.356649793684483,2014
764,Daryl Janmaat,32,2754,2,1.1652493462897837,4,3.490501798223704,19,25,5,1,D M,Newcastle United,2,1.1652493462897837,9.721465773880482,6.243291113525629,2015
764,Daryl Janmaat,27,1620,2,1.470455477014184,1,1.5475112907588482,26,13,2,0,D M S,Watford,2,1.470455477014184,3.83804870210588,2.3895008843392134,2016
764,Daryl Janmaat,23,1823,3,1.6508419197052717,0,0.9912612996995449,24,12,3,0,D S,Watford,3,1.6508419197052717,4.680952705442905,3.0537463910877705,2017
764,Daryl Janmaat,18,1524,0,0.4652440957725048,2,0.5796329937875271,11,12,3,0,D S,Watford,0,0.4652440957725048,3.363954272121191,2.501093165948987,2018
764,Daryl Janmaat,8,611,0,0.33076490834355354,1,0.3983299061655998,4,6,1,0,D S,Watford,0,0.33076490834355354,1.80352071672678,1.2739357091486454,2019
