id,player_name,games,time,goals,xG,assists,xA,shots,key_passes,yellow_cards,red_cards,position,team_title,npg,npxG,xGChain,xGBuildup,season
8992,Hakim Ziyech,23,1182,2,1.9873142782598734,3,4.478449231013656,35,34,3,0,F M S,Chelsea,2,1.9873142782598734,7.6606698632240295,3.6919246558099985,2020
8992,Hakim Ziyech,23,1304,4,3.0387300960719585,3,3.926885128952563,52,30,3,0,F M S,Chelsea,4,3.0387300960719585,10.714838811196387,5.662911152467132,2021
8992,Hakim Ziyech,18,630,0,0.5913859363645315,3,2.5491114612668753,16,14,1,0,D F M S,Chelsea,0,0.5913859363645315,3.1017296006903052,1.5464539704844356,2022
