id,player_name,games,time,goals,xG,assists,xA,shots,key_passes,yellow_cards,red_cards,position,team_title,npg,npxG,xGChain,xGBuildup,season
931,Jordi Gómez,29,1952,4,3.7219145577400923,2,1.792080918326974,31,23,7,0,M S,Sunderland,1,1.4384054820984602,6.745260193943977,4.437605936080217,2014
931,Jordi Gómez,6,363,0,0.052657600492239,0,0.08031490352004766,2,2,0,0,M S,Sunderland,0,0.052657600492239,0.21269219741225243,0.19724339619278908,2015
