id,player_name,games,time,goals,xG,assists,xA,shots,key_passes,yellow_cards,red_cards,position,team_title,npg,npxG,xGChain,xGBuildup,season
7892,João Félix,16,953,4,4.288620352745056,0,0.6466051954776049,46,6,1,1,F M S,Chelsea,4,4.288620352745056,5.620456300675869,2.0359091740101576,2022
7892,João Félix,12,343,1,2.64809543825686,1,0.6843841634690762,20,6,2,0,M S,Chelsea,1,2.64809543825686,4.425876019522548,1.2964793983846903,2024
7892,João Félix,12,343,1,2.64809543825686,1,0.6843841634690762,20,6,2,0,M S,Chelsea,1,2.64809543825686,4.425876019522548,1.2964793983846903,2025
