id,player_name,games,time,goals,xG,assists,xA,shots,key_passes,yellow_cards,red_cards,position,team_title,npg,npxG,xGChain,xGBuildup,season
9356,Carney Chukwuemeka,2,16,0,0.056043900549411774,0,0,1,0,0,0,S,Aston Villa,0,0.056043900549411774,0.056043900549411774,0,2020
9356,Carney Chukwuemeka,12,266,0,0.6268898099660873,1,0.9877786859869957,4,2,0,0,M S,Aston Villa,0,0.6268898099660873,2.198258690536022,0.676293196156621,2021
9356,Carney Chukwuemeka,14,323,0,0.28078445978462696,0,0.5179743207991123,5,8,0,0,M S,Chelsea,0,0.28078445978462696,2.4493823647499084,1.8873916678130627,2022
9356,Carney Chukwuemeka,9,219,1,0.11761219799518585,1,0.24838955141603947,3,5,2,0,M S,Chelsea,1,0.11761219799518585,0.47145750373601913,0.10545574314892292,2023
