id,player_name,games,time,goals,xG,assists,xA,shots,key_passes,yellow_cards,red_cards,position,team_title,npg,npxG,xGChain,xGBuildup,season
747,Robert Huth,15,1186,1,1.1736510153859854,0,0,16,0,2,0,D S,"Leicester,Stoke",1,1.1736510153859854,0.9506201222538948,0.8520779274404049,2014
747,Robert Huth,35,3150,3,3.4519033562391996,0,0.6899090297520161,28,2,8,0,D,Leicester,3,3.4519033562391996,4.601796895265579,3.9647810012102127,2015
747,Robert Huth,33,2932,2,2.0303970891982317,2,1.5547647550702095,26,6,9,0,D,Leicester,2,2.0303970891982317,3.803451405838132,2.953204605728388,2016
