id,player_name,games,time,goals,xG,assists,xA,shots,key_passes,yellow_cards,red_cards,position,team_title,npg,npxG,xGChain,xGBuildup,season
8718,Stuart Dallas,38,3412,8,4.457073759287596,2,2.084682686254382,48,26,7,0,D M,Leeds,8,4.457073759287596,18.53434094041586,13.809801509603858,2020
8718,Stuart Dallas,34,2929,1,1.8355175238102674,1,3.379575688391924,30,31,5,0,D M,Leeds,1,1.8355175238102674,9.495666805654764,6.707575690001249,2021
