id,player_name,games,time,goals,xG,assists,xA,shots,key_passes,yellow_cards,red_cards,position,team_title,npg,npxG,xGChain,xGBuildup,season
6080,Victor Lindelöf,17,1280,0,0.012279500253498554,0,0.2188110053539276,1,2,1,0,D S,Manchester United,0,0.012279500253498554,3.081314178183675,2.862503172829747,2017
6080,Victor Lindelöf,30,2604,1,0.8407717123627663,1,1.583196997642517,8,5,1,0,D S,Manchester United,1,0.8407717123627663,8.736518723890185,7.977655736729503,2018
6080,Victor Lindelöf,35,3100,1,0.1840899009257555,0,0.3704903954640031,6,4,6,0,D,Manchester United,1,0.1840899009257555,8.878298587165773,8.868011387065053,2019
6080,Victor Lindelöf,29,2587,1,0.7988889738917351,1,0.40237830206751823,4,6,0,0,D,Manchester United,1,0.7988889738917351,9.030322298407555,8.881874991580844,2020
6080,Victor Lindelöf,28,2349,0,0.18983770348131657,2,0.6558029912412167,3,4,4,0,D S,Manchester United,0,0.18983770348131657,6.806016536429524,6.787732543423772,2021
6080,Victor Lindelöf,20,1350,0,0.23235159739851952,0,0.08466855436563492,3,3,1,0,D S,Manchester United,0,0.23235159739851952,7.236471671611071,7.146713148802519,2022
6080,Victor Lindelöf,19,1340,1,0.43084179423749447,1,0.2853157091885805,6,8,2,0,D S,Manchester United,1,0.43084179423749447,3.862116176635027,3.649274256080389,2023
6080,Victor Lindelöf,5,50,0,0,0,0.05152770131826401,0,1,1,0,S,Manchester United,0,0,0.1046961210668087,0.05316841974854469,2024
6080,Victor Lindelöf,5,50,0,0,0,0.05152770131826401,0,1,1,0,S,Manchester United,0,0,0.1046961210668087,0.05316841974854469,2025
