id,player_name,games,time,goals,xG,assists,xA,shots,key_passes,yellow_cards,red_cards,position,team_title,npg,npxG,xGChain,xGBuildup,season
573,Odion Ighalo,37,3160,15,16.093822445720434,3,2.2321918215602636,109,37,4,0,F M S,Watford,15,16.093822445720434,18.002249501645565,2.7645926093682647,2015
573,Odion Ighalo,18,1292,1,3.474221682175994,1,0.6421252936124802,37,11,1,0,F M S,Watford,1,3.474221682175994,4.637669637799263,0.9040372986346483,2016
573,Odion Ighalo,11,69,0,2.4563129991292953,0,0.08709939941763878,7,2,0,0,S,Manchester United,0,2.4563129991292953,2.622233096510172,0.07882039994001389,2019
573,Odion Ighalo,1,5,0,0,0,0,0,0,0,0,S,Manchester United,0,0,0,0,2020
