id,player_name,games,time,goals,xG,assists,xA,shots,key_passes,yellow_cards,red_cards,position,team_title,npg,npxG,xGChain,xGBuildup,season
11174,Kobbie Mainoo,1,7,0,0,0,0,0,0,0,0,S,Manchester United,0,0,0.16662700474262238,0.16662700474262238,2022
11174,Kobbie Mainoo,24,1980,3,0.7737709768116474,1,0.8450042605400085,11,15,3,0,M,Manchester United,3,0.7737709768116474,5.0805817022919655,3.867461297661066,2023
11174,Kobbie Mainoo,17,1233,0,0.4083528630435467,0,1.5023156981915236,9,12,5,0,M S,Manchester United,0,0.4083528630435467,4.505379252135754,2.594710685312748,2024
11174,Kobbie Mainoo,17,1233,0,0.4083528630435467,0,1.5023156981915236,9,12,5,0,M S,Manchester United,0,0.4083528630435467,4.505379252135754,2.594710685312748,2025
