id,player_name,games,time,goals,xG,assists,xA,shots,key_passes,yellow_cards,red_cards,position,team_title,npg,npxG,xGChain,xGBuildup,season
6504,Michael Obafemi,1,7,0,0.5450019836425781,0,0,1,0,0,0,S,Southampton,0,0.5450019836425781,0.5450019836425781,0,2017
6504,Michael Obafemi,6,131,1,1.8935815170407295,1,0.3352697044610977,7,2,1,0,F S,Southampton,1,1.8935815170407295,2.3292839378118515,0.3844362869858742,2018
6504,Michael Obafemi,21,654,3,2.154611974954605,2,1.2253477424383163,12,10,1,0,F S,Southampton,3,2.154611974954605,2.8837940115481615,0.5151656996458769,2019
6504,Michael Obafemi,4,52,0,0,0,0.054918598383665085,0,1,0,0,S,Southampton,0,0,0.14890269562602043,0.14890269562602043,2020
6504,Michael Obafemi,2,9,0,0.11657162755727768,0,0,2,0,0,0,S,Burnley,0,0.11657162755727768,0.15364274382591248,0.037071119993925095,2023
