id,player_name,games,time,goals,xG,assists,xA,shots,key_passes,yellow_cards,red_cards,position,team_title,npg,npxG,xGChain,xGBuildup,season
12752,Sammie Szmodics,18,1014,4,4.5141482055187225,0,0.1510741114616394,21,4,2,0,M S,Ipswich,4,4.5141482055187225,5.326153449714184,0.7284961454570293,2024
12752,Sammie Szmodics,18,1014,4,4.5141482055187225,0,0.1510741114616394,21,4,2,0,M S,Ipswich,4,4.5141482055187225,5.326153449714184,0.7284961454570293,2025
