id,player_name,games,time,goals,xG,assists,xA,shots,key_passes,yellow_cards,red_cards,position,team_title,npg,npxG,xGChain,xGBuildup,season
1746,Jeff Hendrick,32,2698,2,1.3130618361756206,1,0.653957792557776,31,13,6,1,M S,Burnley,2,1.3130618361756206,2.7778089232742786,1.8422746006399393,2016
1746,Jeff Hendrick,34,2363,2,2.092277371324599,2,2.6957106050103903,26,26,1,0,M S,Burnley,2,2.092277371324599,6.184879589825869,2.0667460821568966,2017
1746,Jeff Hendrick,32,2089,3,1.7896248092874885,0,1.0732655078172684,19,12,4,0,M S,Burnley,3,1.7896248092874885,3.252228739671409,1.3670600866898894,2018
1746,Jeff Hendrick,24,1944,2,2.1020823437720537,2,1.3787490194663405,22,14,8,0,M S,Burnley,2,2.1020823437720537,4.952224725857377,2.434791326522827,2019
1746,Jeff Hendrick,22,1436,2,1.1079940740019083,1,1.4332293150946498,10,6,1,1,M S,Newcastle United,2,1.1079940740019083,3.6056358302012086,1.386697107926011,2020
1746,Jeff Hendrick,3,65,1,0.017747599631547928,0,0.022814100608229637,1,1,0,0,S,Newcastle United,1,0.017747599631547928,0.16085720248520374,0.12029549852013588,2021
