id,player_name,games,time,goals,xG,assists,xA,shots,key_passes,yellow_cards,red_cards,position,team_title,npg,npxG,xGChain,xGBuildup,season
11132,Ethan Nwaneri,1,1,0,0,0,0,0,0,0,0,S,Arsenal,0,0,0,0,2022
11132,Ethan Nwaneri,1,6,0,0,0,0.024536216631531715,0,1,0,0,S,Arsenal,0,0,0.024536216631531715,0.024536216631531715,2023
11132,Ethan Nwaneri,13,262,2,0.810124671086669,0,0.18021641671657562,8,4,1,0,F M S,Arsenal,2,0.810124671086669,2.2956003472208977,1.6764439679682255,2024
11132,Ethan Nwaneri,13,262,2,0.810124671086669,0,0.18021641671657562,8,4,1,0,F M S,Arsenal,2,0.810124671086669,2.2956003472208977,1.6764439679682255,2025
