id,player_name,games,time,goals,xG,assists,xA,shots,key_passes,yellow_cards,red_cards,position,team_title,npg,npxG,xGChain,xGBuildup,season
639,Toby Alderweireld,26,2264,1,0.9311116095632315,0,0.6971472166478634,18,7,3,0,D M,Southampton,1,0.9311116095632315,5.908183524385095,5.1874207155779,2014
639,Toby Alderweireld,38,3420,4,3.0251707853749394,2,0.8221089970320463,40,10,3,0,D,Tottenham,4,3.0251707853749394,11.274831731803715,10.825908177532256,2015
639,Toby Alderweireld,30,2610,1,1.9968210961669683,0,0.3265845961868763,28,6,1,0,D,Tottenham,1,1.9968210961669683,8.036765376105905,7.413335250690579,2016
639,Toby Alderweireld,14,1177,0,0.35098929796367884,0,0.18142709508538246,10,3,3,0,D S,Tottenham,0,0.35098929796367884,3.9065468162298203,3.777164436876774,2017
639,Toby Alderweireld,34,2926,0,0.9871179955080152,0,0.4885507095605135,19,7,3,0,D S,Tottenham,0,0.9871179955080152,9.215408191084862,8.77471943385899,2018
639,Toby Alderweireld,33,2959,2,0.45559822395443916,2,1.2273942260071635,15,11,7,0,D,Tottenham,2,0.45559822395443916,8.160162208601832,7.056375397369266,2019
639,Toby Alderweireld,25,2243,1,0.613818702287972,0,0.9680299838073552,10,8,2,0,D,Tottenham,1,0.613818702287972,5.900498282164335,5.8572167828679085,2020
