id,player_name,games,time,goals,xG,assists,xA,shots,key_passes,yellow_cards,red_cards,position,team_title,npg,npxG,xGChain,xGBuildup,season
6424,Ben Johnson,1,64,0,0,0,0,0,0,0,0,D,West Ham,0,0,0,0,2018
6424,Ben Johnson,3,270,0,0.01531479973345995,0,0.028969399631023407,1,1,0,0,D,West Ham,0,0.01531479973345995,0.42286698520183563,0.42286698520183563,2019
6424,Ben Johnson,14,506,1,0.4844093881547451,0,0.38586561009287834,3,4,1,0,D M S,West Ham,1,0.4844093881547451,1.4439897667616606,0.6678877267986536,2020
6424,Ben Johnson,20,1402,1,0.14851520024240017,0,0.5553672071546316,5,9,1,0,D S,West Ham,1,0.14851520024240017,4.077996655367315,3.741722867824137,2021
6424,Ben Johnson,17,845,0,0.08382507413625717,0,0.23682799190282822,2,3,0,0,D S,West Ham,0,0.08382507413625717,2.518942840397358,2.1982886735349894,2022
6424,Ben Johnson,14,509,0,0.21550948731601238,0,0,6,0,1,0,D M S,West Ham,0,0.21550948731601238,0.6861794609576464,0.5518248528242111,2023
6424,Ben Johnson,14,812,0,0.47112736850976944,1,1.0167357437312603,3,5,2,0,D M S,Ipswich,0,0.47112736850976944,1.6631967797875404,0.7079383954405785,2024
6424,Ben Johnson,14,812,0,0.47112736850976944,1,1.0167357437312603,3,5,2,0,D M S,Ipswich,0,0.47112736850976944,1.6631967797875404,0.7079383954405785,2025
