id,player_name,games,time,goals,xG,assists,xA,shots,key_passes,yellow_cards,red_cards,position,team_title,npg,npxG,xGChain,xGBuildup,season
688,Ruben Loftus-Cheek,3,139,0,0.017071999609470367,0,0.07907039672136307,1,1,0,0,M S,Chelsea,0,0.017071999609470367,0.16136999428272247,0.1442980021238327,2014
688,Ruben Loftus-Cheek,13,399,1,0.9546099007129669,0,0.13750669918954372,12,4,0,0,M S,Chelsea,1,0.9546099007129669,2.598377004265785,1.7522745877504349,2015
688,Ruben Loftus-Cheek,6,23,0,0.13750000298023224,0,0,1,0,0,0,S,Chelsea,0,0.13750000298023224,0.24363900534808636,0.10613900236785412,2016
688,Ruben Loftus-Cheek,24,1877,2,3.4516441831365228,3,3.24505303427577,32,26,1,0,M S,Crystal Palace,2,3.4516441831365228,9.316091772168875,4.744007950648665,2017
688,Ruben Loftus-Cheek,24,969,6,3.2402343936264515,2,1.010944813489914,28,17,0,0,M S,Chelsea,6,3.2402343936264515,8.282627486623824,5.7862215237692,2018
688,Ruben Loftus-Cheek,7,195,0,0.5446936143562198,1,0.5234689712524414,4,1,0,0,F M S,Chelsea,0,0.5446936143562198,1.6199398376047611,0.5517780985683203,2019
688,Ruben Loftus-Cheek,31,1988,1,3.3300100583583117,0,1.244578005746007,35,17,3,0,F M S,"Chelsea,Fulham",1,3.3300100583583117,7.614797158166766,3.7472258722409606,2020
688,Ruben Loftus-Cheek,24,1378,0,0.9419815111905336,2,2.55641508102417,19,18,1,0,M S,Chelsea,0,0.9419815111905336,8.096100836992264,6.934505823999643,2021
688,Ruben Loftus-Cheek,25,1550,0,0.856397295370698,1,1.7559158895164728,9,15,1,0,D M S,Chelsea,0,0.856397295370698,6.833013786934316,4.327356296591461,2022
