id,player_name,games,time,goals,xG,assists,xA,shots,key_passes,yellow_cards,red_cards,position,team_title,npg,npxG,xGChain,xGBuildup,season
951,Phil Jones,22,1881,0,0.18775559961795807,0,0.2614507991820574,3,5,3,0,D,Manchester United,0,0.18775559961795807,3.642874300479889,3.6263293027877808,2014
951,Phil Jones,10,524,0,0.058942899107933044,0,0,1,0,0,0,D S,Manchester United,0,0.058942899107933044,1.1276833098381758,1.0687404107302427,2015
951,Phil Jones,18,1588,0,0.10695720091462135,0,0.21727100759744644,3,2,2,0,D,Manchester United,0,0.10695720091462135,4.598769560456276,4.381498545408249,2016
951,Phil Jones,23,1974,0,0.5508504156023264,0,0.2009660005569458,2,2,2,0,D,Manchester United,0,0.5508504156023264,4.208818783983588,4.013255478814244,2017
951,Phil Jones,18,1266,0,0.5517958011478186,1,0.8154120333492756,5,3,1,0,D S,Manchester United,0,0.5517958011478186,3.823229741305113,3.5550857298076153,2018
951,Phil Jones,2,137,0,0.11484599858522415,0,0,2,0,0,0,D,Manchester United,0,0.11484599858522415,0.35416610166430473,0.35416610166430473,2019
951,Phil Jones,4,162,0,0,0,0,0,0,0,0,D S,Manchester United,0,0,0.14934700727462769,0.14934700727462769,2021
