id,player_name,games,time,goals,xG,assists,xA,shots,key_passes,yellow_cards,red_cards,position,team_title,npg,npxG,xGChain,xGBuildup,season
1747,Kevin Long,1,20,0,0,0,0,0,0,0,0,S,Burnley,0,0,0,0,2014
1747,Kevin Long,3,270,0,0.024663500487804413,0,0,1,0,0,0,D,Burnley,0,0.024663500487804413,0.09584390185773373,0.09584390185773373,2016
1747,Kevin Long,16,1440,1,1.7117623835802078,2,1.8074528202414513,10,5,1,0,D,Burnley,1,1.7117623835802078,0.6246273070573807,0.6132655069231987,2017
1747,Kevin Long,6,514,0,0.030711399391293526,1,0.4060730040073395,1,1,0,0,D S,Burnley,0,0.030711399391293526,0.5972740054130554,0.19120100140571594,2018
1747,Kevin Long,8,560,0,0.10599010158330202,0,0,2,0,0,0,D S,Burnley,0,0.10599010158330202,0.8505860045552254,0.7575789764523506,2019
1747,Kevin Long,8,635,0,0.6100035086274147,0,0.017368000000715256,2,1,2,0,D S,Burnley,0,0.6100035086274147,0.5022359061986208,0.5022359061986208,2020
1747,Kevin Long,6,406,0,0.1382613042369485,0,0,4,0,1,0,D S,Burnley,0,0.1382613042369485,0.3228092873468995,0.3228092873468995,2021
