id,player_name,games,time,goals,xG,assists,xA,shots,key_passes,yellow_cards,red_cards,position,team_title,npg,npxG,xGChain,xGBuildup,season
10120,Conor Bradley,11,776,1,0.9028667435050011,3,1.9515707418322563,12,15,2,0,D S,Liverpool,1,0.9028667435050011,6.451037675142288,4.833862990140915,2023
10120,Conor Bradley,8,222,0,0.8963687121868134,0,0,6,0,1,0,D S,Liverpool,0,0.8963687121868134,2.760086080059409,1.9060290586203337,2024
10120,Conor Bradley,8,222,0,0.8963687121868134,0,0,6,0,1,0,D S,Liverpool,0,0.8963687121868134,2.760086080059409,1.9060290586203337,2025
