id,player_name,games,time,goals,xG,assists,xA,shots,key_passes,yellow_cards,red_cards,position,team_title,npg,npxG,xGChain,xGBuildup,season
3635,Bernardo Silva,35,1500,6,4.527405306696892,4,3.0583874695003033,25,30,0,0,F S,Manchester City,6,4.527405306696892,15.460779877379537,9.751076810061932,2017
3635,Bernardo Silva,36,2851,7,8.196722293272614,7,8.63292901776731,62,71,3,0,F M S,Manchester City,7,8.196722293272614,29.931430093944073,16.89149523898959,2018
3635,Bernardo Silva,34,2020,6,7.420338202267885,7,6.312828056514263,52,51,5,0,F M S,Manchester City,6,7.420338202267885,23.837779246270657,14.727361917495728,2019
3635,Bernardo Silva,26,2080,2,3.598813336342573,6,4.82339084893465,28,27,5,0,F M S,Manchester City,2,3.598813336342573,17.112391721457243,10.653524532914162,2020
3635,Bernardo Silva,35,2865,8,7.771977653726935,4,6.567136766389012,48,59,6,0,F M S,Manchester City,8,7.771977653726935,25.98423945903778,14.36224857904017,2021
3635,Bernardo Silva,34,2194,4,2.2564154639840126,5,3.916250504553318,25,30,5,0,D F M S,Manchester City,4,2.2564154639840126,17.542014747858047,13.04661456309259,2022
3635,Bernardo Silva,33,2599,6,4.0968160554766655,9,8.528519937768579,34,65,8,0,M S,Manchester City,6,4.0968160554766655,24.37213490717113,15.577253567054868,2023
3635,Bernardo Silva,22,1817,2,3.584955742582679,4,4.235473393462598,25,38,5,0,M S,Manchester City,2,3.584955742582679,14.026254460215569,9.176848091185093,2024
3635,Bernardo Silva,22,1817,2,3.584955742582679,4,4.235473393462598,25,38,5,0,M S,Manchester City,2,3.584955742582679,14.026254460215569,9.176848091185093,2025
