id,player_name,games,time,goals,xG,assists,xA,shots,key_passes,yellow_cards,red_cards,position,team_title,npg,npxG,xGChain,xGBuildup,season
553,Anthony Martial,31,2632,11,7.273541077971458,4,6.173327440395951,57,37,2,0,F M S,Manchester United,11,7.273541077971458,15.577425617724657,5.8901663813740015,2015
553,Anthony Martial,25,1558,4,3.31182773783803,6,3.6707766940817237,42,25,2,0,F M S,Manchester United,4,3.31182773783803,8.690207365900278,2.4858346907421947,2016
553,Anthony Martial,30,1589,9,6.301932895556092,5,5.435460576787591,49,33,1,0,F M S,Manchester United,8,5.540763879194856,13.706217050552368,5.228315707296133,2017
553,Anthony Martial,27,1632,10,7.954480409622192,2,3.2472198167815804,39,36,2,0,F M S,Manchester United,9,7.193311810493469,11.796286111697555,3.6007302813231945,2018
553,Anthony Martial,32,2672,17,13.240488132461905,6,4.618775302544236,80,30,1,0,F S,Manchester United,17,12.479318222030997,20.409552484750748,6.357812762260437,2019
553,Anthony Martial,22,1494,4,7.405648021958768,3,2.619799588806927,42,17,0,1,F M S,Manchester United,4,7.405648021958768,11.8148154579103,3.3195044174790382,2020
553,Anthony Martial,8,202,1,1.1682770177721977,0,0,5,0,0,0,F M S,Manchester United,1,1.1682770177721977,2.618613101541996,2.0982623919844627,2021
553,Anthony Martial,21,987,6,7.3281096909195185,2,1.7567607499659061,27,12,0,0,F S,Manchester United,5,6.566943714395165,9.77430764771998,2.7753882352262735,2022
553,Anthony Martial,13,430,1,1.0567390732467175,0,0.2762942183762789,6,6,0,0,F S,Manchester United,1,1.0567390732467175,1.701497795060277,0.41217057779431343,2023
