id,player_name,games,time,goals,xG,assists,xA,shots,key_passes,yellow_cards,red_cards,position,team_title,npg,npxG,xGChain,xGBuildup,season
822,Patrick Bamford,13,340,0,0.9378967843949795,0,0.2633689008653164,10,4,0,0,F S,"Crystal Palace,Norwich",0,0.9378967843949795,1.5813653208315372,0.7404285110533237,2015
822,Patrick Bamford,14,294,1,1.1432095877826214,0,0.08816120028495789,7,1,1,0,F S,"Burnley,Middlesbrough",1,1.1432095877826214,1.4599988907575607,0.8385108932852745,2016
822,Patrick Bamford,38,3085,17,18.40186234563589,7,3.782248348928988,107,30,3,0,F S,Leeds,15,16.879525646567345,23.394968066364527,4.13179549202323,2020
822,Patrick Bamford,9,558,2,2.997420996427536,2,1.031534468755126,20,5,2,0,F S,Leeds,2,2.997420996427536,3.715276086702943,0.41540099680423737,2021
822,Patrick Bamford,28,1523,4,9.774512918666005,2,1.0358418971300125,50,12,3,0,F S,Leeds,4,8.252171130850911,8.993882125243545,1.0394691042602062,2022
