id,player_name,games,time,goals,xG,assists,xA,shots,key_passes,yellow_cards,red_cards,position,team_title,npg,npxG,xGChain,xGBuildup,season
6842,Alireza Jahanbakhsh,19,1021,0,0.701559005305171,0,0.19394040014594793,21,5,2,0,F M S,Brighton,0,0.701559005305171,1.114075100980699,0.45203260611742735,2018
6842,Alireza Jahanbakhsh,10,301,2,0.5862447917461395,0,0.9932845234870911,12,4,0,0,F M S,Brighton,2,0.5862447917461395,1.5888512954115868,0.7349358983337879,2019
6842,Alireza Jahanbakhsh,21,512,0,1.8732202108949423,1,3.2342997156083584,18,10,3,0,D F M S,Brighton,0,1.8732202108949423,5.389567317441106,2.52194850333035,2020
