id,player_name,games,time,goals,xG,assists,xA,shots,key_passes,yellow_cards,red_cards,position,team_title,npg,npxG,xGChain,xGBuildup,season
6482,Eddie Nketiah,3,11,0,0.08146669715642929,0,0,1,0,0,0,S,Arsenal,0,0.08146669715642929,0.08146669715642929,0,2017
6482,Eddie Nketiah,5,54,1,0.2696470022201538,0,0.13141000270843506,3,1,0,0,S,Arsenal,1,0.2696470022201538,0.958267018198967,0.6886199712753296,2018
6482,Eddie Nketiah,13,629,2,3.4787297137081623,0,0.631174492649734,15,5,0,1,F S,Arsenal,2,3.4787297137081623,4.134649693965912,0.5784084871411324,2019
6482,Eddie Nketiah,17,405,2,2.022098023444414,1,0.7423548139631748,12,8,0,0,F S,Arsenal,2,2.022098023444414,2.0772799979895353,0.22055049799382687,2020
6482,Eddie Nketiah,21,803,5,4.993681591004133,1,1.6652061231434345,28,13,3,0,F S,Arsenal,5,4.993681591004133,7.677356168627739,2.160008793696761,2021
6482,Eddie Nketiah,30,1017,4,9.223067251965404,1,1.481980249285698,41,9,3,0,F S,Arsenal,4,9.223067251965404,10.200598530471325,1.7821177616715431,2022
6482,Eddie Nketiah,27,1036,5,5.057408779859543,2,1.209644090384245,38,9,3,0,F S,Arsenal,5,5.057408779859543,5.851144388318062,0.9911122377961874,2023
6482,Eddie Nketiah,17,597,0,1.947950892150402,1,1.1384318843483925,24,10,3,0,F M S,Crystal Palace,0,1.947950892150402,4.429078564047813,1.7416754215955734,2024
6482,Eddie Nketiah,17,597,0,1.947950892150402,1,1.1384318843483925,24,10,3,0,F M S,Crystal Palace,0,1.947950892150402,4.429078564047813,1.7416754215955734,2025
