id,player_name,games,time,goals,xG,assists,xA,shots,key_passes,yellow_cards,red_cards,position,team_title,npg,npxG,xGChain,xGBuildup,season
545,Kieran Gibbs,22,1657,0,1.0783994244411588,3,1.8213013904169202,12,15,3,0,D S,Arsenal,0,1.0783994244411588,8.999918149784207,7.215284138917923,2014
545,Kieran Gibbs,15,367,1,0.5577400848269463,0,0.04064770042896271,5,1,0,0,D M S,Arsenal,1,0.5577400848269463,1.0849711149930954,0.48658449575304985,2015
545,Kieran Gibbs,11,701,0,0.32781399972736835,1,0.6635113917291164,5,10,3,0,D M S,Arsenal,0,0.32781399972736835,2.3076071366667747,1.573708064854145,2016
545,Kieran Gibbs,33,2836,0,0.39043060410767794,1,1.9128205999732018,9,22,3,0,D S,West Bromwich Albion,0,0.39043060410767794,5.823241271078587,3.979991815984249,2017
545,Kieran Gibbs,10,808,0,0.06194189935922623,0,0.40620600432157516,1,4,0,1,D S,West Bromwich Albion,0,0.06194189935922623,0.8934742975980043,0.812916399911046,2020
