id,player_name,games,time,goals,xG,assists,xA,shots,key_passes,yellow_cards,red_cards,position,team_title,npg,npxG,xGChain,xGBuildup,season
548,Daley Blind,25,2174,2,0.998192404396832,2,1.4453516565263271,28,17,4,0,D M,Manchester United,2,0.998192404396832,9.220820680260658,7.474335089325905,2014
548,Daley Blind,35,3123,1,0.1542002009227872,1,1.880606411024928,4,25,2,0,D,Manchester United,1,0.1542002009227872,7.339778674766421,6.8197369035333395,2015
548,Daley Blind,23,1827,1,0.43253209814429283,2,2.05253379419446,9,27,2,0,D S,Manchester United,1,0.43253209814429283,7.496676508337259,6.478347789496183,2016
548,Daley Blind,7,361,0,0.11676099896430969,0,0.4060279820114374,3,4,0,0,D M S,Manchester United,0,0.11676099896430969,1.4754479993134737,1.3109460044652224,2017
