id,player_name,games,time,goals,xG,assists,xA,shots,key_passes,yellow_cards,red_cards,position,team_title,npg,npxG,xGChain,xGBuildup,season
622,Wilfried Bony,30,1604,11,10.454738814383745,3,3.508293155580759,89,26,3,1,F S,"Manchester City,Swansea",10,9.69357032328844,14.252219166606665,4.4124255664646626,2014
622,Wilfried Bony,26,1203,4,6.749876271001995,3,2.988756734877825,60,13,1,0,F S,Manchester City,4,5.988702247850597,8.198028582148254,1.1061074063181877,2015
622,Wilfried Bony,10,702,2,2.4631300158798695,0,0.8356749005615711,21,7,1,0,F S,Stoke,2,2.4631300158798695,3.3504210747778416,0.9201749879866838,2016
622,Wilfried Bony,15,699,2,1.4676998127251863,0,0.18284399807453156,19,4,2,0,F S,Swansea,2,1.4676998127251863,1.6155326701700687,0.2549112942069769,2017
