id,player_name,games,time,goals,xG,assists,xA,shots,key_passes,yellow_cards,red_cards,position,team_title,npg,npxG,xGChain,xGBuildup,season
1724,Isaac Success,19,463,1,1.246619775891304,1,0.3569929003715515,14,5,2,0,M S,Watford,1,1.246619775891304,1.4445009864866734,0.08762730099260807,2016
1724,Isaac Success,30,1015,1,3.2875502817332745,1,3.013180084526539,29,21,4,0,F M S,Watford,1,3.2875502817332745,6.455691117793322,2.012285530567169,2018
1724,Isaac Success,5,54,0,0.09479810297489166,0,0.05467769876122475,1,1,1,0,S,Watford,0,0.09479810297489166,0.19445000775158405,0.04497390054166317,2019
