id,player_name,games,time,goals,xG,assists,xA,shots,key_passes,yellow_cards,red_cards,position,team_title,npg,npxG,xGChain,xGBuildup,season
10758,Harry Toffolo,19,922,0,0.21827679499983788,0,0.4909842014312744,6,5,2,0,D M S,Nottingham Forest,0,0.21827679499983788,2.4126636013388634,1.9461959954351187,2022
10758,Harry Toffolo,23,1439,1,1.4097881969064474,3,1.481477415189147,8,18,3,0,D S,Nottingham Forest,1,1.4097881969064474,4.174264665693045,2.7104875817894936,2023
10758,Harry Toffolo,3,32,0,0.022599829360842705,0,0,1,0,0,0,S,Nottingham Forest,0,0.022599829360842705,0.022599829360842705,0,2024
10758,Harry Toffolo,3,32,0,0.022599829360842705,0,0,1,0,0,0,S,Nottingham Forest,0,0.022599829360842705,0.022599829360842705,0,2025
