id,player_name,games,time,goals,xG,assists,xA,shots,key_passes,yellow_cards,red_cards,position,team_title,npg,npxG,xGChain,xGBuildup,season
492,Héctor Bellerín,20,1564,2,0.2796935010701418,1,1.7710434943437576,5,12,5,0,D S,Arsenal,2,0.2796935010701418,6.440686859190464,5.210578402504325,2014
492,Héctor Bellerín,36,3240,1,0.7077546939253807,5,4.75375734642148,13,24,3,0,D,Arsenal,1,0.7077546939253807,17.708984507247806,14.370255900546908,2015
492,Héctor Bellerín,33,2496,1,2.2728806994855404,4,3.5707100834697485,22,28,4,0,D M S,Arsenal,1,2.2728806994855404,12.358971258625388,7.489948648959398,2016
492,Héctor Bellerín,35,3051,2,2.469969682395458,3,4.652230934239924,29,32,5,0,D S,Arsenal,2,2.469969682395458,19.897638525813818,14.828240491449833,2017
492,Héctor Bellerín,19,1539,0,0.9628542847931385,5,2.4628625456243753,18,8,3,0,D M S,Arsenal,0,0.9628542847931385,8.642918668687344,5.913234882988036,2018
492,Héctor Bellerín,15,1164,1,0.43250470235943794,0,0.449982613325119,7,3,2,0,D M S,Arsenal,1,0.43250470235943794,4.190358854830265,3.453752614557743,2019
492,Héctor Bellerín,25,2098,1,0.8602303061634302,2,2.1715131886303425,15,21,8,0,D S,Arsenal,1,0.8602303061634302,8.0598920956254,6.266995308920741,2020
