id,player_name,games,time,goals,xG,assists,xA,shots,key_passes,yellow_cards,red_cards,position,team_title,npg,npxG,xGChain,xGBuildup,season
7382,Dan Burn,34,2879,0,1.9053620267659426,0,1.6736764125525951,13,20,5,0,D S,Brighton,0,1.9053620267659426,7.785164429806173,6.5150112779811025,2019
7382,Dan Burn,27,2059,1,1.0781692042946815,0,0.977860301733017,17,10,5,0,D M S,Brighton,1,1.0781692042946815,4.978818798437715,4.176192915067077,2020
7382,Dan Burn,29,2465,1,1.6115349950268865,1,1.4531613001599908,18,6,8,0,D S,"Brighton,Newcastle United",1,1.6115349950268865,2.969873985275626,2.9460841845721006,2021
7382,Dan Burn,38,3130,1,2.2566577959805727,0,2.0211693542078137,21,16,5,0,D S,Newcastle United,1,2.2566577959805727,11.169189976528287,10.764644430950284,2022
7382,Dan Burn,33,2763,2,4.111052492633462,2,1.8968225196003914,23,9,4,0,D S,Newcastle United,2,4.111052492633462,15.2240951359272,13.172115057706833,2023
7382,Dan Burn,22,1980,0,1.3288846975192428,0,0.13572239689528942,12,3,6,0,D,Newcastle United,0,1.3288846975192428,6.887644894421101,6.793013468384743,2024
7382,Dan Burn,22,1980,0,1.3288846975192428,0,0.13572239689528942,12,3,6,0,D,Newcastle United,0,1.3288846975192428,6.887644894421101,6.793013468384743,2025
