id,player_name,games,time,goals,xG,assists,xA,shots,key_passes,yellow_cards,red_cards,position,team_title,npg,npxG,xGChain,xGBuildup,season
709,Ashley Williams,37,3330,0,0.39955429919064045,0,0.14684819988906384,7,6,6,0,D,Swansea,0,0.39955429919064045,6.921002980321646,6.7357996590435505,2014
709,Ashley Williams,36,3240,2,1.7815254908055067,1,0.44039199873805046,16,11,8,0,D,Swansea,2,1.7815254908055067,7.390198610723019,7.146746585145593,2015
709,Ashley Williams,36,3156,1,1.3583404114469886,3,1.2082149414345622,15,10,7,1,D S,Everton,1,1.3583404114469886,7.198602022603154,6.826772337779403,2016
709,Ashley Williams,24,1840,1,0.7898285016417503,0,0.15476999524980783,13,3,3,1,D S,Everton,1,0.7898285016417503,1.5408849865198135,1.4772319942712784,2017
