id,player_name,games,time,goals,xG,assists,xA,shots,key_passes,yellow_cards,red_cards,position,team_title,npg,npxG,xGChain,xGBuildup,season
627,Antonio Valencia,32,2588,0,0.22489969991147518,2,2.2106723207980394,6,26,4,0,D M S,Manchester United,0,0.22489969991147518,10.771080181002617,9.070949345827103,2014
627,Antonio Valencia,14,847,0,0.19302630238234997,3,0.5558440117165446,6,7,1,0,D S,Manchester United,0,0.19302630238234997,3.7483999710530043,3.1237368676811457,2015
627,Antonio Valencia,28,2488,1,1.8512356001883745,3,2.627352198585868,9,31,5,0,D M S,Manchester United,1,1.8512356001883745,12.042700983583927,9.902497425675392,2016
627,Antonio Valencia,31,2746,3,0.5440770946443081,1,1.4601711966097355,16,23,7,0,D M,Manchester United,3,0.5440770946443081,9.933677220717072,8.82148090749979,2017
627,Antonio Valencia,6,465,0,0.03736419975757599,0,0.5265980958938599,2,7,2,0,D S,Manchester United,0,0.03736419975757599,1.7253731787204742,1.3759241849184036,2018
