id,player_name,games,time,goals,xG,assists,xA,shots,key_passes,yellow_cards,red_cards,position,team_title,npg,npxG,xGChain,xGBuildup,season
1017,Matej Vydra,1,1,0,0,0,0,0,0,0,0,S,Watford,0,0,0,0,2016
1017,Matej Vydra,13,308,1,1.9203013759106398,1,0.4979099854826927,6,2,1,0,M S,Burnley,1,1.9203013759106398,1.915013287216425,0.4118576869368553,2018
1017,Matej Vydra,19,794,2,4.003600459545851,1,0.7459431905299425,18,8,0,0,F S,Burnley,2,4.003600459545851,5.321379192173481,0.667028390802443,2019
1017,Matej Vydra,28,1363,3,5.373273886740208,2,2.1183415008708835,35,14,0,0,F S,Burnley,3,5.373273886740208,6.4258578307926655,1.0472039058804512,2020
1017,Matej Vydra,22,634,2,1.9705587178468704,3,0.752324708737433,19,6,1,0,F S,Burnley,2,1.9705587178468704,2.7295806063339114,0.25644810125231743,2021
