id,player_name,games,time,goals,xG,assists,xA,shots,key_passes,yellow_cards,red_cards,position,team_title,npg,npxG,xGChain,xGBuildup,season
702,Tammy Abraham,2,51,0,0.16510799527168274,0,0,2,0,0,0,S,Chelsea,0,0.16510799527168274,0.16510799527168274,0,2015
702,Tammy Abraham,31,1706,5,6.159964485093951,1,1.444298505783081,42,12,0,0,F S,Swansea,5,6.159964485093951,7.57333542779088,1.3030468244105577,2017
702,Tammy Abraham,34,2233,15,18.08280211687088,3,2.9130469039082527,88,21,2,0,F S,Chelsea,15,18.08280211687088,19.841922400519252,1.5461503937840462,2019
702,Tammy Abraham,22,1027,6,6.1891482546925545,1,0.7214870899915695,32,9,0,0,F S,Chelsea,6,6.1891482546925545,7.901167066767812,2.122331554070115,2020
