id,player_name,games,time,goals,xG,assists,xA,shots,key_passes,yellow_cards,red_cards,position,team_title,npg,npxG,xGChain,xGBuildup,season
609,Joe Hart,36,3240,0,0,0,0,0,0,1,0,GK,Manchester City,0,0,4.489314075559378,4.489314075559378,2014
609,Joe Hart,35,3112,0,0,0,0.6797931017354131,0,2,0,0,GK,Manchester City,0,0,5.089670866727829,4.409875899553299,2015
609,Joe Hart,19,1710,0,0,1,0.5941482931375504,0,2,0,0,GK,West Ham,0,0,1.1857722839340568,0.5916233891621232,2017
609,Joe Hart,19,1710,0,0,0,0.02407130040228367,0,1,0,0,GK,Burnley,0,0,0.2834689971059561,0.2593976967036724,2018
