id,player_name,games,time,goals,xG,assists,xA,shots,key_passes,yellow_cards,red_cards,position,team_title,npg,npxG,xGChain,xGBuildup,season
11618,Samuel Amo-Ameyaw,1,1,0,0,0,0.02505393885076046,0,1,0,0,S,Southampton,0,0,0.02505393885076046,0.02505393885076046,2022
11618,Samuel Amo-Ameyaw,2,21,0,0.032747477293014526,0,0.039343107491731644,1,1,1,0,S,Southampton,0,0.032747477293014526,0.07209058851003647,0,2024
11618,Samuel Amo-Ameyaw,2,21,0,0.032747477293014526,0,0.039343107491731644,1,1,1,0,S,Southampton,0,0.032747477293014526,0.07209058851003647,0,2025
