id,player_name,games,time,goals,xG,assists,xA,shots,key_passes,yellow_cards,red_cards,position,team_title,npg,npxG,xGChain,xGBuildup,season
484,Divock Origi,16,660,5,3.3548461496829987,1,0.5015547964721918,24,9,0,0,F S,Liverpool,5,3.3548461496829987,3.1055094692856073,0.2603828050196171,2015
484,Divock Origi,34,1450,7,5.523562506772578,3,1.6023159064352512,37,16,0,0,F S,Liverpool,7,5.523562506772578,7.650573030114174,1.9656791910529137,2016
484,Divock Origi,1,5,0,0,0,0,0,0,0,0,S,Liverpool,0,0,0,0,2017
484,Divock Origi,12,357,3,2.243102578446269,1,0.18801109492778778,13,3,0,0,F S,Liverpool,3,2.243102578446269,1.4092785734683275,0.6994130127131939,2018
484,Divock Origi,28,680,4,2.0965643152594566,1,0.8253546096384525,14,8,1,0,F S,Liverpool,4,2.0965643152594566,3.536450305953622,0.8342479914426804,2019
484,Divock Origi,9,176,0,1.0811219811439514,0,0.14003530330955982,7,2,0,0,F S,Liverpool,0,1.0811219811439514,1.4969354905188084,0.7823662031441927,2020
484,Divock Origi,7,104,3,1.675460308790207,0,0,10,0,0,0,S,Liverpool,3,1.675460308790207,1.5212998986244202,0.38768139854073524,2021
484,Divock Origi,20,557,0,1.545853216201067,1,1.5920869708061218,14,7,1,0,F M S,Nottingham Forest,0,1.545853216201067,4.103459514677525,1.0764283947646618,2023
