id,player_name,games,time,goals,xG,assists,xA,shots,key_passes,yellow_cards,red_cards,position,team_title,npg,npxG,xGChain,xGBuildup,season
10805,Levi Colwill,17,1213,0,1.5830463785678148,2,0.6098756808787584,8,7,1,0,D S,Brighton,0,1.5830463785678148,5.231132447719574,4.788313198834658,2022
10805,Levi Colwill,23,1813,1,0.7760256305336952,1,1.2379922457039356,11,7,2,0,D S,Chelsea,1,0.7760256305336952,8.106331346556544,7.155624521896243,2023
10805,Levi Colwill,21,1890,0,1.1147611998021603,1,0.8437105780467391,6,7,6,0,D,Chelsea,0,1.1147611998021603,9.203312143683434,8.390022411942482,2024
10805,Levi Colwill,21,1890,0,1.1147611998021603,1,0.8437105780467391,6,7,6,0,D,Chelsea,0,1.1147611998021603,9.203312143683434,8.390022411942482,2025
