id,player_name,games,time,goals,xG,assists,xA,shots,key_passes,yellow_cards,red_cards,position,team_title,npg,npxG,xGChain,xGBuildup,season
8379,Alexis Mac Allister,9,357,0,0.5874680867418647,0,0.20335080474615097,7,5,0,0,F M S,Brighton,0,0.5874680867418647,1.1725874012336135,0.5007041096687317,2019
8379,Alexis Mac Allister,21,1110,1,1.3531396118924022,1,1.8708692993968725,24,15,1,0,F M S,Brighton,1,1.3531396118924022,5.655094686895609,3.2666636938229203,2020
8379,Alexis Mac Allister,33,2102,5,6.832574421539903,2,2.1256866911426187,60,31,4,0,F M S,Brighton,3,4.549069428816438,10.862735169008374,6.358379386365414,2021
8379,Alexis Mac Allister,35,2882,10,11.532242968678474,2,3.9281202014535666,86,47,8,0,M S,Brighton,4,6.965230006724596,19.910672947764397,12.656914940103889,2022
8379,Alexis Mac Allister,33,2661,5,3.998983211815357,5,3.578091200441122,44,47,7,1,M S,Liverpool,4,3.237814389169216,22.71393956243992,18.186699956655502,2023
8379,Alexis Mac Allister,21,1588,1,2.2472775392234325,3,3.61462121643126,23,30,5,0,M S,Liverpool,1,2.2472775392234325,16.0934325940907,12.63764813914895,2024
8379,Alexis Mac Allister,21,1588,1,2.2472775392234325,3,3.61462121643126,23,30,5,0,M S,Liverpool,1,2.2472775392234325,16.0934325940907,12.63764813914895,2025
