id,player_name,games,time,goals,xG,assists,xA,shots,key_passes,yellow_cards,red_cards,position,team_title,npg,npxG,xGChain,xGBuildup,season
594,Romelu Lukaku,36,2880,10,12.430796798318624,5,2.350205228663981,105,37,1,0,F S,Everton,8,10.908533286303282,15.743808025494218,5.078922200948,2014
594,Romelu Lukaku,37,3194,18,20.058772021904588,6,5.680433500558138,118,51,3,0,F S,Everton,17,18.536478037014604,24.024904146790504,7.634841322898865,2015
594,Romelu Lukaku,37,3271,25,16.66546426527202,6,5.440814970061183,110,47,3,0,F S,Everton,24,15.904293252155185,21.25198128260672,3.9702027160674334,2016
594,Romelu Lukaku,34,2869,16,15.468227744102478,7,5.473205121234059,86,33,4,0,F S,Manchester United,16,14.707053691148758,24.643042024224997,7.161958605051041,2017
594,Romelu Lukaku,32,2113,12,13.105172824114561,0,2.3202134016901255,55,21,4,0,F S,Manchester United,12,13.105172824114561,15.425698295235634,5.4260068498551846,2018
594,Romelu Lukaku,26,1571,8,7.020434075966477,0,3.3627560660243034,43,24,1,0,F S,Chelsea,7,6.2592600379139185,12.035579051822424,3.999414663761854,2021
