id,player_name,games,time,goals,xG,assists,xA,shots,key_passes,yellow_cards,red_cards,position,team_title,npg,npxG,xGChain,xGBuildup,season
7352,Tyler Adams,24,2159,0,0.0683434996753931,0,1.370405713096261,4,24,4,1,M,Leeds,0,0.0683434996753931,6.9535529762506485,5.69552486948669,2022
7352,Tyler Adams,3,111,0,0,0,0.09760691225528717,0,1,0,0,M S,Bournemouth,0,0,0.5493647493422031,0.45175783708691597,2023
7352,Tyler Adams,13,769,0,0.6320164911448956,3,0.8841326106339693,5,8,4,0,M S,Bournemouth,0,0.6320164911448956,3.753046054393053,2.4040079973638058,2024
7352,Tyler Adams,13,769,0,0.6320164911448956,3,0.8841326106339693,5,8,4,0,M S,Bournemouth,0,0.6320164911448956,3.753046054393053,2.4040079973638058,2025
