id,player_name,games,time,goals,xG,assists,xA,shots,key_passes,yellow_cards,red_cards,position,team_title,npg,npxG,xGChain,xGBuildup,season
8961,Rúben Dias,32,2848,1,1.9530212916433811,0,0.10559620335698128,14,3,4,0,D,Manchester City,1,1.9530212916433811,16.681801982223988,16.56010902673006,2020
8961,Rúben Dias,29,2403,2,2.535038208588958,4,3.157990090548992,18,16,5,0,D S,Manchester City,2,2.535038208588958,16.94047772884369,16.11795637756586,2021
8961,Rúben Dias,26,2006,0,1.9355910001322627,0,0.3942475691437721,10,3,3,0,D S,Manchester City,0,1.9355910001322627,12.852464072406292,12.49297409504652,2022
8961,Rúben Dias,30,2552,0,1.828122090548277,0,0.600502266548574,20,7,0,0,D S,Manchester City,0,1.828122090548277,16.81101167947054,16.458546616137028,2023
8961,Rúben Dias,14,1171,0,0.9409118751063943,0,0.21338675543665886,13,5,3,0,D S,Manchester City,0,0.9409118751063943,7.960665583610535,7.814028739929199,2024
8961,Rúben Dias,14,1171,0,0.9409118751063943,0,0.21338675543665886,13,5,3,0,D S,Manchester City,0,0.9409118751063943,7.960665583610535,7.814028739929199,2025
