id,player_name,games,time,goals,xG,assists,xA,shots,key_passes,yellow_cards,red_cards,position,team_title,npg,npxG,xGChain,xGBuildup,season
877,Samir Nasri,24,1596,2,2.478832798078656,6,4.465053537860513,34,52,5,0,M S,Manchester City,2,2.478832798078656,12.835811033844948,8.548643369227648,2014
877,Samir Nasri,12,520,2,2.637317957356572,2,0.9286920242011547,14,10,3,0,M S,Manchester City,2,2.637317957356572,4.427332343533635,1.7196574099361897,2015
877,Samir Nasri,1,13,0,0.5359929800033569,0,0.1074799969792366,3,1,0,0,S,Manchester City,0,0.5359929800033569,0.9224929809570312,0.2790200114250183,2016
877,Samir Nasri,5,244,0,0.13094229996204376,2,0.5494266971945763,3,6,0,0,M S,West Ham,0,0.13094229996204376,0.6140559911727905,0.39978739619255066,2018
