id,player_name,games,time,goals,xG,assists,xA,shots,key_passes,yellow_cards,red_cards,position,team_title,npg,npxG,xGChain,xGBuildup,season
8066,Arnaut Danjuma Groeneveld,14,614,0,1.048506997525692,0,0.16391029953956604,13,5,0,0,M S,Bournemouth,0,1.048506997525692,1.204533277079463,0.26908320374786854,2019
8066,Arnaut Danjuma Groeneveld,9,151,1,0.6234146766364574,0,0.027465900406241417,6,1,0,0,M S,Tottenham,1,0.6234146766364574,1.085426764562726,0.4620120506733656,2022
8066,Arnaut Danjuma Groeneveld,14,572,1,3.4230369105935097,0,0.8538514971733093,25,6,0,0,F M S,Everton,1,3.4230369105935097,4.255711138248444,0.09537248313426971,2023
