id,player_name,games,time,goals,xG,assists,xA,shots,key_passes,yellow_cards,red_cards,position,team_title,npg,npxG,xGChain,xGBuildup,season
6144,Sébastien Haller,32,2248,7,8.484900137409568,1,2.34311880171299,57,24,1,0,F S,West Ham,7,8.484900137409568,11.102972537279129,2.63970691524446,2019
6144,Sébastien Haller,16,933,3,2.5546688437461853,0,1.1348687317222357,25,10,0,0,F S,West Ham,3,2.5546688437461853,3.660330254584551,0.8529492989182472,2020
