id,player_name,games,time,goals,xG,assists,xA,shots,key_passes,yellow_cards,red_cards,position,team_title,npg,npxG,xGChain,xGBuildup,season
5735,Jean-Philippe Mateta,7,213,1,0.32543040439486504,0,0.016295300796628,4,1,0,0,F S,Crystal Palace,1,0.32543040439486504,0.39735590294003487,0.1360509991645813,2020
5735,Jean-Philippe Mateta,22,1153,5,5.846974600106478,1,0.7184610925614834,37,7,2,0,F S,Crystal Palace,5,5.846974600106478,6.87257020175457,2.1351872496306896,2021
5735,Jean-Philippe Mateta,29,717,2,3.3088645320385695,0,0.4064396023750305,28,5,3,0,F S,Crystal Palace,2,3.3088645320385695,4.657251037657261,1.3217991441488266,2022
5735,Jean-Philippe Mateta,35,2303,16,12.290523625910282,5,3.52706278860569,46,32,3,0,F S,Crystal Palace,14,10.768185935914516,15.486321330070496,2.852151058614254,2023
5735,Jean-Philippe Mateta,23,1793,8,9.629401583224535,1,2.369359979405999,45,20,2,0,F S,Crystal Palace,6,8.107063848525286,11.62598984502256,2.3666535392403603,2024
5735,Jean-Philippe Mateta,23,1793,8,9.629401583224535,1,2.369359979405999,45,20,2,0,F S,Crystal Palace,6,8.107063848525286,11.62598984502256,2.3666535392403603,2025
