id,player_name,games,time,goals,xG,assists,xA,shots,key_passes,yellow_cards,red_cards,position,team_title,npg,npxG,xGChain,xGBuildup,season
7991,Aaron Connolly,24,1279,3,4.553528117015958,1,0.56201739795506,36,6,0,0,F S,Brighton,3,4.553528117015958,4.356781048700213,0.35419949889183044,2019
7991,Aaron Connolly,17,799,2,4.464138314127922,1,0.1607838999480009,23,6,0,0,F M S,Brighton,2,4.464138314127922,4.7834921311587095,0.19122500717639923,2020
7991,Aaron Connolly,4,152,0,0.5994888693094254,0,0.3804109990596771,2,1,0,0,F S,Brighton,0,0.5994888693094254,1.0079350173473358,0.028034599497914314,2021
