id,player_name,games,time,goals,xG,assists,xA,shots,key_passes,yellow_cards,red_cards,position,team_title,npg,npxG,xGChain,xGBuildup,season
6314,Joachim Andersen,31,2732,1,1.3567860033363104,1,0.45167968329042196,13,8,7,1,D S,Fulham,1,1.3567860033363104,6.673856432549655,6.54764090757817,2020
6314,Joachim Andersen,34,2917,0,0.48417360056191683,3,1.383201688528061,8,18,4,0,D S,Crystal Palace,0,0.48417360056191683,8.210467763245106,8.000136675313115,2021
6314,Joachim Andersen,32,2786,1,1.8502881033346057,0,1.4228478781878948,22,12,8,0,D,Crystal Palace,1,1.8502881033346057,5.73883250541985,4.774972975254059,2022
6314,Joachim Andersen,38,3420,2,2.444138385821134,3,2.8891019374132156,21,21,7,0,D,Crystal Palace,2,2.444138385821134,10.297365324571729,9.6244976837188,2023
6314,Joachim Andersen,15,1328,0,0.3288675295189023,0,0.10517191886901855,10,1,3,1,D,"Crystal Palace,Fulham",0,0.3288675295189023,5.223183101043105,5.193788534030318,2024
6314,Joachim Andersen,15,1328,0,0.3288675295189023,0,0.10517191886901855,10,1,3,1,D,"Crystal Palace,Fulham",0,0.3288675295189023,5.223183101043105,5.193788534030318,2025
