id,player_name,games,time,goals,xG,assists,xA,shots,key_passes,yellow_cards,red_cards,position,team_title,npg,npxG,xGChain,xGBuildup,season
7695,Todd Cantwell,37,2528,6,5.675050851888955,2,2.318531099706888,42,36,6,0,M S,Norwich,6,5.675050851888955,11.005107331089675,3.8052589911967516,2019
7695,Todd Cantwell,8,443,0,0.1200836393982172,0,0.30902099609375,5,1,2,0,F M S,Norwich,0,0.1200836393982172,0.6448747999966145,0.28419749438762665,2021
