id,player_name,games,time,goals,xG,assists,xA,shots,key_passes,yellow_cards,red_cards,position,team_title,npg,npxG,xGChain,xGBuildup,season
752,Daniel Drinkwater,23,1476,0,0.534087891690433,0,0.7189151574857533,15,9,1,0,M S,Leicester,0,0.534087891690433,3.895763428416103,3.2558154836297035,2014
752,Daniel Drinkwater,35,3045,2,2.187858287245035,7,5.324235362932086,41,44,3,1,M,Leicester,2,2.187858287245035,14.482194758951664,10.150261309929192,2015
752,Daniel Drinkwater,29,2466,1,1.143527909182012,1,1.1219558045268059,31,15,6,0,M S,Leicester,1,1.143527909182012,6.518814432434738,5.1742516392841935,2016
752,Daniel Drinkwater,12,519,1,0.17541199643164873,0,0.26921819522976875,6,5,0,0,M S,Chelsea,1,0.17541199643164873,2.6733907610177994,2.324198856949806,2017
752,Daniel Drinkwater,5,331,0,0.09826850146055222,0,0.0402861014008522,2,1,1,0,M,"Aston Villa,Burnley",0,0.09826850146055222,0.8360581956803799,0.7377896942198277,2019
