id,player_name,games,time,goals,xG,assists,xA,shots,key_passes,yellow_cards,red_cards,position,team_title,npg,npxG,xGChain,xGBuildup,season
12766,Jota Silva,22,650,0,1.3480464164167643,1,3.123028425499797,13,12,4,0,M S,Nottingham Forest,0,1.3480464164167643,2.854453092440963,0.7758876262232661,2024
12766,Jota Silva,22,650,0,1.3480464164167643,1,3.123028425499797,13,12,4,0,M S,Nottingham Forest,0,1.3480464164167643,2.854453092440963,0.7758876262232661,2025
