id,player_name,games,time,goals,xG,assists,xA,shots,key_passes,yellow_cards,red_cards,position,team_title,npg,npxG,xGChain,xGBuildup,season
10747,James Hill,5,74,0,0,0,0,0,0,0,0,D S,Bournemouth,0,0,0.14408478140830994,0.14408478140830994,2023
10747,James Hill,5,184,0,0.015457920730113983,1,0.32796087861061096,1,2,0,0,D S,Bournemouth,0,0.015457920730113983,1.243359424173832,0.953218400478363,2024
10747,James Hill,5,184,0,0.015457920730113983,1,0.32796087861061096,1,2,0,0,D S,Bournemouth,0,0.015457920730113983,1.243359424173832,0.953218400478363,2025
