id,player_name,games,time,goals,xG,assists,xA,shots,key_passes,yellow_cards,red_cards,position,team_title,npg,npxG,xGChain,xGBuildup,season
11385,Yasin Ayari,3,59,0,0.012823300436139107,0,0.23809801787137985,1,2,0,0,M S,Brighton,0,0.012823300436139107,0.3362570181488991,0.22691300511360168,2022
11385,Yasin Ayari,20,1291,0,1.5307033136487007,0,1.4577172324061394,16,18,3,0,M S,Brighton,0,1.5307033136487007,6.565928012132645,5.16690805926919,2024
11385,Yasin Ayari,20,1291,0,1.5307033136487007,0,1.4577172324061394,16,18,3,0,M S,Brighton,0,1.5307033136487007,6.565928012132645,5.16690805926919,2025
