id,player_name,games,time,goals,xG,assists,xA,shots,key_passes,yellow_cards,red_cards,position,team_title,npg,npxG,xGChain,xGBuildup,season
537,Andy Carroll,14,1032,5,3.693270232528448,1,0.7689823769032955,37,11,2,0,F S,West Ham,5,3.693270232528448,3.2884955015033484,0.46891819685697556,2014
537,Andy Carroll,27,1411,9,6.137788807973266,2,2.7616127114742994,56,20,2,0,F S,West Ham,8,5.376620193943381,8.771361893042922,3.070083936676383,2015
537,Andy Carroll,18,1318,7,4.521655203774571,1,1.7217979226261377,39,14,3,0,F S,West Ham,7,4.521655203774571,6.552709426730871,3.009639358147979,2016
537,Andy Carroll,16,739,3,1.572163701057434,0,0.5253243083134294,28,7,5,1,F S,West Ham,3,1.572163701057434,3.6913194991648197,2.298567494377494,2017
537,Andy Carroll,12,438,0,1.9809723570942879,0,0.2757707014679909,14,4,2,0,F S,West Ham,0,1.9809723570942879,2.81078914180398,1.0697424951940775,2018
537,Andy Carroll,19,582,0,1.4947954155504704,4,0.9094430077821016,16,12,1,0,F S,Newcastle United,0,1.4947954155504704,2.1887288708239794,1.0494361966848373,2019
537,Andy Carroll,18,369,1,0.6033165901899338,0,0.06301980093121529,13,2,1,0,F S,Newcastle United,1,0.6033165901899338,0.989015600644052,0.542128506116569,2020
