id,player_name,games,time,goals,xG,assists,xA,shots,key_passes,yellow_cards,red_cards,position,team_title,npg,npxG,xGChain,xGBuildup,season
65,Timo Werner,35,2605,6,13.432795317843556,8,6.667280228808522,80,36,2,0,F M S,Chelsea,6,13.432795317843556,20.533464793115854,5.242117813788354,2020
65,Timo Werner,21,1291,4,6.1664436142891645,1,0.31837750039994717,45,8,1,0,F M S,Chelsea,4,6.1664436142891645,9.69383104518056,3.6192964669317007,2021
65,Timo Werner,13,827,2,4.212947295978665,3,3.4769514203071594,29,15,1,0,F M S,Tottenham,2,4.212947295978665,10.507240116596222,3.767841313034296,2023
65,Timo Werner,17,481,0,0.953228548169136,3,3.0806511119008064,8,10,0,0,F M S,Tottenham,0,0.953228548169136,5.666859710589051,1.7122303992509842,2024
65,Timo Werner,17,481,0,0.953228548169136,3,3.0806511119008064,8,10,0,0,F M S,Tottenham,0,0.953228548169136,5.666859710589051,1.7122303992509842,2025
