id,player_name,games,time,goals,xG,assists,xA,shots,key_passes,yellow_cards,red_cards,position,team_title,npg,npxG,xGChain,xGBuildup,season
13068,Morato,16,404,0,0.05427884683012962,0,0,1,0,1,0,D S,Nottingham Forest,0,0.05427884683012962,0.6764881927520037,0.6764881927520037,2024
13068,Morato,16,404,0,0.05427884683012962,0,0,1,0,1,0,D S,Nottingham Forest,0,0.05427884683012962,0.6764881927520037,0.6764881927520037,2025
