id,player_name,games,time,goals,xG,assists,xA,shots,key_passes,yellow_cards,red_cards,position,team_title,npg,npxG,xGChain,xGBuildup,season
462,Dan Gosling,34,2442,3,3.2276471266523004,1,1.8973795399069786,40,27,6,0,M S,Bournemouth,3,3.2276471266523004,6.995542302727699,2.62172650359571,2015
462,Dan Gosling,27,1336,2,1.4571681842207909,0,0.7769592925906181,16,10,6,0,M S,Bournemouth,2,1.4571681842207909,5.838790667243302,4.33312859851867,2016
462,Dan Gosling,28,1940,2,2.266780578531325,1,0.9464141987264156,23,18,8,0,F M S,Bournemouth,2,2.266780578531325,5.96786998026073,3.5910789147019386,2017
462,Dan Gosling,25,1729,2,2.3945611137896776,1,0.9645073227584362,21,9,8,0,M S,Bournemouth,2,2.3945611137896776,9.2429408589378,7.027777520008385,2018
462,Dan Gosling,24,1255,3,2.929864052683115,1,1.369174674153328,13,10,3,0,M S,Bournemouth,3,2.929864052683115,3.7870463207364082,1.4419024251401424,2019
462,Dan Gosling,4,167,1,0.1960368985310197,0,0.04800080135464668,2,1,0,0,M S,Watford,1,0.1960368985310197,0.22919080033898354,0.04800080135464668,2021
