id,player_name,games,time,goals,xG,assists,xA,shots,key_passes,yellow_cards,red_cards,position,team_title,npg,npxG,xGChain,xGBuildup,season
727,DeAndre Yedlin,1,9,0,0,0,0,0,0,0,0,S,Tottenham,0,0,0,0,2014
727,DeAndre Yedlin,23,1810,0,0.20718932896852493,1,1.1340486258268356,4,12,2,0,D M S,Sunderland,0,0.20718932896852493,2.8879296984523535,1.674485383555293,2015
727,DeAndre Yedlin,34,2838,0,0.14289419818669558,2,2.098215593956411,6,18,5,0,D S,Newcastle United,0,0.14289419818669558,5.393824853003025,3.426079908385873,2017
727,DeAndre Yedlin,29,2476,1,1.1860909033566713,2,2.1516155572608113,11,28,6,1,D S,Newcastle United,1,1.1860909033566713,6.88816512003541,4.478997932747006,2018
727,DeAndre Yedlin,16,935,1,0.7519299983978271,0,0.26691549830138683,1,7,3,0,D S,Newcastle United,1,0.7519299983978271,2.288469258695841,1.3399439696222544,2019
727,DeAndre Yedlin,6,442,0,0.09984919615089893,0,0.08443289995193481,2,3,0,0,D S,Newcastle United,0,0.09984919615089893,0.5257030911743641,0.3566388040781021,2020
