id,player_name,games,time,goals,xG,assists,xA,shots,key_passes,yellow_cards,red_cards,position,team_title,npg,npxG,xGChain,xGBuildup,season
591,Gerard Deulofeu,26,1389,2,1.413774512708187,8,5.973309900611639,9,35,2,0,F M S,Everton,2,1.413774512708187,8.983783259987831,3.341781474649906,2015
591,Gerard Deulofeu,11,452,0,0.6818259106948972,0,0.4787795031443238,7,10,1,0,F M S,Everton,0,0.6818259106948972,2.8998373430222273,2.003328918479383,2016
591,Gerard Deulofeu,7,443,1,0.5635107047855854,0,0.5860524969175458,8,11,0,0,F M S,Watford,1,0.5635107047855854,1.2814745958894491,0.6878458019345999,2017
591,Gerard Deulofeu,30,2110,10,8.334900364279747,5,4.962499367073178,60,30,3,0,F S,Watford,10,8.334900364279747,15.967123497277498,5.433882236480713,2018
591,Gerard Deulofeu,28,2137,4,6.213231584057212,5,4.786339534446597,63,43,4,0,F M S,Watford,3,5.452063171193004,11.513660568743944,3.6732945516705513,2019
