id,player_name,games,time,goals,xG,assists,xA,shots,key_passes,yellow_cards,red_cards,position,team_title,npg,npxG,xGChain,xGBuildup,season
512,Scott Dann,34,2926,2,1.2500941026955843,3,3.085112163797021,19,13,6,0,D,Crystal Palace,2,1.2500941026955843,3.4818167071789503,2.9505431074649096,2014
512,Scott Dann,35,3150,5,2.5363450115546584,1,0.6297998037189245,29,10,7,0,D,Crystal Palace,5,2.5363450115546584,1.961611857637763,1.7568398602306843,2015
512,Scott Dann,23,1746,3,1.3930323915556073,1,0.915567122399807,21,6,2,0,D S,Crystal Palace,3,1.3930323915556073,2.083009421825409,2.0511964187026024,2016
512,Scott Dann,17,1435,1,2.433366016484797,0,0.2180560976266861,19,5,4,0,D S,Crystal Palace,1,2.433366016484797,2.519523113965988,1.891201488673687,2017
512,Scott Dann,10,658,0,0.2003950085490942,1,1.1556199789047241,6,2,1,0,D S,Crystal Palace,0,0.2003950085490942,0.6440684851258993,0.6440684851258993,2018
512,Scott Dann,16,1263,0,0.4702076017856598,1,0.3574711913242936,8,5,0,0,D S,Crystal Palace,0,0.4702076017856598,1.343575776554644,1.2433208730071783,2019
512,Scott Dann,15,1350,1,0.5482884962111712,0,0.017612800002098083,4,1,1,0,D,Crystal Palace,1,0.5482884962111712,1.1852098880335689,1.1675978926941752,2020
