id,player_name,games,time,goals,xG,assists,xA,shots,key_passes,yellow_cards,red_cards,position,team_title,npg,npxG,xGChain,xGBuildup,season
8859,Mikkel Damsgaard,26,963,0,2.660358265042305,0,1.7436131360009313,12,11,4,0,F M S,Brentford,0,2.660358265042305,5.63767113443464,2.2835514806210995,2022
8859,Mikkel Damsgaard,23,797,0,0.8753717057406902,2,2.291341120377183,9,10,2,0,M S,Brentford,0,0.8753717057406902,4.728561159223318,2.396734122186899,2023
8859,Mikkel Damsgaard,23,1743,2,2.607333905994892,7,5.737451144494116,20,37,1,0,F M S,Brentford,2,2.607333905994892,13.53818554803729,8.512656981125474,2024
8859,Mikkel Damsgaard,23,1743,2,2.607333905994892,7,5.737451144494116,20,37,1,0,F M S,Brentford,2,2.607333905994892,13.53818554803729,8.512656981125474,2025
