id,player_name,games,time,goals,xG,assists,xA,shots,key_passes,yellow_cards,red_cards,position,team_title,npg,npxG,xGChain,xGBuildup,season
616,Jesús Navas,35,2237,0,3.6824576891958714,8,8.588478625752032,45,80,3,0,M S,Manchester City,0,3.6824576891958714,20.13798002526164,11.621539701707661,2014
616,Jesús Navas,34,2283,0,2.952996770851314,7,5.385789071209729,31,54,1,0,M S,Manchester City,0,2.952996770851314,14.596691430546343,8.656342074275017,2015
616,Jesús Navas,24,1053,0,0.22975849825888872,0,2.4299806505441666,8,21,2,0,D F M S,Manchester City,0,0.22975849825888872,7.422237370163202,5.563046135008335,2016
