id,player_name,games,time,goals,xG,assists,xA,shots,key_passes,yellow_cards,red_cards,position,team_title,npg,npxG,xGChain,xGBuildup,season
8214,Tyrick Mitchell,4,186,0,0,0,0.18981139734387398,0,4,1,0,D S,Crystal Palace,0,0,0.5058536008000374,0.4541870057582855,2019
8214,Tyrick Mitchell,19,1710,1,1.075538009405136,1,0.23087899386882782,2,3,1,0,D,Crystal Palace,1,1.075538009405136,4.470527729019523,3.2567335087805986,2020
8214,Tyrick Mitchell,36,3100,0,0.2213800959289074,2,1.9149616742506623,4,21,1,0,D S,Crystal Palace,0,0.2213800959289074,8.975611304864287,7.2545147351920605,2021
8214,Tyrick Mitchell,36,2903,0,0.8962186202406883,2,1.5452212002128363,6,15,5,1,D S,Crystal Palace,0,0.8962186202406883,8.260199623182416,6.364653391763568,2022
8214,Tyrick Mitchell,37,3221,2,2.2116162590682507,3,3.6366397831588984,12,24,6,0,D,Crystal Palace,2,2.2116162590682507,12.8683971920982,8.858033265918493,2023
8214,Tyrick Mitchell,23,2020,0,0.7207706868648529,3,4.6617869939655066,7,26,2,0,D,Crystal Palace,0,0.7207706868648529,9.011290773749352,4.6731031611561775,2024
8214,Tyrick Mitchell,23,2020,0,0.7207706868648529,3,4.6617869939655066,7,26,2,0,D,Crystal Palace,0,0.7207706868648529,9.011290773749352,4.6731031611561775,2025
