id,player_name,games,time,goals,xG,assists,xA,shots,key_passes,yellow_cards,red_cards,position,team_title,npg,npxG,xGChain,xGBuildup,season
1728,Fernando Llorente,33,2462,15,8.028607591986656,1,2.090565759688616,51,26,2,0,F S,Swansea,15,8.028607591986656,8.600849602371454,2.9600224662572145,2016
1728,Fernando Llorente,16,206,1,1.165848270058632,0,0.1289990022778511,6,4,1,0,F S,Tottenham,1,1.165848270058632,1.8205657824873924,0.9682342037558556,2017
1728,Fernando Llorente,20,674,1,3.4991899505257607,4,2.0117372050881386,24,14,2,0,F S,Tottenham,1,3.4991899505257607,4.548186408355832,0.34447549283504486,2018
