id,player_name,games,time,goals,xG,assists,xA,shots,key_passes,yellow_cards,red_cards,position,team_title,npg,npxG,xGChain,xGBuildup,season
593,Aaron Lennon,23,1345,2,1.2197043020278215,2,2.710264913737774,9,24,3,0,F M S,"Everton,Tottenham",2,1.2197043020278215,5.866383831948042,2.604275994002819,2014
593,Aaron Lennon,25,1534,5,2.2260953821241856,0,1.6979509945958853,18,23,1,0,F M S,Everton,5,2.2260953821241856,5.535392314195633,1.9037395846098661,2015
593,Aaron Lennon,11,511,0,0.27522760443389416,1,0.5299299117177725,5,6,0,0,F M S,Everton,0,0.27522760443389416,2.018862111493945,1.7739661429077387,2016
593,Aaron Lennon,29,1933,0,0.6670299060642719,2,1.237819116562605,14,11,2,0,F M S,"Burnley,Everton",0,0.6670299060642719,3.43775450065732,1.8082364071160555,2017
593,Aaron Lennon,16,1223,1,0.9156382624059916,1,0.6648929938673973,4,7,1,0,M S,Burnley,1,0.9156382624059916,1.9413912547752261,0.5965600004419684,2018
593,Aaron Lennon,16,466,0,0.024231400340795517,0,0.15801360458135605,1,2,4,0,M S,Burnley,0,0.024231400340795517,0.2908954042941332,0.10865039937198162,2019
593,Aaron Lennon,28,1538,2,1.0376689522527158,0,0.4255148032680154,12,9,2,0,F M S,Burnley,2,1.0376689522527158,3.1641288422979414,1.9789244886487722,2021
