id,player_name,games,time,goals,xG,assists,xA,shots,key_passes,yellow_cards,red_cards,position,team_title,npg,npxG,xGChain,xGBuildup,season
1730,Vincent Janssen,27,815,2,4.4170533288270235,2,1.2540392242372036,30,16,0,0,F S,Tottenham,1,3.6558873523026705,3.7925248090177774,0.8960287114605308,2016
1730,Vincent Janssen,1,1,0,0,0,0,0,0,0,0,S,Tottenham,0,0,0,0,2017
1730,Vincent Janssen,3,34,0,0.30547699332237244,0,0,3,0,0,0,S,Tottenham,0,0.30547699332237244,0.30547699332237244,0,2018
