id,player_name,games,time,goals,xG,assists,xA,shots,key_passes,yellow_cards,red_cards,position,team_title,npg,npxG,xGChain,xGBuildup,season
2379,João Cancelo,17,1198,0,0.5605656001716852,0,2.9995753997936845,15,17,4,0,D S,Manchester City,0,0.5605656001716852,14.226686300709844,11.60988806374371,2019
2379,João Cancelo,28,2309,2,1.8656361103057861,3,5.177639778703451,35,45,5,1,D M S,Manchester City,2,1.8656361103057861,18.10572186857462,14.480543030425906,2020
2379,João Cancelo,36,3233,1,4.5441226018592715,7,6.009325062856078,81,39,7,0,D,Manchester City,1,4.5441226018592715,26.887531492859125,21.152140021324158,2021
2379,João Cancelo,17,1289,2,0.5918373949825764,1,0.8360136020928621,17,12,3,1,D M S,Manchester City,2,0.5918373949825764,8.179260186851025,7.247300129383802,2022
