id,player_name,games,time,goals,xG,assists,xA,shots,key_passes,yellow_cards,red_cards,position,team_title,npg,npxG,xGChain,xGBuildup,season
10293,Toti,4,360,0,0.036618199199438095,0,0,1,0,1,0,D,Wolverhampton Wanderers,0,0.036618199199438095,0.29255499690771103,0.29255499690771103,2021
10293,Toti,17,973,1,0.23565197456628084,0,0.18459822237491608,5,4,6,0,D S,Wolverhampton Wanderers,1,0.23565197456628084,0.9124105321243405,0.8092133747413754,2022
10293,Toti,35,2789,1,1.6792987622320652,3,1.210701234638691,10,6,7,0,D S,Wolverhampton Wanderers,1,1.6792987622320652,5.863689404912293,5.540323508903384,2023
10293,Toti,16,1272,0,0.04765521548688412,1,0.7494171150028706,2,4,4,0,D S,Wolverhampton Wanderers,0,0.04765521548688412,2.7016988713294268,2.554805127903819,2024
10293,Toti,16,1272,0,0.04765521548688412,1,0.7494171150028706,2,4,4,0,D S,Wolverhampton Wanderers,0,0.04765521548688412,2.7016988713294268,2.554805127903819,2025
