id,player_name,games,time,goals,xG,assists,xA,shots,key_passes,yellow_cards,red_cards,position,team_title,npg,npxG,xGChain,xGBuildup,season
2203,Emiliano Buendía,36,2462,1,2.1698673060163856,7,7.190957980230451,40,83,6,1,M S,Norwich,1,2.1698673060163856,12.547951987944543,7.51115495711565,2019
2203,Emiliano Buendía,35,1907,4,3.0539291193708777,6,4.653005113825202,44,47,1,0,F M S,Aston Villa,4,3.0539291193708777,10.573566023260355,5.318296255543828,2021
2203,Emiliano Buendía,38,2446,5,5.6266536470502615,2,4.373138631694019,49,40,0,0,F M S,Aston Villa,5,5.6266536470502615,15.272164912894368,7.626095078885555,2022
2203,Emiliano Buendía,12,48,0,0.8230422083288431,0,0.046822335571050644,5,1,1,0,S,Aston Villa,0,0.8230422083288431,0.956121938303113,0.21528583765029907,2024
2203,Emiliano Buendía,12,48,0,0.8230422083288431,0,0.046822335571050644,5,1,1,0,S,Aston Villa,0,0.8230422083288431,0.956121938303113,0.21528583765029907,2025
