id,player_name,games,time,goals,xG,assists,xA,shots,key_passes,yellow_cards,red_cards,position,team_title,npg,npxG,xGChain,xGBuildup,season
9681,Frank Onyeka,20,1056,0,0.7653771908953786,0,0.16351560223847628,16,4,4,0,M S,Brentford,0,0.7653771908953786,1.5919902855530381,0.9403915964066982,2021
9681,Frank Onyeka,21,823,0,1.3004195326939225,2,0.9003641102463007,9,7,0,0,M S,Brentford,0,1.3004195326939225,3.751063988544047,1.778751190751791,2022
9681,Frank Onyeka,26,1124,1,2.0069142188876867,2,1.8476180955767632,22,12,8,0,M S,Brentford,1,2.0069142188876867,6.113463159650564,2.3846182618290186,2023
9681,Frank Onyeka,2,18,0,0,0,0,0,0,0,0,S,Brentford,0,0,0,0,2024
9681,Frank Onyeka,2,18,0,0,0,0,0,0,0,0,S,Brentford,0,0,0,0,2025
