id,player_name,games,time,goals,xG,assists,xA,shots,key_passes,yellow_cards,red_cards,position,team_title,npg,npxG,xGChain,xGBuildup,season
669,Ashley Westwood,27,2155,0,0.5476269014179707,1,2.5225379038602114,18,35,4,0,M S,Aston Villa,0,0.5476269014179707,5.277240414172411,4.1685290820896626,2014
669,Ashley Westwood,32,2720,2,1.7461493341252208,2,3.1517576836049557,38,41,6,0,M S,Aston Villa,2,1.7461493341252208,6.387356759980321,4.117237228900194,2015
669,Ashley Westwood,9,549,0,0.031774599105119705,0,0.1513935998082161,2,5,3,0,M S,Burnley,0,0.031774599105119705,0.825775496661663,0.7060893941670656,2016
669,Ashley Westwood,19,1099,0,0.7065227087587118,1,0.8122401311993599,8,8,2,0,M S,Burnley,0,0.7065227087587118,2.9934626556932926,1.5863978900015354,2017
669,Ashley Westwood,34,2817,2,1.7083472097292542,7,5.231228264048696,22,42,5,0,M S,Burnley,2,1.7083472097292542,8.081907398998737,3.6083831544965506,2018
669,Ashley Westwood,35,3150,2,1.175162992440164,6,7.076902749016881,13,54,9,0,M,Burnley,2,1.175162992440164,9.225505642592907,6.144050858914852,2019
669,Ashley Westwood,38,3412,3,1.0059907007962465,3,6.534145314246416,19,52,7,0,M,Burnley,3,1.0059907007962465,10.02816303446889,6.304797999560833,2020
669,Ashley Westwood,27,2292,0,0.49028640054166317,3,4.257005825638771,14,32,7,0,M S,Burnley,0,0.49028640054166317,5.9895529337227345,4.206027475185692,2021
