id,player_name,games,time,goals,xG,assists,xA,shots,key_passes,yellow_cards,red_cards,position,team_title,npg,npxG,xGChain,xGBuildup,season
692,Oscar,28,2072,6,6.540385385975242,8,5.2243422120809555,72,37,5,0,F M S,Chelsea,6,6.540385385975242,15.803944010287523,7.1499633844941854,2014
692,Oscar,27,1785,3,5.1718630231916904,3,3.297748578712344,52,29,4,0,M S,Chelsea,2,3.6495230086147785,10.235748451203108,5.516655184328556,2015
692,Oscar,9,457,0,0.49143339693546295,1,1.2346308156847954,12,15,1,0,M S,Chelsea,0,0.49143339693546295,3.4357391223311424,2.4968663565814495,2016
