id,player_name,games,time,goals,xG,assists,xA,shots,key_passes,yellow_cards,red_cards,position,team_title,npg,npxG,xGChain,xGBuildup,season
7690,Grant Hanley,15,1261,0,0.43989979662001133,0,0,8,0,4,0,D S,Norwich,0,0.43989979662001133,1.7992960009723902,1.7992960009723902,2019
7690,Grant Hanley,33,2899,1,1.696234492585063,0,0.39794129505753517,20,6,2,0,D,Norwich,1,1.696234492585063,3.552236177958548,3.4605953795835376,2021
