id,player_name,games,time,goals,xG,assists,xA,shots,key_passes,yellow_cards,red_cards,position,team_title,npg,npxG,xGChain,xGBuildup,season
802,Diego Costa,26,2111,20,15.21911308169365,3,4.554670616053045,76,41,8,0,F S,Chelsea,19,14.457944065332413,21.365789726376534,5.27697273902595,2014
802,Diego Costa,28,2386,12,12.080561351031065,6,2.8887833151966333,68,30,8,0,F S,Chelsea,12,12.080561351031065,18.07463388890028,5.290677092969418,2015
802,Diego Costa,35,3101,20,15.43179689347744,7,4.912057062610984,111,42,10,0,F,Chelsea,20,14.670627877116203,22.00321437418461,6.565549957565963,2016
802,Diego Costa,23,1254,1,2.9844185262918472,0,0.5990131702274084,28,11,5,1,F S,Wolverhampton Wanderers,1,2.9844185262918472,3.3896298184990883,0.5007723271846771,2022
