id,player_name,games,time,goals,xG,assists,xA,shots,key_passes,yellow_cards,red_cards,position,team_title,npg,npxG,xGChain,xGBuildup,season
6681,Harvey Barnes,3,5,0,0.0542616993188858,0,0,1,0,0,0,S,Leicester,0,0.0542616993188858,0.10334700345993042,0.10334700345993042,2017
6681,Harvey Barnes,16,1014,1,3.6233893521130085,2,1.9330946989357471,40,17,0,0,F M S,Leicester,1,3.6233893521130085,7.837979565374553,3.348689891397953,2018
6681,Harvey Barnes,36,2094,6,8.480616264045238,8,4.085434114560485,61,35,0,0,F M S,Leicester,6,8.480616264045238,17.093786865472794,6.487783920019865,2019
6681,Harvey Barnes,25,1954,9,6.697317669168115,4,1.7716885916888714,56,26,0,0,F M S,Leicester,9,6.697317669168115,8.893779151141644,1.594841817393899,2020
6681,Harvey Barnes,32,2108,6,6.215695910155773,10,4.480990180745721,66,28,2,0,F M S,Leicester,6,6.215695910155773,12.55847548134625,3.729522781446576,2021
6681,Harvey Barnes,34,2738,13,9.120478011667728,1,3.107304636389017,72,19,3,0,F M S,Leicester,13,9.120478011667728,14.723602913320065,3.649019580334425,2022
6681,Harvey Barnes,21,738,5,3.467865003272891,3,4.21071451343596,27,13,3,0,F M S,Newcastle United,5,3.467865003272891,9.07958210259676,2.550239199772477,2023
6681,Harvey Barnes,20,758,5,2.732794774696231,1,2.39081247150898,28,11,0,0,F S,Newcastle United,5,2.732794774696231,6.173111632466316,1.7567498236894608,2024
6681,Harvey Barnes,20,758,5,2.732794774696231,1,2.39081247150898,28,11,0,0,F S,Newcastle United,5,2.732794774696231,6.173111632466316,1.7567498236894608,2025
