id,player_name,games,time,goals,xG,assists,xA,shots,key_passes,yellow_cards,red_cards,position,team_title,npg,npxG,xGChain,xGBuildup,season
314,Ilkay Gündogan,10,717,3,1.921189139597118,1,0.9761678762733936,16,12,0,0,M S,Manchester City,3,1.921189139597118,6.541459213942289,4.147721093147993,2016
314,Ilkay Gündogan,30,1504,4,3.583664510399103,1,2.348830319941044,35,21,3,0,M S,Manchester City,3,2.8224959895014763,14.065661202184856,10.724260763265193,2017
314,Ilkay Gündogan,31,2133,6,4.213995475322008,3,4.967496044933796,43,43,3,0,M S,Manchester City,6,4.213995475322008,19.06554689258337,15.749675698578358,2018
314,Ilkay Gündogan,31,2006,2,4.346704069525003,1,2.919196816161275,32,34,7,0,M S,Manchester City,1,2.8244022112339735,19.26157533749938,15.24622729793191,2019
314,Ilkay Gündogan,28,2033,13,9.566889390349388,2,3.8162214383482933,54,42,1,0,M S,Manchester City,12,8.044548198580742,19.286807842552662,10.148369457572699,2020
314,Ilkay Gündogan,27,1852,8,9.720699042081833,4,4.720962079241872,55,37,1,0,M S,Manchester City,8,9.720699042081833,21.329152438789606,8.763398695737123,2021
314,Ilkay Gündogan,31,2369,8,7.842695340514183,4,3.444544769823551,54,37,0,0,M S,Manchester City,8,7.081526502966881,23.573771215975285,15.498776016756892,2022
314,Ilkay Gündogan,21,1344,0,1.7231193631887436,1,1.5188087355345488,16,23,1,0,M S,Manchester City,0,1.7231193631887436,11.23434031009674,9.623416781425476,2024
314,Ilkay Gündogan,21,1344,0,1.7231193631887436,1,1.5188087355345488,16,23,1,0,M S,Manchester City,0,1.7231193631887436,11.23434031009674,9.623416781425476,2025
