id,player_name,games,time,goals,xG,assists,xA,shots,key_passes,yellow_cards,red_cards,position,team_title,npg,npxG,xGChain,xGBuildup,season
878,Yaya Touré,29,2358,10,7.109346902929246,1,3.2435795087367296,89,33,5,0,M S,Manchester City,8,5.5870088106021285,26.024341113865376,20.903273252770305,2014
878,Yaya Touré,32,2345,6,5.663291418924928,5,4.417276362888515,77,44,3,0,M S,Manchester City,5,4.902123415842652,13.864018429070711,8.840408202260733,2015
878,Yaya Touré,25,1955,5,3.702670432627201,0,1.1150561925023794,32,19,4,0,M S,Manchester City,3,2.1803329065442085,11.302313722670078,10.284955695271492,2016
878,Yaya Touré,10,209,0,0.3550802022218704,2,0.7849329859018326,5,7,1,0,M S,Manchester City,0,0.3550802022218704,2.4291389659047127,2.165271021425724,2017
