id,player_name,games,time,goals,xG,assists,xA,shots,key_passes,yellow_cards,red_cards,position,team_title,npg,npxG,xGChain,xGBuildup,season
10807,Jan Paul van Hecke,8,288,0,0.5538489818572998,0,0,2,0,2,0,D S,Brighton,0,0.5538489818572998,0.29887180402874947,0.27959340438246727,2022
10807,Jan Paul van Hecke,28,2365,0,1.5838892180472612,0,0.48821631632745266,15,10,4,0,D M S,Brighton,0,1.5838892180472612,11.12253069318831,10.831943391822278,2023
10807,Jan Paul van Hecke,21,1792,0,0.5080081857740879,1,1.0203863121569157,10,12,4,0,D S,Brighton,0,0.5080081857740879,9.345545081421733,8.9455497097224,2024
10807,Jan Paul van Hecke,21,1792,0,0.5080081857740879,1,1.0203863121569157,10,12,4,0,D S,Brighton,0,0.5080081857740879,9.345545081421733,8.9455497097224,2025
