id,player_name,games,time,goals,xG,assists,xA,shots,key_passes,yellow_cards,red_cards,position,team_title,npg,npxG,xGChain,xGBuildup,season
12745,Jacob Greaves,13,1170,1,1.2858841260895133,0,0.014481916092336178,7,1,2,0,D,Ipswich,1,1.2858841260895133,2.2792373448610306,2.2792373448610306,2024
12745,Jacob Greaves,13,1170,1,1.2858841260895133,0,0.014481916092336178,7,1,2,0,D,Ipswich,1,1.2858841260895133,2.2792373448610306,2.2792373448610306,2025
