id,player_name,games,time,goals,xG,assists,xA,shots,key_passes,yellow_cards,red_cards,position,team_title,npg,npxG,xGChain,xGBuildup,season
619,Sergio Agüero,33,2551,26,25.270175583660603,8,5.568926602602005,148,33,4,0,F S,Manchester City,21,20.703194603323936,27.805153466761112,6.87816970795393,2014
619,Sergio Agüero,30,2399,24,20.077226005494595,2,2.0287595679983497,119,27,1,0,F S,Manchester City,20,16.271372936666012,18.786800522357225,3.9259592220187187,2015
619,Sergio Agüero,31,2408,20,22.672587677836418,3,4.665909027680755,139,31,4,1,F S,Manchester City,16,18.86673802882433,25.352086670696735,5.026675033383071,2016
619,Sergio Agüero,25,1985,21,18.568616069853306,6,6.533231791108847,95,39,2,0,F S,Manchester City,17,15.523945644497871,23.707817398011684,7.5127200009301305,2017
619,Sergio Agüero,33,2515,21,19.949161492288113,8,5.22924355044961,118,34,3,0,F S,Manchester City,19,18.42682258039713,28.700228951871395,8.10099308937788,2018
619,Sergio Agüero,24,1462,16,15.557497031986713,3,2.920210164040327,76,19,1,0,F S,Manchester City,14,13.274028159677982,16.878257554024458,2.6447667879983783,2019
619,Sergio Agüero,12,556,4,3.716518983244896,1,1.315659997984767,19,7,0,0,F M S,Manchester City,3,2.1941805984824896,4.1585718132555485,1.2831721864640713,2020
