id,player_name,games,time,goals,xG,assists,xA,shots,key_passes,yellow_cards,red_cards,position,team_title,npg,npxG,xGChain,xGBuildup,season
9958,Yerson Mosquera,5,448,0,0.4660062603652477,0,0.09450100734829903,2,2,2,0,D,Wolverhampton Wanderers,0,0.4660062603652477,1.0699441889300942,0.9818695159628987,2024
9958,Yerson Mosquera,5,448,0,0.4660062603652477,0,0.09450100734829903,2,2,2,0,D,Wolverhampton Wanderers,0,0.4660062603652477,1.0699441889300942,0.9818695159628987,2025
