id,player_name,games,time,goals,xG,assists,xA,shots,key_passes,yellow_cards,red_cards,position,team_title,npg,npxG,xGChain,xGBuildup,season
806,Gareth McAuley,24,2071,1,1.1422011805698276,0,0.5258615016937256,8,3,2,1,D,West Bromwich Albion,1,1.1422011805698276,1.6611365741118789,1.6257785772904754,2014
806,Gareth McAuley,34,3060,1,0.5205572098493576,0,0.6936065852642059,7,7,4,1,D,West Bromwich Albion,1,0.5205572098493576,3.2130712745711207,3.1146106524392962,2015
806,Gareth McAuley,36,3150,6,3.691566973924637,1,0.37824810296297073,16,6,5,0,D,West Bromwich Albion,6,3.691566973924637,2.1038487255573273,1.773257914930582,2016
806,Gareth McAuley,9,454,0,0,0,0,0,0,0,0,D S,West Bromwich Albion,0,0,0.2813838943839073,0.2813838943839073,2017
