id,player_name,games,time,goals,xG,assists,xA,shots,key_passes,yellow_cards,red_cards,position,team_title,npg,npxG,xGChain,xGBuildup,season
4471,Mohamed Diamé,15,937,4,1.209077998995781,0,0.1744060032069683,17,3,2,0,M S,"Hull,West Ham",4,1.209077998995781,2.138137888163328,0.901088297367096,2014
4471,Mohamed Diamé,31,2042,2,1.6824482176452875,0,1.005540020763874,20,14,3,0,M S,Newcastle United,2,1.6824482176452875,3.0895158294588327,2.0187498051673174,2017
4471,Mohamed Diamé,29,2172,0,1.0539293810725212,0,0.1333967000246048,20,2,3,0,M S,Newcastle United,0,1.0539293810725212,5.13216845318675,4.3882328337058425,2018
