id,player_name,games,time,goals,xG,assists,xA,shots,key_passes,yellow_cards,red_cards,position,team_title,npg,npxG,xGChain,xGBuildup,season
12761,Yukinari Sugawara,20,1154,1,0.2732623256742954,1,3.2435733284801245,9,16,3,0,D M S,Southampton,1,0.2732623256742954,4.2568330001086,2.9736638963222504,2024
12761,Yukinari Sugawara,20,1154,1,0.2732623256742954,1,3.2435733284801245,9,16,3,0,D M S,Southampton,1,0.2732623256742954,4.2568330001086,2.9736638963222504,2025
