id,player_name,games,time,goals,xG,assists,xA,shots,key_passes,yellow_cards,red_cards,position,team_title,npg,npxG,xGChain,xGBuildup,season
6552,Bryan Mbeumo,35,2934,4,9.805259482935071,7,3.957220805808902,77,34,4,0,F M S,Brentford,3,9.044090459123254,17.78692425787449,6.478674702346325,2021
6552,Bryan Mbeumo,38,2991,9,10.100785619579256,8,7.65799580514431,71,52,5,0,F S,Brentford,8,9.339616828598082,17.531262825243175,5.165040111169219,2022
6552,Bryan Mbeumo,25,1954,9,9.158370908349752,6,5.14017678797245,53,32,2,0,F S,Brentford,6,6.874864336103201,15.155989956110716,6.123919734731317,2023
6552,Bryan Mbeumo,23,2069,14,8.587569415569305,3,6.498361365869641,46,44,2,0,D F M,Brentford,10,5.542893968522549,16.836453162133694,6.364482004195452,2024
6552,Bryan Mbeumo,23,2069,14,8.587569415569305,3,6.498361365869641,46,44,2,0,D F M,Brentford,10,5.542893968522549,16.836453162133694,6.364482004195452,2025
