id,player_name,games,time,goals,xG,assists,xA,shots,key_passes,yellow_cards,red_cards,position,team_title,npg,npxG,xGChain,xGBuildup,season
860,Marc Muniesa,19,1381,0,0.1333636036142707,0,0.10216790903359652,5,3,3,0,D S,Stoke,0,0.1333636036142707,1.975037601776421,1.8743923902511597,2014
860,Marc Muniesa,15,1113,0,0.09074109978973866,0,0.22249829955399036,3,5,2,0,D S,Stoke,0,0.09074109978973866,2.0617299899458885,1.9002073928713799,2015
860,Marc Muniesa,10,644,1,0.2343004997819662,0,0.08589959889650345,6,4,2,0,D S,Stoke,1,0.2343004997819662,0.9746139943599701,0.7004662081599236,2016
