id,player_name,games,time,goals,xG,assists,xA,shots,key_passes,yellow_cards,red_cards,position,team_title,npg,npxG,xGChain,xGBuildup,season
8965,Vladimir Coufal,34,3056,0,1.3991486877202988,7,6.389940650202334,15,45,3,0,D M,West Ham,0,1.3991486877202988,14.980891424231231,8.577498153783381,2020
8965,Vladimir Coufal,28,2211,0,0.5571807976812124,4,2.711205866187811,11,21,3,1,D S,West Ham,0,0.5571807976812124,10.270922681316733,8.42933842074126,2021
8965,Vladimir Coufal,27,2148,0,0.1806397484615445,1,2.275553598999977,6,25,5,0,D S,West Ham,0,0.1806397484615445,4.774060698226094,3.4378814958035946,2022
8965,Vladimir Coufal,36,3153,0,0.28548409417271614,7,4.300948256626725,8,33,5,1,D,West Ham,0,0.28548409417271614,10.106693800538778,6.967354290187359,2023
8965,Vladimir Coufal,14,653,0,0.148698715493083,0,0.5279341489076614,4,6,2,0,D S,West Ham,0,0.148698715493083,2.8838349990546703,2.6431404016911983,2024
8965,Vladimir Coufal,14,653,0,0.148698715493083,0,0.5279341489076614,4,6,2,0,D S,West Ham,0,0.148698715493083,2.8838349990546703,2.6431404016911983,2025
