id,player_name,games,time,goals,xG,assists,xA,shots,key_passes,yellow_cards,red_cards,position,team_title,npg,npxG,xGChain,xGBuildup,season
191,Chicharito,1,49,0,0,0,0.015597599558532238,0,1,0,0,F,Manchester United,0,0,0.046568699181079865,0.046568699181079865,2014
191,Chicharito,1,22,0,0.38708800077438354,0,0.042340099811553955,1,1,0,0,S,Manchester United,0,0.38708800077438354,0.42942801117897034,0,2015
191,Chicharito,28,1524,8,5.248026132583618,0,1.4220358971506357,29,21,3,0,F S,West Ham,8,5.248026132583618,6.960863737389445,1.8039866890758276,2017
191,Chicharito,25,1336,7,7.894379161298275,1,1.256871908903122,37,5,2,0,F S,West Ham,7,7.894379161298275,7.684438817203045,0.7545533049851656,2018
191,Chicharito,2,107,1,0.8829850256443024,0,0,3,0,0,0,F S,West Ham,1,0.8829850256443024,0.895859032869339,0.07047870010137558,2019
