id,player_name,games,time,goals,xG,assists,xA,shots,key_passes,yellow_cards,red_cards,position,team_title,npg,npxG,xGChain,xGBuildup,season
920,Matthew Pennington,4,298,0,0.07906969636678696,0,0,2,0,1,0,D,Everton,0,0.07906969636678696,0.16033120080828667,0.14670360460877419,2015
920,Matthew Pennington,3,180,1,0.6383320093154907,0,0.17364199459552765,1,1,0,0,D S,Everton,1,0.6383320093154907,0.2130598947405815,0.039417900145053864,2016
