id,player_name,games,time,goals,xG,assists,xA,shots,key_passes,yellow_cards,red_cards,position,team_title,npg,npxG,xGChain,xGBuildup,season
6221,Pau Torres,29,2467,2,1.5308636222034693,0,0.6226628543809056,12,8,1,0,D S,Aston Villa,2,1.5308636222034693,12.13946529570967,11.884302482940257,2023
6221,Pau Torres,18,1549,0,0.38712109066545963,0,0.018877271562814713,8,1,1,0,D,Aston Villa,0,0.38712109066545963,5.73841199837625,5.715111389756203,2024
6221,Pau Torres,18,1549,0,0.38712109066545963,0,0.018877271562814713,8,1,1,0,D,Aston Villa,0,0.38712109066545963,5.73841199837625,5.715111389756203,2025
