id,player_name,games,time,goals,xG,assists,xA,shots,key_passes,yellow_cards,red_cards,position,team_title,npg,npxG,xGChain,xGBuildup,season
940,Nikica Jelavic,26,1815,8,4.894789764657617,1,0.8632267005741596,57,17,3,0,F S,Hull,8,4.894789764657617,5.708561671897769,1.086764007806778,2014
940,Nikica Jelavic,13,318,1,1.4878704007714987,2,1.0062958588823676,11,9,1,0,F S,West Ham,1,1.4878704007714987,2.7488833758980036,0.4290879964828491,2015
