id,player_name,games,time,goals,xG,assists,xA,shots,key_passes,yellow_cards,red_cards,position,team_title,npg,npxG,xGChain,xGBuildup,season
524,Adrian Mariappa,12,838,0,0,0,0.06439589988440275,0,3,3,0,D S,Crystal Palace,0,0,0.908168213441968,0.8679077122360468,2014
524,Adrian Mariappa,3,256,0,0,0,0,0,0,0,0,D,Crystal Palace,0,0,0.06190128065645695,0.06190128065645695,2015
524,Adrian Mariappa,7,556,0,0.1235710009932518,0,0.08424559980630875,2,1,0,0,D S,Watford,0,0.1235710009932518,0.46640479750931263,0.46640479750931263,2016
524,Adrian Mariappa,28,2208,0,0.615952898748219,0,0.1439169980585575,10,4,4,0,D S,Watford,0,0.615952898748219,1.8902223883196712,1.7313851891085505,2017
524,Adrian Mariappa,26,1921,0,1.3865475971251726,0,0.6989381145685911,7,5,3,0,D S,Watford,0,1.3865475971251726,3.518388135358691,3.4127970337867737,2018
524,Adrian Mariappa,20,1503,0,0.16716579720377922,0,0.24789969995617867,3,4,4,1,D S,Watford,0,0.16716579720377922,2.8531534364446998,2.560185791924596,2019
