id,player_name,games,time,goals,xG,assists,xA,shots,key_passes,yellow_cards,red_cards,position,team_title,npg,npxG,xGChain,xGBuildup,season
6857,Morgan Gibbs-White,26,628,0,0.9925088100135326,1,1.3041684199124575,8,11,1,0,F M S,Wolverhampton Wanderers,0,0.9925088100135326,3.631218750961125,1.95873511582613,2018
6857,Morgan Gibbs-White,7,119,0,0.07185499928891659,0,0.07087599858641624,2,3,0,0,M S,Wolverhampton Wanderers,0,0.07185499928891659,0.30642999336123466,0.19279959797859192,2019
6857,Morgan Gibbs-White,11,395,1,0.8142993114888668,0,0.4069434069097042,10,8,1,0,F M S,Wolverhampton Wanderers,1,0.8142993114888668,1.7168070655316114,0.83146240003407,2020
6857,Morgan Gibbs-White,2,4,0,0.09891019761562347,0,0,2,0,1,0,S,Wolverhampton Wanderers,0,0.09891019761562347,0.13725019991397858,0.038339901715517044,2021
6857,Morgan Gibbs-White,37,3170,5,6.6556903049349785,8,7.807910647243261,62,67,6,0,F M S,"Nottingham Forest,Wolverhampton Wanderers",3,5.133352592587471,13.668892225250602,4.559631913900375,2022
6857,Morgan Gibbs-White,37,3177,5,6.069625414907932,10,9.522167706862092,71,74,9,0,F M S,Nottingham Forest,4,5.308456636965275,18.272872403264046,9.268674820661545,2023
6857,Morgan Gibbs-White,19,1546,4,3.5300564486533403,4,4.375309513881803,32,32,5,1,M,Nottingham Forest,4,3.5300564486533403,9.533471625298262,4.838061612099409,2024
6857,Morgan Gibbs-White,19,1546,4,3.5300564486533403,4,4.375309513881803,32,32,5,1,M,Nottingham Forest,4,3.5300564486533403,9.533471625298262,4.838061612099409,2025
