id,player_name,games,time,goals,xG,assists,xA,shots,key_passes,yellow_cards,red_cards,position,team_title,npg,npxG,xGChain,xGBuildup,season
2478,Carlos Soler,18,948,1,1.535398194566369,1,0.6667815512046218,19,9,5,0,M S,West Ham,1,1.535398194566369,3.4087808467447758,1.5612155757844448,2024
2478,Carlos Soler,18,948,1,1.535398194566369,1,0.6667815512046218,19,9,5,0,M S,West Ham,1,1.535398194566369,3.4087808467447758,1.5612155757844448,2025
