id,player_name,games,time,goals,xG,assists,xA,shots,key_passes,yellow_cards,red_cards,position,team_title,npg,npxG,xGChain,xGBuildup,season
956,Andrej Kramaric,13,569,2,2.0635642036795616,0,0.6953189820051193,23,6,0,0,F S,Leicester,2,2.0635642036795616,2.527540097013116,0.4108103085309267,2014
956,Andrej Kramaric,2,18,0,0.4252740144729614,0,0.022471699863672256,1,1,0,0,S,Leicester,0,0.4252740144729614,0.4838533140718937,0.058579299598932266,2015
