id,player_name,games,time,goals,xG,assists,xA,shots,key_passes,yellow_cards,red_cards,position,team_title,npg,npxG,xGChain,xGBuildup,season
11094,Antony,25,1841,4,5.857848301529884,2,2.3707856694236398,72,28,5,0,F M S,Manchester United,4,5.857848301529884,13.837641645222902,7.11214586161077,2022
11094,Antony,29,1329,1,3.4931225115433335,1,3.495804164558649,43,22,5,0,M S,Manchester United,1,3.4931225115433335,11.48103859461844,6.454792508855462,2023
11094,Antony,8,119,0,0.6254736389964819,0,0.22945007402449846,6,3,0,0,S,Manchester United,0,0.6254736389964819,1.066591788083315,0.3265676498413086,2024
11094,Antony,8,119,0,0.6254736389964819,0,0.22945007402449846,6,3,0,0,S,Manchester United,0,0.6254736389964819,1.066591788083315,0.3265676498413086,2025
