id,player_name,games,time,goals,xG,assists,xA,shots,key_passes,yellow_cards,red_cards,position,team_title,npg,npxG,xGChain,xGBuildup,season
4391,Darnell Furlong,3,228,0,0.009575449861586094,0,0,1,0,1,0,D,Queens Park Rangers,0,0.009575449861586094,0.06898230314254761,0.05940689891576767,2014
4391,Darnell Furlong,35,2926,1,1.9333325140178204,3,2.46300520375371,26,17,5,0,D M S,West Bromwich Albion,1,1.9333325140178204,6.135472722351551,3.374022333882749,2020
