id,player_name,games,time,goals,xG,assists,xA,shots,key_passes,yellow_cards,red_cards,position,team_title,npg,npxG,xGChain,xGBuildup,season
723,Ki Sung-yueng,33,2692,8,4.3305724542587996,1,1.2641469975933433,28,26,4,0,M S,Swansea,8,4.3305724542587996,11.960129372775555,9.00447864830494,2014
723,Ki Sung-yueng,28,1852,2,2.4574378253892064,1,1.0774459028616548,24,22,4,0,M S,Swansea,2,2.4574378253892064,5.665102529339492,3.1758004864677787,2015
723,Ki Sung-yueng,23,1286,0,0.31564400158822536,1,0.4234952013939619,9,12,3,0,M S,Swansea,0,0.31564400158822536,2.508366541005671,2.0781134217977524,2016
723,Ki Sung-yueng,25,1869,2,0.845365091226995,2,1.7742285821586847,20,19,2,0,M S,Swansea,2,0.845365091226995,2.705563973635435,1.4724896643310785,2017
723,Ki Sung-yueng,18,1302,0,0.15218030009418726,1,1.0775400139391422,8,16,2,0,M S,Newcastle United,0,0.15218030009418726,3.2162829311564565,3.0649863574653864,2018
723,Ki Sung-yueng,3,137,0,0,0,0.05511659849435091,0,2,0,0,M S,Newcastle United,0,0,0.042518798261880875,0,2019
