id,player_name,games,time,goals,xG,assists,xA,shots,key_passes,yellow_cards,red_cards,position,team_title,npg,npxG,xGChain,xGBuildup,season
982,Tim Krul,30,2700,0,0,1,0.2590459883213043,0,1,1,0,GK,Newcastle United,0,0,1.189519913867116,1.189519913867116,2014
982,Tim Krul,8,720,0,0,0,0,0,0,0,0,GK,Newcastle United,0,0,0.10725149512290955,0.10725149512290955,2015
982,Tim Krul,36,3240,0,0,0,0,0,0,4,0,GK,Norwich,0,0,3.5150500126183033,3.5150500126183033,2019
982,Tim Krul,29,2610,0,0,0,0.47920700907707214,0,1,1,0,GK,Norwich,0,0,2.564329088665545,2.564329088665545,2021
