id,player_name,games,time,goals,xG,assists,xA,shots,key_passes,yellow_cards,red_cards,position,team_title,npg,npxG,xGChain,xGBuildup,season
774,Siem de Jong,4,143,1,0.47184730879962444,0,0.4014580100774765,5,3,0,0,M S,Newcastle United,1,0.47184730879962444,0.9585549086332321,0.0852499008178711,2014
774,Siem de Jong,18,434,0,0.9610869996249676,1,0.0683836005628109,8,2,0,0,M S,Newcastle United,0,0.9610869996249676,1.2229401171207428,0.26185260340571404,2015
