id,player_name,games,time,goals,xG,assists,xA,shots,key_passes,yellow_cards,red_cards,position,team_title,npg,npxG,xGChain,xGBuildup,season
4462,Liam Rosenior,13,568,0,0.06972681917250156,1,0.8106440007686615,4,3,0,0,D S,Hull,0,0.06972681917250156,1.292232820764184,0.5257345894351602,2014
4462,Liam Rosenior,3,157,0,0.05421239882707596,0,0,2,0,0,0,D S,Brighton,0,0.05421239882707596,0.5664092041552067,0.539934191852808,2017
