id,player_name,games,time,goals,xG,assists,xA,shots,key_passes,yellow_cards,red_cards,position,team_title,npg,npxG,xGChain,xGBuildup,season
572,Etienne Capoue,12,911,0,0.1177910016849637,0,0.24070769734680653,7,4,2,0,M S,Tottenham,0,0.1177910016849637,3.8608597703278065,3.654397491365671,2014
572,Etienne Capoue,33,2834,0,3.072994276881218,1,1.4461284149438143,35,24,7,0,M,Watford,0,3.072994276881218,8.910059592686594,5.593119697645307,2015
572,Etienne Capoue,37,3231,7,3.7173120137304068,1,1.509296577423811,50,37,5,0,M,Watford,7,3.7173120137304068,6.283083532936871,2.6800303906202316,2016
572,Etienne Capoue,23,1544,1,0.975931303575635,0,0.7933374866843224,23,8,3,0,M S,Watford,1,0.975931303575635,4.4521506847813725,3.1386491050943732,2017
572,Etienne Capoue,33,2951,1,1.297315414994955,3,1.3692703181877732,18,10,14,1,M,Watford,1,1.297315414994955,8.080199571326375,7.016400104388595,2018
572,Etienne Capoue,30,2643,0,0.6416579047217965,3,2.5432482585310936,19,19,8,0,M,Watford,0,0.6416579047217965,8.06686213053763,6.2570916302502155,2019
