id,player_name,games,time,goals,xG,assists,xA,shots,key_passes,yellow_cards,red_cards,position,team_title,npg,npxG,xGChain,xGBuildup,season
1228,Bruno Fernandes,14,1211,8,5.98607742600143,7,2.7549998983740807,44,30,2,0,M,Manchester United,4,2.9414413776248693,8.513753656297922,4.864240288734436,2019
1228,Bruno Fernandes,37,3117,18,16.019450719468296,12,11.474997889250517,121,95,6,0,M S,Manchester United,9,8.407837779261172,26.91141940653324,11.932286506518722,2020
1228,Bruno Fernandes,36,3135,10,9.285304862074554,6,8.811852657236159,89,88,10,0,F M S,Manchester United,10,7.762967492453754,22.98672279715538,11.14225958287716,2021
1228,Bruno Fernandes,37,3326,8,9.385456696152687,8,17.266709440387785,92,118,6,0,M,Manchester United,6,7.863118812441826,35.418096881359816,17.724953144788742,2022
1228,Bruno Fernandes,35,3121,10,10.746266636997461,8,13.15852378681302,95,113,9,0,F M,Manchester United,6,6.940422397106886,22.69340828806162,12.64676270633936,2023
1228,Bruno Fernandes,22,1844,5,8.033638095483184,6,5.231042416766286,62,47,1,2,F M,Manchester United,2,5.750131709501147,16.387793950736523,8.511821813881397,2024
1228,Bruno Fernandes,22,1844,5,8.033638095483184,6,5.231042416766286,62,47,1,2,F M,Manchester United,2,5.750131709501147,16.387793950736523,8.511821813881397,2025
