id,player_name,games,time,goals,xG,assists,xA,shots,key_passes,yellow_cards,red_cards,position,team_title,npg,npxG,xGChain,xGBuildup,season
525,Martin Kelly,31,2503,0,0.1874168999493122,1,0.8051103092730045,10,10,2,0,D S,Crystal Palace,0,0.1874168999493122,2.4445369206368923,1.7485505808144808,2014
525,Martin Kelly,13,1039,0,0.014624600298702717,0,0.13022729940712452,1,4,3,0,D S,Crystal Palace,0,0.014624600298702717,0.5918863043189049,0.5525651033967733,2015
525,Martin Kelly,29,2145,0,0.23852089792490005,2,0.5268526971340179,3,8,4,0,D S,Crystal Palace,0,0.23852089792490005,2.816802779212594,2.510482406243682,2016
525,Martin Kelly,15,1199,0,0.3498201444745064,0,0.0872204964980483,5,2,1,0,D S,Crystal Palace,0,0.3498201444745064,0.7294600866734982,0.7162100868299603,2017
525,Martin Kelly,13,1109,0,0.7666512317955494,0,0.02341100014746189,3,1,2,0,D S,Crystal Palace,0,0.7666512317955494,0.703543801791966,0.6801328016445041,2018
525,Martin Kelly,19,1554,0,0.06097239814698696,1,0.8339541032910347,2,6,0,0,D S,Crystal Palace,0,0.06097239814698696,2.3818622268736362,2.1840532291680574,2019
525,Martin Kelly,1,1,0,0,0,0,0,0,0,0,S,Crystal Palace,0,0,0,0,2020
