id,player_name,games,time,goals,xG,assists,xA,shots,key_passes,yellow_cards,red_cards,position,team_title,npg,npxG,xGChain,xGBuildup,season
7184,Tim Ream,26,2057,0,0.0195435993373394,0,0.23942119628190994,1,3,1,0,D S,Fulham,0,0.0195435993373394,2.7600171994417906,2.5205960031598806,2018
7184,Tim Ream,7,630,0,0,0,0,0,0,0,0,D,Fulham,0,0,0.8088045045733452,0.8088045045733452,2020
7184,Tim Ream,33,2900,1,0.4944004062563181,0,0.07179860211908817,3,3,2,0,D,Fulham,1,0.4944004062563181,6.860465005040169,6.813478998839855,2022
7184,Tim Ream,18,1513,1,0.960849940776825,0,0,1,0,2,1,D S,Fulham,1,0.960849940776825,4.037653112784028,4.037653112784028,2023
