id,player_name,games,time,goals,xG,assists,xA,shots,key_passes,yellow_cards,red_cards,position,team_title,npg,npxG,xGChain,xGBuildup,season
8719,Kalvin Phillips,29,2435,1,0.38862279802560806,2,3.233059170655906,15,35,10,0,M S,Leeds,1,0.38862279802560806,8.95923120714724,7.5506361443549395,2020
8719,Kalvin Phillips,20,1598,0,0.7691682074218988,1,1.1643210090696812,15,9,4,0,D M S,Leeds,0,0.7691682074218988,3.862932711839676,3.543631635606289,2021
8719,Kalvin Phillips,12,275,0,0.24449077621102333,0,0.13638579100370407,6,3,1,0,M S,Manchester City,0,0.24449077621102333,1.3482624273747206,1.1162777580320835,2022
8719,Kalvin Phillips,12,358,0,0.19420802872627974,0,0,5,0,1,1,M S,"Manchester City,West Ham",0,0.19420802872627974,1.1170908715575933,0.9405870689079165,2023
8719,Kalvin Phillips,13,870,0,0.3313258336856961,0,0.09477787278592587,7,2,1,1,M S,Ipswich,0,0.3313258336856961,1.7365480940788984,1.6270181741565466,2024
8719,Kalvin Phillips,13,870,0,0.3313258336856961,0,0.09477787278592587,7,2,1,1,M S,Ipswich,0,0.3313258336856961,1.7365480940788984,1.6270181741565466,2025
