id,player_name,games,time,goals,xG,assists,xA,shots,key_passes,yellow_cards,red_cards,position,team_title,npg,npxG,xGChain,xGBuildup,season
6249,Davinson Sánchez,31,2535,0,0.5712869055569172,0,0.12518769968301058,9,4,1,1,D S,Tottenham,0,0.5712869055569172,7.701591860502958,7.640092059969902,2017
6249,Davinson Sánchez,23,1943,1,1.624593397602439,1,0.6246803235262632,14,4,2,0,D S,Tottenham,1,1.624593397602439,6.161562740802765,6.136754721403122,2018
6249,Davinson Sánchez,29,2433,0,0.7553702257573605,0,0.036288898438215256,7,1,6,0,D S,Tottenham,0,0.7553702257573605,7.255793642252684,7.219504665583372,2019
6249,Davinson Sánchez,18,1488,0,0.8006934821605682,0,0.020530199632048607,5,1,1,0,D S,Tottenham,0,0.8006934821605682,5.348088577389717,5.348088577389717,2020
6249,Davinson Sánchez,23,1618,2,2.0042469054460526,0,0.29199779219925404,13,5,4,0,D S,Tottenham,2,2.0042469054460526,7.71055081859231,7.483334220945835,2021
6249,Davinson Sánchez,18,845,0,0.30423328187316656,0,0.1408364623785019,6,2,1,0,D S,Tottenham,0,0.30423328187316656,2.7923527229577303,2.643001276999712,2022
6249,Davinson Sánchez,1,77,0,0.11006297916173935,0,0,1,0,1,0,S,Tottenham,0,0.11006297916173935,0.1389056295156479,0.1389056295156479,2023
