id,player_name,games,time,goals,xG,assists,xA,shots,key_passes,yellow_cards,red_cards,position,team_title,npg,npxG,xGChain,xGBuildup,season
6038,Laurent Depoitre,33,1794,6,3.5911888889968395,1,1.3660856960341334,24,13,1,0,F S,Huddersfield,6,3.5911888889968395,4.533495164476335,1.0141411954537034,2017
6038,Laurent Depoitre,23,1039,0,2.6720805931836367,1,0.4564105989411473,30,9,1,0,F S,Huddersfield,0,2.6720805931836367,2.7286376021802425,0.09160279855132103,2018
