id,player_name,games,time,goals,xG,assists,xA,shots,key_passes,yellow_cards,red_cards,position,team_title,npg,npxG,xGChain,xGBuildup,season
770,Ayoze Pérez,36,2369,7,5.7461924236267805,0,2.900992516428232,61,28,0,0,F M S,Newcastle United,7,5.7461924236267805,9.56750363111496,3.0196252688765526,2014
770,Ayoze Pérez,34,2046,6,3.795658176764846,2,2.8947355933487415,50,30,4,0,F M S,Newcastle United,6,3.795658176764846,8.319605821743608,3.6317452215589583,2015
770,Ayoze Pérez,36,2502,8,6.864799472503364,5,5.451955894008279,60,36,3,0,F M S,Newcastle United,8,6.864799472503364,14.115952454507351,6.33331048861146,2017
770,Ayoze Pérez,37,2950,12,8.294695003889501,2,4.0325940903276205,55,45,2,0,F M S,Newcastle United,12,8.294695003889501,15.605246301740408,5.627834742888808,2018
770,Ayoze Pérez,33,2045,8,6.557799419388175,4,4.091642318293452,47,28,0,0,F M S,Leicester,7,5.796633398160338,12.850332770496607,4.473773792386055,2019
770,Ayoze Pérez,25,1326,2,4.036575708538294,1,1.2486079968512058,31,23,2,0,F M S,Leicester,2,4.036575708538294,9.872756661847234,6.759955529123545,2020
770,Ayoze Pérez,14,443,2,2.0579842533916235,3,1.2277688030153513,11,11,0,1,M S,Leicester,2,2.0579842533916235,2.99056632257998,0.6373151019215584,2021
770,Ayoze Pérez,8,373,0,0.8422358185052872,1,1.504247609525919,8,11,0,0,M S,Leicester,0,0.8422358185052872,2.6127997040748596,0.4408004991710186,2022
