id,player_name,games,time,goals,xG,assists,xA,shots,key_passes,yellow_cards,red_cards,position,team_title,npg,npxG,xGChain,xGBuildup,season
483,Daniel Sturridge,12,747,4,4.518865872174501,1,1.5182954035699368,39,11,0,0,F S,Liverpool,4,4.518865872174501,7.007462449371815,1.7853876780718565,2014
483,Daniel Sturridge,14,981,8,5.741582944989204,1,0.5159462941810489,48,7,0,0,F S,Liverpool,8,5.741582944989204,7.218583904206753,1.6658330988138914,2015
483,Daniel Sturridge,20,757,3,4.347297552973032,1,1.6363770924508572,40,14,1,0,F S,Liverpool,3,4.347297552973032,7.814842473715544,3.2096377797424793,2016
483,Daniel Sturridge,15,539,2,2.6555239595472813,1,0.8860519006848335,24,15,0,0,F S,"Liverpool,West Bromwich Albion",2,2.6555239595472813,3.568709407001734,0.3862705333158374,2017
483,Daniel Sturridge,18,484,2,1.4982538828626275,1,1.072214774787426,18,8,1,0,F S,Liverpool,2,1.4982538828626275,4.198271206580102,2.537230044603348,2018
