id,player_name,games,time,goals,xG,assists,xA,shots,key_passes,yellow_cards,red_cards,position,team_title,npg,npxG,xGChain,xGBuildup,season
496,Mohamed Elneny,11,799,0,1.3251584004610777,1,0.30165970139205456,13,3,3,0,M S,Arsenal,0,1.3251584004610777,6.723802291788161,5.921059274114668,2015
496,Mohamed Elneny,14,693,0,0.5528803020715714,1,0.1320842020213604,15,4,1,0,M S,Arsenal,0,0.5528803020715714,2.462577788159251,2.088330280035734,2016
496,Mohamed Elneny,13,870,0,0.2833664044737816,1,0.7577551174908876,8,10,3,1,M S,Arsenal,0,0.2833664044737816,5.305588902905583,4.854103496298194,2017
496,Mohamed Elneny,8,383,0,0.44842280354350805,0,0.2225508987903595,7,5,0,0,M S,Arsenal,0,0.44842280354350805,2.3655694955959916,1.8774521797895432,2018
496,Mohamed Elneny,23,1540,1,0.4756157035008073,0,0.2569415085017681,9,4,3,0,M S,Arsenal,1,0.4756157035008073,5.195760786533356,4.651168327778578,2020
496,Mohamed Elneny,14,785,0,0.15664429869502783,2,0.3957573026418686,8,9,1,0,M S,Arsenal,0,0.15664429869502783,3.171078409999609,2.8563827574253082,2021
496,Mohamed Elneny,5,107,0,0,0,0,0,0,0,0,M S,Arsenal,0,0,0.6661199927330017,0.6661199927330017,2022
496,Mohamed Elneny,3,18,0,0.0575435645878315,0,0,2,0,0,0,S,Arsenal,0,0.0575435645878315,0.154712975025177,0.0971694067120552,2023
