id,player_name,games,time,goals,xG,assists,xA,shots,key_passes,yellow_cards,red_cards,position,team_title,npg,npxG,xGChain,xGBuildup,season
513,Pape Souaré,9,603,0,0.04214503988623619,0,1.7640714570879936,3,6,1,0,D S,Crystal Palace,0,0.04214503988623619,1.9684704467654228,1.3314210921525955,2014
513,Pape Souaré,34,3017,0,0.3214282998815179,1,2.517557479441166,11,27,6,1,D,Crystal Palace,0,0.3214282998815179,8.01280982233584,6.117436507716775,2015
513,Pape Souaré,3,270,0,0.018196599557995796,0,0.14993800222873688,2,2,0,0,D,Crystal Palace,0,0.018196599557995796,0.3327016048133373,0.17560959979891777,2016
513,Pape Souaré,1,7,0,0,0,0,0,0,0,0,S,Crystal Palace,0,0,0,0,2017
513,Pape Souaré,1,1,0,0,0,0,0,0,0,0,S,Crystal Palace,0,0,0,0,2018
