id,player_name,games,time,goals,xG,assists,xA,shots,key_passes,yellow_cards,red_cards,position,team_title,npg,npxG,xGChain,xGBuildup,season
458,Steve Cook,36,3199,4,2.054982926696539,0,0.914485789835453,25,6,5,0,D,Bournemouth,4,2.054982926696539,4.234161352738738,4.040296068415046,2015
458,Steve Cook,38,3420,2,1.654715915210545,0,0.4837766960263252,29,3,5,0,D,Bournemouth,2,1.654715915210545,6.486318210139871,6.173630646429956,2016
458,Steve Cook,34,2761,2,1.360102791339159,1,1.0196236222982407,21,4,5,0,D S,Bournemouth,2,1.360102791339159,3.275392532348633,2.954977236688137,2017
458,Steve Cook,31,2788,1,1.461019229143858,1,1.1459708325564861,21,11,3,0,D,Bournemouth,1,1.461019229143858,6.203706539236009,5.4173038033768535,2018
458,Steve Cook,29,2431,1,0.6190798981115222,0,0.6960187861695886,12,4,6,1,D S,Bournemouth,1,0.6190798981115222,3.9237448014318943,3.7979096062481403,2019
458,Steve Cook,12,958,0,0.16384859755635262,0,0.7961927652359009,3,3,4,0,D S,Nottingham Forest,0,0.16384859755635262,0.6675907094031572,0.6675907094031572,2022
