id,player_name,games,time,goals,xG,assists,xA,shots,key_passes,yellow_cards,red_cards,position,team_title,npg,npxG,xGChain,xGBuildup,season
737,Fabio Borini,12,389,1,1.947100818157196,1,0.9333350993692875,14,8,1,1,F S,Liverpool,1,1.947100818157196,2.3626261055469513,0.16385349724441767,2014
737,Fabio Borini,26,1913,5,4.93459333665669,2,1.737776736728847,48,18,6,0,F M S,Sunderland,4,4.173425326123834,5.729666614905,2.1620970480144024,2015
737,Fabio Borini,24,1739,2,2.044637428596616,0,0.5919893030077219,33,15,5,0,F M S,Sunderland,2,2.044637428596616,3.13609940931201,1.0123161990195513,2016
