id,player_name,games,time,goals,xG,assists,xA,shots,key_passes,yellow_cards,red_cards,position,team_title,npg,npxG,xGChain,xGBuildup,season
566,Sebastian Prödl,21,1774,2,1.5338504202663898,0,0.1290602032095194,13,2,5,0,D S,Watford,2,1.5338504202663898,1.9340766528621316,1.9062326410785317,2015
566,Sebastian Prödl,33,2774,1,1.8484823750331998,1,0.8706913068890572,22,10,10,1,D S,Watford,1,1.8484823750331998,3.04250480607152,2.431777410209179,2016
566,Sebastian Prödl,21,1566,0,0.9169929064810276,0,0.3209409024566412,8,2,5,0,D S,Watford,0,0.9169929064810276,1.0426293034106493,0.6432172004133463,2017
566,Sebastian Prödl,1,13,0,0,0,0,0,0,0,0,S,Watford,0,0,0,0,2018
566,Sebastian Prödl,1,57,0,0.05795770138502121,0,0,2,0,0,0,D,Watford,0,0.05795770138502121,0,0,2019
