id,player_name,games,time,goals,xG,assists,xA,shots,key_passes,yellow_cards,red_cards,position,team_title,npg,npxG,xGChain,xGBuildup,season
696,Falcao,26,1278,4,7.156317615881562,4,1.894074559211731,38,18,2,0,F S,Manchester United,4,7.156317615881562,9.530356481671333,2.6327808806672692,2014
696,Falcao,10,208,1,0.7739494126290083,0,0.09176900424063206,11,2,1,0,F S,Chelsea,1,0.7739494126290083,0.8805264085531235,0.19261359423398972,2015
