id,player_name,games,time,goals,xG,assists,xA,shots,key_passes,yellow_cards,red_cards,position,team_title,npg,npxG,xGChain,xGBuildup,season
2310,Alphonse Areola,36,3240,0,0,0,0,0,0,2,0,GK,Fulham,0,0,3.5553304702043533,3.5553304702043533,2020
2310,Alphonse Areola,1,90,0,0,0,0,0,0,0,0,GK,West Ham,0,0,0,0,2021
2310,Alphonse Areola,5,305,0,0,0,0,0,0,0,0,GK S,West Ham,0,0,0.16457169316709042,0.16457169316709042,2022
2310,Alphonse Areola,31,2715,0,0,0,0,0,0,1,0,GK,West Ham,0,0,1.7693296167999506,1.7693296167999506,2023
2310,Alphonse Areola,12,1003,0,0,0,0,0,0,0,0,GK S,West Ham,0,0,1.256328135728836,1.256328135728836,2024
2310,Alphonse Areola,12,1003,0,0,0,0,0,0,0,0,GK S,West Ham,0,0,1.256328135728836,1.256328135728836,2025
