id,player_name,games,time,goals,xG,assists,xA,shots,key_passes,yellow_cards,red_cards,position,team_title,npg,npxG,xGChain,xGBuildup,season
853,Paul Dummett,25,2111,0,1.6393335717730224,0,1.2245062170550227,18,15,4,0,D S,Newcastle United,0,1.6393335717730224,3.8165886867791414,3.242255924269557,2014
853,Paul Dummett,23,1907,1,0.2723962003365159,0,0.1616812963038683,5,4,3,0,D,Newcastle United,1,0.2723962003365159,2.419680802151561,2.126522820442915,2015
853,Paul Dummett,20,1603,0,0.22576159797608852,0,0.7111772075295448,4,6,1,0,D S,Newcastle United,0,0.22576159797608852,2.527175525203347,1.8076560143381357,2017
853,Paul Dummett,26,1976,0,0.28301640413701534,0,0.35097829811275005,9,4,1,0,D S,Newcastle United,0,0.28301640413701534,3.7821312323212624,3.462332950439304,2018
853,Paul Dummett,16,1229,0,0.024163899943232536,0,0.19808659702539444,2,4,2,0,D S,Newcastle United,0,0.024163899943232536,1.6953281154856086,1.5707185035571456,2019
853,Paul Dummett,15,1254,1,0.4440922141075134,0,0.22914470359683037,3,4,2,0,D S,Newcastle United,1,0.4440922141075134,3.159807227551937,2.9786208122968674,2020
853,Paul Dummett,3,199,0,0,0,0,0,0,2,0,D S,Newcastle United,0,0,0.15161839872598648,0.15161839872598648,2021
853,Paul Dummett,5,11,0,0,0,0,0,0,0,0,S,Newcastle United,0,0,0.03596547618508339,0.03596547618508339,2023
