id,player_name,games,time,goals,xG,assists,xA,shots,key_passes,yellow_cards,red_cards,position,team_title,npg,npxG,xGChain,xGBuildup,season
12535,Josh Acheampong,1,1,0,0,0,0,0,0,0,0,S,Chelsea,0,0,0,0,2023
12535,Josh Acheampong,2,166,0,0.16821566224098206,0,0,2,0,0,0,D,Chelsea,0,0.16821566224098206,0.6639772951602936,0.6639772951602936,2024
12535,Josh Acheampong,2,166,0,0.16821566224098206,0,0,2,0,0,0,D,Chelsea,0,0.16821566224098206,0.6639772951602936,0.6639772951602936,2025
