id,player_name,games,time,goals,xG,assists,xA,shots,key_passes,yellow_cards,red_cards,position,team_title,npg,npxG,xGChain,xGBuildup,season
865,Marko Arnautovic,29,1930,1,3.1155167492106557,5,3.5108031556010246,44,42,2,0,M S,Stoke,1,3.1155167492106557,8.556447265669703,3.459008727222681,2014
865,Marko Arnautovic,34,2836,11,12.059158718213439,6,6.117617999669164,70,50,2,0,F M S,Stoke,8,9.77568761818111,18.740881614387035,6.815894588828087,2015
865,Marko Arnautovic,32,2742,6,9.1962870080024,5,7.129753512330353,60,50,9,1,F M,Stoke,6,8.43511831946671,17.06825363636017,4.3215431571006775,2016
865,Marko Arnautovic,31,2343,11,9.801479201763868,6,4.4477998204529285,71,34,5,1,F M S,West Ham,11,9.801479201763868,13.03737136349082,2.687312562018633,2017
865,Marko Arnautovic,28,2006,10,8.936907790601254,4,3.9999511502683163,62,36,3,0,F M S,West Ham,9,8.175812758505344,12.378125626593828,2.8474413827061653,2018
