id,player_name,games,time,goals,xG,assists,xA,shots,key_passes,yellow_cards,red_cards,position,team_title,npg,npxG,xGChain,xGBuildup,season
6108,Rodrigo Bentancur,17,1376,0,0.5784619925543666,4,3.092965390533209,14,15,5,0,M S,Tottenham,0,0.5784619925543666,12.166082246229053,10.826841033995152,2021
6108,Rodrigo Bentancur,18,1516,5,2.4369436921551824,2,0.6443385947495699,15,11,8,0,M S,Tottenham,5,2.4369436921551824,8.615036329254508,6.708776051178575,2022
6108,Rodrigo Bentancur,23,1016,1,1.622593866661191,1,0.5037150774151087,18,8,7,0,M S,Tottenham,1,1.622593866661191,8.576564118266106,7.389497200027108,2023
6108,Rodrigo Bentancur,13,790,2,0.9309787955135107,0,0.1177411787211895,15,2,5,0,M S,Tottenham,2,0.9309787955135107,4.700017521157861,4.360570916905999,2024
6108,Rodrigo Bentancur,13,790,2,0.9309787955135107,0,0.1177411787211895,15,2,5,0,M S,Tottenham,2,0.9309787955135107,4.700017521157861,4.360570916905999,2025
