id,player_name,games,time,goals,xG,assists,xA,shots,key_passes,yellow_cards,red_cards,position,team_title,npg,npxG,xGChain,xGBuildup,season
493,Gabriel,6,347,0,0.04296279884874821,1,0.0274593997746706,2,1,0,0,D S,Arsenal,0,0.04296279884874821,0.8342673797160387,0.8342673797160387,2014
493,Gabriel,21,1761,1,0.9500337094068527,0,0.044633898884058,11,1,4,1,D S,Arsenal,1,0.9500337094068527,6.478983839973807,6.478983839973807,2015
493,Gabriel,19,1517,0,0.3913955921307206,0,0.26944350078701973,9,4,6,0,D S,Arsenal,0,0.3913955921307206,3.9498982802033424,3.6454091742634773,2016
