id,player_name,games,time,goals,xG,assists,xA,shots,key_passes,yellow_cards,red_cards,position,team_title,npg,npxG,xGChain,xGBuildup,season
5545,Wilfred Ndidi,17,1523,2,1.8456833129748702,1,0.9799964837729931,31,6,0,0,M,Leicester,2,1.8456833129748702,2.9463370591402054,1.896820118650794,2016
5545,Wilfred Ndidi,33,2902,0,1.5658826967701316,3,0.5101174954324961,41,11,6,2,M,Leicester,0,1.5658826967701316,7.971068240702152,6.808556106872857,2017
5545,Wilfred Ndidi,38,3305,2,3.119846511632204,0,1.6935293599963188,55,22,8,0,M S,Leicester,2,3.119846511632204,10.332129164133221,7.799395915586501,2018
5545,Wilfred Ndidi,32,2679,2,1.727272005751729,1,0.5916656069457531,26,15,6,0,M S,Leicester,2,1.727272005751729,10.079844063147902,9.054950127378106,2019
5545,Wilfred Ndidi,26,2181,1,0.5960322907194495,4,1.3334988076239824,16,16,6,0,D M S,Leicester,1,0.5960322907194495,10.230051901191473,8.725674789398909,2020
5545,Wilfred Ndidi,19,1621,0,0.5835882108658552,0,0.07641300186514854,14,2,4,0,D M S,Leicester,0,0.5835882108658552,4.509538160637021,4.185820620507002,2021
5545,Wilfred Ndidi,27,1691,0,0.15156159829348326,0,0.05307970102876425,7,3,4,0,D M S,Leicester,0,0.15156159829348326,2.460558785125613,2.331264717504382,2022
5545,Wilfred Ndidi,15,1239,0,1.2004372756928205,4,2.13533384911716,12,9,4,0,M,Leicester,0,1.2004372756928205,6.469025852158666,3.828155745752156,2024
5545,Wilfred Ndidi,15,1239,0,1.2004372756928205,4,2.13533384911716,12,9,4,0,M,Leicester,0,1.2004372756928205,6.469025852158666,3.828155745752156,2025
