id,player_name,games,time,goals,xG,assists,xA,shots,key_passes,yellow_cards,red_cards,position,team_title,npg,npxG,xGChain,xGBuildup,season
535,Manuel Lanzini,26,1941,6,4.531228398904204,2,2.8363652359694242,48,33,3,0,F M S,West Ham,6,4.531228398904204,12.438018679618835,5.984105244278908,2015
535,Manuel Lanzini,35,2727,8,6.071731213480234,2,4.006757194176316,69,57,9,0,F M S,West Ham,6,4.5493931118398905,13.376216730102897,8.287111967802048,2016
535,Manuel Lanzini,27,2054,5,3.83309031650424,6,3.7344188131392,44,41,4,0,F M S,West Ham,5,3.0719210039824247,9.272783692926168,5.11701599881053,2017
535,Manuel Lanzini,10,693,1,1.1839073151350021,1,0.9580359850078821,11,5,2,0,M S,West Ham,1,1.1839073151350021,3.1162610054016113,2.155221574008465,2018
535,Manuel Lanzini,24,1372,0,2.1417734138667583,2,2.079109814018011,23,31,1,0,F M S,West Ham,0,2.1417734138667583,5.773348860442638,3.4323984710499644,2019
535,Manuel Lanzini,17,548,1,0.9710571253672242,1,1.0017916820943356,12,11,1,0,M S,West Ham,1,0.9710571253672242,3.2326610730960965,1.5795046957209706,2020
535,Manuel Lanzini,30,1801,5,3.375077722594142,3,2.594079665839672,16,23,2,0,M S,West Ham,2,1.0915708057582378,8.181106477975845,7.256115834228694,2021
535,Manuel Lanzini,10,230,1,0.6443301560357213,0,0.33710601925849915,3,1,0,0,M S,West Ham,1,0.6443301560357213,1.1725098555907607,0.19107365049421787,2022
