id,player_name,games,time,goals,xG,assists,xA,shots,key_passes,yellow_cards,red_cards,position,team_title,npg,npxG,xGChain,xGBuildup,season
8721,Jamie Shackleton,13,446,0,0,0,0.1208777017891407,0,2,0,0,D M S,Leeds,0,0,2.193703718483448,2.193703718483448,2020
8721,Jamie Shackleton,14,692,0,0.16730489768087864,0,0.01333060022443533,4,1,4,0,D M S,Leeds,0,0.16730489768087864,1.521284120157361,1.340648977085948,2021
