id,player_name,games,time,goals,xG,assists,xA,shots,key_passes,yellow_cards,red_cards,position,team_title,npg,npxG,xGChain,xGBuildup,season
749,Christian Fuchs,32,2706,0,0.8510159999132156,4,4.107187246903777,19,45,4,0,D S,Leicester,0,0.8510159999132156,6.1988860461860895,4.834318170323968,2015
749,Christian Fuchs,36,3108,2,1.3513160282745957,4,3.4672655882313848,21,38,10,0,D S,Leicester,2,1.3513160282745957,6.171519406139851,4.742113219574094,2016
749,Christian Fuchs,25,1917,0,0.5828047916293144,1,0.9761433023959398,11,19,1,0,D S,Leicester,0,0.5828047916293144,2.8725530821830034,2.24217957444489,2017
749,Christian Fuchs,3,204,0,0.06095679849386215,0,0.20425570011138916,2,6,0,0,D S,Leicester,0,0.06095679849386215,0.43718600273132324,0.24251199513673782,2018
749,Christian Fuchs,11,760,0,0.18322479911148548,0,0.1009339988231659,5,2,0,0,D M S,Leicester,0,0.18322479911148548,4.192032672464848,4.115170694887638,2019
749,Christian Fuchs,9,703,0,0.07373149879276752,0,0.01301559992134571,4,1,4,0,D S,Leicester,0,0.07373149879276752,2.7238509003072977,2.6655489802360535,2020
