id,player_name,games,time,goals,xG,assists,xA,shots,key_passes,yellow_cards,red_cards,position,team_title,npg,npxG,xGChain,xGBuildup,season
8717,Pascal Struijk,27,2073,1,2.0286722974851727,0,0.10804758127778769,13,4,3,0,D M S,Leeds,1,2.0286722974851727,6.597728695720434,6.550255294889212,2020
8717,Pascal Struijk,29,2052,1,2.2996558295562863,0,0.4314972944557667,11,11,6,1,D M S,Leeds,1,2.2996558295562863,5.535419112071395,5.0301025332883,2021
8717,Pascal Struijk,29,2217,2,1.3350814320147038,1,2.1753706987947226,16,13,5,0,D S,Leeds,2,1.3350814320147038,5.012533586472273,3.33086527697742,2022
