id,player_name,games,time,goals,xG,assists,xA,shots,key_passes,yellow_cards,red_cards,position,team_title,npg,npxG,xGChain,xGBuildup,season
477,Brad Smith,4,281,0,0.05266290158033371,0,0.07536959648132324,1,2,1,1,D S,Liverpool,0,0.05266290158033371,0.42465650103986263,0.42465650103986263,2015
477,Brad Smith,5,274,0,0.090692900121212,0,0.0748870000243187,2,2,1,0,D S,Bournemouth,0,0.090692900121212,0.9219538122415543,0.847066804766655,2016
