id,player_name,games,time,goals,xG,assists,xA,shots,key_passes,yellow_cards,red_cards,position,team_title,npg,npxG,xGChain,xGBuildup,season
5554,Luciano Narsingh,13,400,0,0.1758510023355484,3,0.6974846012890339,2,7,0,0,F S,Swansea,0,0.1758510023355484,1.5234705843031406,0.7816392928361893,2016
5554,Luciano Narsingh,18,607,1,1.1216849964112043,0,0.9455582015216351,9,10,0,0,F S,Swansea,1,1.1216849964112043,2.355178203433752,1.0611374042928219,2017
