id,player_name,games,time,goals,xG,assists,xA,shots,key_passes,yellow_cards,red_cards,position,team_title,npg,npxG,xGChain,xGBuildup,season
7702,Dean Henderson,36,3240,0,0.03304079920053482,0,0.02186880074441433,1,1,2,0,GK,Sheffield United,0,0.03304079920053482,0.2936275973916054,0.2936275973916054,2019
7702,Dean Henderson,13,1122,0,0,0,0,0,0,3,0,GK S,Manchester United,0,0,1.281179204583168,1.281179204583168,2020
7702,Dean Henderson,18,1620,0,0,0,0,0,0,2,0,GK,Nottingham Forest,0,0,1.2316672131419182,1.2316672131419182,2022
7702,Dean Henderson,18,1620,0,0,0,0,0,0,2,0,GK,Crystal Palace,0,0,1.2326296400278807,1.2326296400278807,2023
7702,Dean Henderson,23,2070,0,0.010927668772637844,0,0.01895938441157341,1,1,3,0,GK,Crystal Palace,0,0.010927668772637844,1.7161303516477346,1.697170963510871,2024
7702,Dean Henderson,23,2070,0,0.010927668772637844,0,0.01895938441157341,1,1,3,0,GK,Crystal Palace,0,0.010927668772637844,1.7161303516477346,1.697170963510871,2025
