id,player_name,games,time,goals,xG,assists,xA,shots,key_passes,yellow_cards,red_cards,position,team_title,npg,npxG,xGChain,xGBuildup,season
759,Daniel Amartey,5,98,0,0.3933579921722412,0,0.058609601110219955,1,1,0,0,D S,Leicester,0,0.3933579921722412,1.3948473036289215,1.001487284898758,2015
759,Daniel Amartey,24,1651,1,0.829638198018074,1,0.5581089816987514,14,15,3,0,D M S,Leicester,1,0.829638198018074,2.941050013527274,2.098857215605676,2016
759,Daniel Amartey,8,487,0,0,0,0,0,0,0,1,D S,Leicester,0,0,0.27070259489119053,0.27070259489119053,2017
759,Daniel Amartey,9,637,0,0.46855129674077034,0,0.10669169947504997,4,3,2,0,D S,Leicester,0,0.46855129674077034,1.1717179948464036,1.0972910011187196,2018
759,Daniel Amartey,12,714,1,0.5421725064516068,0,0,3,0,2,0,D S,Leicester,1,0.5421725064516068,2.5317340046167374,2.4568770080804825,2020
759,Daniel Amartey,28,2111,0,0.022854629904031754,0,0.24510060250759125,2,4,4,0,D S,Leicester,0,0.022854629904031754,4.304972453974187,4.2821176359429955,2021
759,Daniel Amartey,20,1615,0,1.0540159121155739,0,0.4650263823568821,6,5,1,0,D S,Leicester,0,1.0540159121155739,3.9915253091603518,3.8186524361371994,2022
