id,player_name,games,time,goals,xG,assists,xA,shots,key_passes,yellow_cards,red_cards,position,team_title,npg,npxG,xGChain,xGBuildup,season
11363,Antoine Semenyo,11,237,1,0.3684318736195564,0,0.07599039375782013,3,2,0,0,F M S,Bournemouth,1,0.3684318736195564,1.224020279943943,0.7795986160635948,2022
11363,Antoine Semenyo,33,2141,8,6.423830641433597,2,3.799709178507328,70,29,7,0,M S,Bournemouth,8,6.423830641433597,15.41077795997262,5.7127093356102705,2023
11363,Antoine Semenyo,22,1939,7,9.632735170423985,3,4.914258576929569,86,27,5,0,F M,Bournemouth,7,9.632735170423985,18.99791717529297,6.12016929872334,2024
11363,Antoine Semenyo,22,1939,7,9.632735170423985,3,4.914258576929569,86,27,5,0,F M,Bournemouth,7,9.632735170423985,18.99791717529297,6.12016929872334,2025
