id,player_name,games,time,goals,xG,assists,xA,shots,key_passes,yellow_cards,red_cards,position,team_title,npg,npxG,xGChain,xGBuildup,season
11296,Cody Gakpo,21,1483,7,6.5545395612716675,2,2.981710772961378,39,23,0,0,F M S,Liverpool,7,6.5545395612716675,12.117870450019836,4.4253273122012615,2022
11296,Cody Gakpo,35,1640,8,8.769219513982534,5,4.2288118079304695,66,25,1,0,F M S,Liverpool,8,8.769219513982534,17.55027423426509,6.47403072565794,2023
11296,Cody Gakpo,22,1249,8,6.814706604927778,3,4.093047199770808,41,28,4,0,F M S,Liverpool,8,6.814706604927778,15.044504327699542,5.375700647942722,2024
11296,Cody Gakpo,22,1249,8,6.814706604927778,3,4.093047199770808,41,28,4,0,F M S,Liverpool,8,6.814706604927778,15.044504327699542,5.375700647942722,2025
