id,player_name,games,time,goals,xG,assists,xA,shots,key_passes,yellow_cards,red_cards,position,team_title,npg,npxG,xGChain,xGBuildup,season
111,Jannik Vestergaard,23,2033,0,0.6773964921012521,0,0.5291908904910088,14,5,2,0,D,Southampton,0,0.6773964921012521,4.7497592959553,4.323442917317152,2018
111,Jannik Vestergaard,19,1500,1,0.6769367959350348,0,0.7554684989154339,12,6,3,0,D S,Southampton,1,0.6769367959350348,3.9135320223867893,3.750415999442339,2019
111,Jannik Vestergaard,30,2571,3,2.1054085036739707,0,0.740825392305851,23,7,3,1,D S,Southampton,3,2.1054085036739707,6.064834877848625,5.990050476044416,2020
111,Jannik Vestergaard,10,561,0,0.03875559940934181,0,0.06727150082588196,1,1,2,0,D S,Leicester,0,0.03875559940934181,3.7835578061640263,3.7835578061640263,2021
111,Jannik Vestergaard,15,1217,0,0.07135773915797472,0,0.04173601604998112,2,2,5,0,D S,Leicester,0,0.07135773915797472,3.78352989628911,3.7624794729053974,2024
111,Jannik Vestergaard,15,1217,0,0.07135773915797472,0,0.04173601604998112,2,2,5,0,D S,Leicester,0,0.07135773915797472,3.78352989628911,3.7624794729053974,2025
