id,player_name,games,time,goals,xG,assists,xA,shots,key_passes,yellow_cards,red_cards,position,team_title,npg,npxG,xGChain,xGBuildup,season
495,Nacho Monreal,28,2308,0,0.3041379973292351,1,1.3779590111225843,4,12,3,0,D S,Arsenal,0,0.3041379973292351,9.092138472944498,8.257979298010468,2014
495,Nacho Monreal,37,3247,0,0.9100389927625656,3,2.9119435008615255,12,28,1,0,D S,Arsenal,0,0.9100389927625656,17.69103268161416,15.249321714043617,2015
495,Nacho Monreal,36,3152,0,1.1331041110679507,2,1.9305520094931126,12,12,5,0,D M S,Arsenal,0,1.1331041110679507,11.072828330099583,9.217105515301228,2016
495,Nacho Monreal,28,2246,5,1.9025143012404442,2,3.013729577884078,21,13,3,0,D S,Arsenal,5,1.9025143012404442,10.207653785124421,8.551952196285129,2017
495,Nacho Monreal,22,1857,1,1.228454826399684,3,2.008962827734649,7,11,5,0,D S,Arsenal,1,1.228454826399684,8.730447378009558,6.2693409295752645,2018
495,Nacho Monreal,3,270,0,0.043980300426483154,0,0.4594329968094826,1,3,0,0,D,Arsenal,0,0.043980300426483154,0.6670902036130428,0.5824291966855526,2019
