id,player_name,games,time,goals,xG,assists,xA,shots,key_passes,yellow_cards,red_cards,position,team_title,npg,npxG,xGChain,xGBuildup,season
5245,Bernardo,22,1740,0,0.3528814036399126,1,0.5762904193252325,8,10,4,0,D S,Brighton,0,0.3528814036399126,2.304969659075141,1.7213228698819876,2018
5245,Bernardo,14,678,0,0.4542922992259264,0,0.9403806142508984,7,4,1,0,D S,Brighton,0,0.4542922992259264,2.1200716234743595,1.3338906057178974,2019
5245,Bernardo,3,201,0,0.31766799092292786,0,0.17365099489688873,4,2,0,0,D M S,Brighton,0,0.31766799092292786,0.2732999920845032,0.09216470271348953,2020
