id,player_name,games,time,goals,xG,assists,xA,shots,key_passes,yellow_cards,red_cards,position,team_title,npg,npxG,xGChain,xGBuildup,season
10140,Hugo Bueno,21,1320,0,0.11245439946651459,1,1.070818241685629,4,15,1,0,D S,Wolverhampton Wanderers,0,0.11245439946651459,2.2600185442715883,1.5996279511600733,2022
10140,Hugo Bueno,22,706,0,0.2772597037255764,0,0.8462303951382637,5,5,1,0,D M S,Wolverhampton Wanderers,0,0.2772597037255764,2.2125213155522943,1.421666874550283,2023
