id,player_name,games,time,goals,xG,assists,xA,shots,key_passes,yellow_cards,red_cards,position,team_title,npg,npxG,xGChain,xGBuildup,season
803,Ben Foster,28,2488,0,0,0,0,0,0,2,0,GK,West Bromwich Albion,0,0,1.097893993370235,1.097893993370235,2014
803,Ben Foster,15,1350,0,0,0,0,0,0,1,0,GK,West Bromwich Albion,0,0,0.20529609732329845,0.20529609732329845,2015
803,Ben Foster,38,3420,0,0.03219220042228699,0,0.09182709828019142,1,2,2,0,GK,West Bromwich Albion,0,0.03219220042228699,0.6677510011941195,0.6677510011941195,2016
803,Ben Foster,37,3330,0,0,0,0.045564400032162666,0,2,2,0,GK,West Bromwich Albion,0,0,0.7630011960864067,0.7630011960864067,2017
803,Ben Foster,38,3420,0,0.016696499660611153,0,0.21406889986246824,1,5,1,0,GK,Watford,0,0.016696499660611153,2.5209076162427664,2.3592222183942795,2018
803,Ben Foster,38,3420,0,0.34580400586128235,0,0.036706600338220596,1,1,1,0,GK,Watford,0,0.34580400586128235,1.5804535951465368,1.5437475945800543,2019
803,Ben Foster,26,2340,0,0,1,0.0675887018442154,0,1,0,0,GK,Watford,0,0,2.202353198081255,2.1347644962370396,2021
