id,player_name,games,time,goals,xG,assists,xA,shots,key_passes,yellow_cards,red_cards,position,team_title,npg,npxG,xGChain,xGBuildup,season
7298,Ben White,36,3208,0,0.4792186003178358,0,0.9432324860244989,10,8,3,1,D M,Brighton,0,0.4792186003178358,8.348604042083025,7.907714944332838,2020
7298,Ben White,32,2880,0,0.6877354960888624,0,1.1921783965080976,12,13,3,0,D,Arsenal,0,0.6877354960888624,10.001042181625962,9.336444577202201,2021
7298,Ben White,38,3094,2,0.9820632422342896,5,4.293553752824664,10,27,5,0,D S,Arsenal,2,0.9820632422342896,18.13298106752336,15.288546109572053,2022
7298,Ben White,37,3024,4,2.015913512557745,4,4.758832193911076,13,38,8,0,D S,Arsenal,4,2.015913512557745,20.14929211512208,17.290449742227793,2023
7298,Ben White,9,681,0,0.11389949358999729,1,0.41159897297620773,4,3,2,0,D S,Arsenal,0,0.11389949358999729,2.0501031391322613,1.9552976004779339,2024
7298,Ben White,9,681,0,0.11389949358999729,1,0.41159897297620773,4,3,2,0,D S,Arsenal,0,0.11389949358999729,2.0501031391322613,1.9552976004779339,2025
