id,player_name,games,time,goals,xG,assists,xA,shots,key_passes,yellow_cards,red_cards,position,team_title,npg,npxG,xGChain,xGBuildup,season
6756,Dwight McNeil,1,1,0,0,0,0,0,0,0,0,S,Burnley,0,0,0,0,2017
6756,Dwight McNeil,21,1610,3,1.827620578929782,5,3.4622738044708967,27,26,2,0,M S,Burnley,3,1.827620578929782,4.028135433793068,1.98370754532516,2018
6756,Dwight McNeil,38,3360,2,1.9389333985745907,6,7.562423378229141,48,55,5,0,M,Burnley,2,1.9389333985745907,10.701591536402702,3.791262296959758,2019
6756,Dwight McNeil,36,3075,2,1.080685398541391,5,5.477007370442152,27,47,1,0,M S,Burnley,2,1.080685398541391,6.948604315519333,3.6068121027201414,2020
6756,Dwight McNeil,38,3130,0,2.4431664869189262,1,5.014778325334191,52,47,1,0,M S,Burnley,0,2.4431664869189262,10.09029270336032,4.545858952216804,2021
6756,Dwight McNeil,36,2512,7,3.8712205197662115,3,7.44360885117203,46,51,5,0,D F M S,Everton,7,3.8712205197662115,9.874688405543566,2.480967789888382,2022
6756,Dwight McNeil,35,2914,3,3.64070400595665,6,10.325187070295215,57,69,2,0,D M S,Everton,3,3.64070400595665,14.694117410108447,5.355050271376967,2023
6756,Dwight McNeil,13,1151,3,1.1516401022672653,3,4.143425122369081,22,32,1,0,M,Everton,3,1.1516401022672653,6.235654525458813,3.136098973453045,2024
6756,Dwight McNeil,13,1151,3,1.1516401022672653,3,4.143425122369081,22,32,1,0,M,Everton,3,1.1516401022672653,6.235654525458813,3.136098973453045,2025
