id,player_name,games,time,goals,xG,assists,xA,shots,key_passes,yellow_cards,red_cards,position,team_title,npg,npxG,xGChain,xGBuildup,season
12948,Mateus Fernandes,21,1680,1,4.065189134329557,2,2.8260601637884974,25,20,7,0,M S,Southampton,1,4.065189134329557,8.749039992690086,4.299420729279518,2024
12948,Mateus Fernandes,21,1680,1,4.065189134329557,2,2.8260601637884974,25,20,7,0,M S,Southampton,1,4.065189134329557,8.749039992690086,4.299420729279518,2025
