id,player_name,games,time,goals,xG,assists,xA,shots,key_passes,yellow_cards,red_cards,position,team_title,npg,npxG,xGChain,xGBuildup,season
6674,Rayan Ait Nouri,21,1414,1,0.5121663315221667,1,0.7904388774186373,16,14,1,0,D M S,Wolverhampton Wanderers,1,0.5121663315221667,2.7287225760519505,2.28505318518728,2020
6674,Rayan Ait Nouri,23,1820,1,0.5460651963949203,2,1.6456159921362996,13,17,4,0,D S,Wolverhampton Wanderers,1,0.5460651963949203,4.461308920755982,3.4812748907133937,2021
6674,Rayan Ait Nouri,21,1056,1,1.129896778613329,0,0.7609243048354983,10,7,4,0,D S,Wolverhampton Wanderers,1,1.129896778613329,3.1984555199742317,2.0771548449993134,2022
6674,Rayan Ait Nouri,33,2391,2,3.2441271310672164,1,2.3514519911259413,23,25,7,0,D M S,Wolverhampton Wanderers,2,3.2441271310672164,10.710126422345638,6.927929415367544,2023
6674,Rayan Ait Nouri,22,1918,3,2.2410437613725662,5,2.2464544363319874,19,19,5,0,D M,Wolverhampton Wanderers,3,2.2410437613725662,7.188778014853597,3.4687848202884197,2024
6674,Rayan Ait Nouri,22,1918,3,2.2410437613725662,5,2.2464544363319874,19,19,5,0,D M,Wolverhampton Wanderers,3,2.2410437613725662,7.188778014853597,3.4687848202884197,2025
