id,player_name,games,time,goals,xG,assists,xA,shots,key_passes,yellow_cards,red_cards,position,team_title,npg,npxG,xGChain,xGBuildup,season
8267,Guido Rodríguez,19,1040,0,0.16269100550562143,0,0.11436902359127998,8,3,5,0,M S,West Ham,0,0.16269100550562143,2.7014133371412754,2.5508769378066063,2024
8267,Guido Rodríguez,19,1040,0,0.16269100550562143,0,0.11436902359127998,8,3,5,0,M S,West Ham,0,0.16269100550562143,2.7014133371412754,2.5508769378066063,2025
