id,player_name,games,time,goals,xG,assists,xA,shots,key_passes,yellow_cards,red_cards,position,team_title,npg,npxG,xGChain,xGBuildup,season
6837,Ryan Sessegnon,35,2300,2,4.265976169146597,6,3.99325043335557,28,33,0,0,D F M S,Fulham,2,4.265976169146597,10.162044883705676,3.8730822009965777,2018
6837,Ryan Sessegnon,6,341,0,0.09263189882040024,0,0.04794929921627045,1,2,0,0,D M S,Tottenham,0,0.09263189882040024,0.5256646871566772,0.4015226885676384,2019
6837,Ryan Sessegnon,15,1065,0,0.3844358064234257,2,3.275636812672019,6,14,2,0,D M S,Tottenham,0,0.3844358064234257,7.321053458377719,4.77503040805459,2021
6837,Ryan Sessegnon,17,810,2,2.117515377700329,0,1.040791004896164,18,6,4,0,D S,Tottenham,2,2.117515377700329,4.331894390285015,2.0439960788935423,2022
6837,Ryan Sessegnon,2,2,0,0,0,0,0,0,0,0,S,Fulham,0,0,0,0,2024
6837,Ryan Sessegnon,2,2,0,0,0,0,0,0,0,0,S,Fulham,0,0,0,0,2025
