id,player_name,games,time,goals,xG,assists,xA,shots,key_passes,yellow_cards,red_cards,position,team_title,npg,npxG,xGChain,xGBuildup,season
6935,Naif Aguerd,18,1600,2,2.5115839689970016,0,0.6282200030982494,12,6,4,0,D S,West Ham,2,2.5115839689970016,1.3947869138792157,1.2775431917980313,2022
6935,Naif Aguerd,21,1871,1,1.6546711716800928,0,0.2851862292736769,14,4,1,1,D,West Ham,1,1.6546711716800928,3.5052518025040627,3.46653238683939,2023
