id,player_name,games,time,goals,xG,assists,xA,shots,key_passes,yellow_cards,red_cards,position,team_title,npg,npxG,xGChain,xGBuildup,season
8864,Matthew Cash,28,2389,0,0.2478914987295866,2,1.9056626800447702,9,21,6,1,D,Aston Villa,0,0.2478914987295866,6.591604145243764,5.0334585746750236,2020
8864,Matthew Cash,38,3386,4,2.4832568001002073,3,2.902315404266119,37,28,8,0,D M,Aston Villa,4,2.4832568001002073,11.00867085158825,7.563903264701366,2021
8864,Matthew Cash,26,1822,0,0.16667070053517818,1,0.46759939566254616,7,8,4,0,D M S,Aston Villa,0,0.16667070053517818,5.986693885177374,5.530507996678352,2022
8864,Matthew Cash,29,2142,2,4.486114578321576,2,2.969944916665554,33,13,8,0,D M S,Aston Villa,2,4.486114578321576,14.261767610907555,8.849687004461884,2023
8864,Matthew Cash,16,1263,1,0.29688661731779575,1,1.413464941084385,6,8,5,0,D M S,Aston Villa,1,0.29688661731779575,4.496691100299358,4.093354843556881,2024
8864,Matthew Cash,16,1263,1,0.29688661731779575,1,1.413464941084385,6,8,5,0,D M S,Aston Villa,1,0.29688661731779575,4.496691100299358,4.093354843556881,2025
