id,player_name,games,time,goals,xG,assists,xA,shots,key_passes,yellow_cards,red_cards,position,team_title,npg,npxG,xGChain,xGBuildup,season
6532,Martin Dubravka,12,1080,0,0,0,0,0,0,0,0,GK,Newcastle United,0,0,0.5088647045195103,0.5088647045195103,2017
6532,Martin Dubravka,38,3420,0,0,0,0,0,0,1,0,GK,Newcastle United,0,0,3.691717497073114,3.691717497073114,2018
6532,Martin Dubravka,38,3420,0,0,0,0,0,0,0,0,GK,Newcastle United,0,0,2.556713086552918,2.556713086552918,2019
6532,Martin Dubravka,13,1170,0,0,0,0,0,0,0,0,GK,Newcastle United,0,0,2.1202504448592663,2.1202504448592663,2020
6532,Martin Dubravka,26,2340,0,0,0,0.03341769985854626,0,2,1,0,GK,Newcastle United,0,0,1.6716708987951279,1.6382531989365816,2021
6532,Martin Dubravka,2,157,0,0,0,0,0,0,0,0,GK S,Newcastle United,0,0,0.6429070234298706,0.6429070234298706,2022
6532,Martin Dubravka,23,1983,0,0,0,0.12002640217542648,0,1,1,0,GK S,Newcastle United,0,0,3.5433348193764687,3.4233084097504616,2023
6532,Martin Dubravka,8,720,0,0,0,0,0,0,0,0,GK,Newcastle United,0,0,1.4120896756649017,1.4120896756649017,2024
6532,Martin Dubravka,8,720,0,0,0,0,0,0,0,0,GK,Newcastle United,0,0,1.4120896756649017,1.4120896756649017,2025
