id,player_name,games,time,goals,xG,assists,xA,shots,key_passes,yellow_cards,red_cards,position,team_title,npg,npxG,xGChain,xGBuildup,season
2344,Christian Atsu,5,108,0,0.2264489009976387,1,1.3633009791374207,4,5,0,0,F S,Everton,0,0.2264489009976387,2.257687985897064,1.2342770099639893,2014
2344,Christian Atsu,28,1777,2,3.9666860420256853,2,2.7802852038294077,35,24,1,0,M S,Newcastle United,2,3.9666860420256853,8.168672969564795,2.442897519096732,2017
2344,Christian Atsu,28,1464,1,2.1465520886704326,0,1.7553911916911602,28,18,2,0,M S,Newcastle United,1,2.1465520886704326,5.759218544699252,2.516271322965622,2018
2344,Christian Atsu,19,733,0,0.2463568989187479,3,0.7123024966567755,5,13,2,0,M S,Newcastle United,0,0.2463568989187479,1.5334887094795704,0.707305395975709,2019
