id,player_name,games,time,goals,xG,assists,xA,shots,key_passes,yellow_cards,red_cards,position,team_title,npg,npxG,xGChain,xGBuildup,season
8260,Erling Haaland,35,2803,36,32.761399537324905,8,5.8491098545491695,123,29,5,0,F S,Manchester City,29,27.433209866285324,31.963398084044456,3.285816218703985,2022
8260,Erling Haaland,31,2581,27,31.65399668365717,5,4.7517555598169565,122,29,1,0,F S,Manchester City,20,25.564646281301975,30.19725350290537,3.128645434975624,2023
8260,Erling Haaland,23,2039,18,19.72962237894535,2,2.6542932018637657,92,22,2,0,F,Manchester City,17,18.207284688949585,19.372284308075905,2.7264647968113422,2024
8260,Erling Haaland,23,2039,18,19.72962237894535,2,2.6542932018637657,92,22,2,0,F,Manchester City,17,18.207284688949585,19.372284308075905,2.7264647968113422,2025
