id,player_name,games,time,goals,xG,assists,xA,shots,key_passes,yellow_cards,red_cards,position,team_title,npg,npxG,xGChain,xGBuildup,season
550,Marcos Rojo,22,1767,0,1.5299106854945421,0,0.33836599718779325,16,10,6,0,D S,Manchester United,0,1.5299106854945421,5.804772457107902,5.482042836025357,2014
550,Marcos Rojo,16,1264,0,0.29596889950335026,1,0.804326593875885,8,10,3,0,D S,Manchester United,0,0.29596889950335026,1.8204301074147224,1.1858392897993326,2015
550,Marcos Rojo,21,1658,1,1.0273041892796755,0,0.2739330008625984,14,5,5,0,D S,Manchester United,1,1.0273041892796755,4.780627865344286,4.35580032505095,2016
550,Marcos Rojo,9,649,0,0.07118900027126074,0,0.07292250171303749,5,2,6,0,D S,Manchester United,0,0.07118900027126074,2.267773585394025,2.214658686891198,2017
550,Marcos Rojo,5,208,0,0.23537209257483482,0,0,6,0,2,0,D S,Manchester United,0,0.23537209257483482,0.7415014170110226,0.7083711177110672,2018
550,Marcos Rojo,3,119,0,0.13206900656223297,0,0,1,0,1,0,D S,Manchester United,0,0.13206900656223297,0.03241939935833216,0.03241939935833216,2019
