id,player_name,games,time,goals,xG,assists,xA,shots,key_passes,yellow_cards,red_cards,position,team_title,npg,npxG,xGChain,xGBuildup,season
8430,Chris Richards,9,432,0,0.6922851279377937,0,0.45222198963165283,4,1,0,0,D S,Crystal Palace,0,0.6922851279377937,0.3347281888127327,0.3347281888127327,2022
8430,Chris Richards,26,2085,1,0.6396042630076408,1,0.6775753749534488,11,6,3,0,D M S,Crystal Palace,1,0.6396042630076408,5.3978734547272325,4.986880736425519,2023
8430,Chris Richards,12,890,0,0.20810361579060555,0,0.11428104154765606,4,2,1,0,D S,Crystal Palace,0,0.20810361579060555,2.074111795052886,1.9598307441920042,2024
8430,Chris Richards,12,890,0,0.20810361579060555,0,0.11428104154765606,4,2,1,0,D S,Crystal Palace,0,0.20810361579060555,2.074111795052886,1.9598307441920042,2025
