id,player_name,games,time,goals,xG,assists,xA,shots,key_passes,yellow_cards,red_cards,position,team_title,npg,npxG,xGChain,xGBuildup,season
835,Ryan Bertrand,34,3057,2,0.9820248726755381,2,3.7352884113788605,14,26,3,1,D M,Southampton,2,0.9820248726755381,11.753734475001693,8.78468501009047,2014
835,Ryan Bertrand,32,2880,1,1.4651850974187255,3,3.4410766353830695,12,22,6,0,D M,Southampton,0,0.7040162933990359,8.203246200457215,6.43518764898181,2015
835,Ryan Bertrand,28,2509,2,0.6660360107198358,4,2.694297209382057,19,28,3,0,D,Southampton,2,0.6660360107198358,8.266150183975697,6.5086263827979565,2016
835,Ryan Bertrand,35,3138,0,2.0217595295980573,4,2.821567341685295,20,35,2,0,D,Southampton,0,2.0217595295980573,8.787456028163433,6.1466497592628,2017
835,Ryan Bertrand,24,2160,1,1.2571101244539022,0,1.722819484770298,16,23,8,0,D,Southampton,1,1.2571101244539022,7.210838504135609,5.166143758222461,2018
835,Ryan Bertrand,32,2742,1,2.061922488734126,1,3.522445285692811,19,30,3,1,D M S,Southampton,1,2.061922488734126,8.074739373289049,5.929435561411083,2019
835,Ryan Bertrand,29,2600,0,0.37492010183632374,1,1.3952976930886507,8,13,5,0,D,Southampton,0,0.37492010183632374,5.361662004143,4.8138942969962955,2020
835,Ryan Bertrand,4,340,0,0,0,0,0,0,1,0,D,Leicester,0,0,1.6839202903211117,1.6839202903211117,2021
