id,player_name,games,time,goals,xG,assists,xA,shots,key_passes,yellow_cards,red_cards,position,team_title,npg,npxG,xGChain,xGBuildup,season
892,Stephen Kingsley,4,357,0,0.016241900622844696,1,0.6693355739116669,1,2,0,0,D,Swansea,0,0.016241900622844696,0.9202796816825867,0.2651877924799919,2015
892,Stephen Kingsley,13,1038,0,0.10324509628117085,0,0.1447409000247717,4,4,0,0,D S,Swansea,0,0.10324509628117085,1.1831487957388163,1.0493594855070114,2016
