id,player_name,games,time,goals,xG,assists,xA,shots,key_passes,yellow_cards,red_cards,position,team_title,npg,npxG,xGChain,xGBuildup,season
740,Sebastian Larsson,36,3079,3,2.7219163924455643,3,3.486309329047799,45,58,10,0,M,Sunderland,3,2.7219163924455643,8.626348610967398,5.843435467220843,2014
740,Sebastian Larsson,18,531,0,0.34777030069381,1,0.7345791906118393,7,7,2,0,M S,Sunderland,0,0.34777030069381,1.7659752909094095,1.0161084337159991,2015
740,Sebastian Larsson,21,1472,0,0.7138744089752436,1,1.9478583820164204,16,23,4,1,M S,Sunderland,0,0.7138744089752436,2.19078815728426,1.4367265794426203,2016
