id,player_name,games,time,goals,xG,assists,xA,shots,key_passes,yellow_cards,red_cards,position,team_title,npg,npxG,xGChain,xGBuildup,season
13026,Luis Guilherme,5,36,0,0.019988445565104485,0,0.030280716717243195,1,1,0,0,S,West Ham,0,0.019988445565104485,0.019988445565104485,0,2024
13026,Luis Guilherme,5,36,0,0.019988445565104485,0,0.030280716717243195,1,1,0,0,S,West Ham,0,0.019988445565104485,0.019988445565104485,0,2025
