id,player_name,games,time,goals,xG,assists,xA,shots,key_passes,yellow_cards,red_cards,position,team_title,npg,npxG,xGChain,xGBuildup,season
1690,Sam Clucas,37,3195,3,2.7785697178915143,1,1.5413982747122645,42,15,9,1,D M S,Hull,3,2.7785697178915143,7.731717757880688,4.405732207000256,2016
1690,Sam Clucas,29,2043,3,1.9397044219076633,1,0.988725827075541,18,15,2,0,D M S,Swansea,3,1.9397044219076633,4.25121492985636,2.1136740054935217,2017
