id,player_name,games,time,goals,xG,assists,xA,shots,key_passes,yellow_cards,red_cards,position,team_title,npg,npxG,xGChain,xGBuildup,season
6418,Hamza Choudhury,8,376,0,0.0358432000502944,1,0.21633900701999664,2,1,1,0,M S,Leicester,0,0.0358432000502944,1.0938448086380959,0.8775055110454559,2017
6418,Hamza Choudhury,9,597,0,0.4746321067214012,0,0.5052472064271569,4,5,0,0,M S,Leicester,0,0.4746321067214012,1.9858068199828267,1.0719108618795872,2018
6418,Hamza Choudhury,20,879,1,0.3366533014923334,1,0.11283760145306587,7,4,2,1,M S,Leicester,1,0.3366533014923334,2.7457803431898355,2.52809052541852,2019
6418,Hamza Choudhury,10,312,0,0.447797492146492,0,0,4,0,1,0,M S,Leicester,0,0.447797492146492,2.327859029173851,1.9456680417060852,2020
6418,Hamza Choudhury,6,289,0,0.020226800814270973,0,0,1,0,1,0,D M S,Leicester,0,0.020226800814270973,2.0293576195836067,2.0293576195836067,2021
6418,Hamza Choudhury,4,125,0,0,0,0.3993283584713936,0,2,0,0,M S,Leicester,0,0,0.658692367374897,0.31169407814741135,2024
6418,Hamza Choudhury,4,125,0,0,0,0.3993283584713936,0,2,0,0,M S,Leicester,0,0,0.658692367374897,0.31169407814741135,2025
