id,player_name,games,time,goals,xG,assists,xA,shots,key_passes,yellow_cards,red_cards,position,team_title,npg,npxG,xGChain,xGBuildup,season
9040,Conor Gallagher,30,2529,2,1.542326182126999,2,1.4182883203029633,29,21,11,0,M S,West Bromwich Albion,2,1.542326182126999,5.059539873152971,3.1247856905683875,2020
9040,Conor Gallagher,34,2863,8,7.672960817813873,3,4.143168058246374,52,39,10,0,M S,Crystal Palace,8,7.672960817813873,14.211974430829287,5.389095585793257,2021
9040,Conor Gallagher,35,1590,3,2.5371697302907705,1,2.6282018795609474,28,21,9,1,M S,Chelsea,3,2.5371697302907705,8.282571202144027,3.5983629543334246,2022
9040,Conor Gallagher,37,3171,5,4.717563968151808,7,5.792711144313216,48,52,7,1,M,Chelsea,5,4.717563968151808,25.90884201787412,18.712417108938098,2023
