id,player_name,games,time,goals,xG,assists,xA,shots,key_passes,yellow_cards,red_cards,position,team_title,npg,npxG,xGChain,xGBuildup,season
8666,Cheick Oumar Doucoure,34,2825,0,0.9975933516398072,3,2.030144080519676,36,26,8,1,M,Crystal Palace,0,0.9975933516398072,8.899869498796761,7.7755043944343925,2022
8666,Cheick Oumar Doucoure,11,926,0,0.1988849276676774,0,0.7361565185710788,6,10,2,0,M,Crystal Palace,0,0.1988849276676774,3.296035975217819,2.666292503476143,2023
8666,Cheick Oumar Doucoure,13,439,0,0.3654052410274744,0,0.013936278410255909,7,1,1,0,M S,Crystal Palace,0,0.3654052410274744,3.558414466679096,3.2809753883630037,2024
8666,Cheick Oumar Doucoure,13,439,0,0.3654052410274744,0,0.013936278410255909,7,1,1,0,M S,Crystal Palace,0,0.3654052410274744,3.558414466679096,3.2809753883630037,2025
