id,player_name,games,time,goals,xG,assists,xA,shots,key_passes,yellow_cards,red_cards,position,team_title,npg,npxG,xGChain,xGBuildup,season
514,Jason Puncheon,37,2823,6,2.794277905486524,7,5.305931127630174,65,65,7,1,F M S,Crystal Palace,6,2.794277905486524,8.85564645100385,4.6230769054964185,2014
514,Jason Puncheon,31,2647,2,3.8735057078301907,3,4.142699588090181,54,59,3,0,F M,Crystal Palace,2,3.8735057078301907,10.056628016754985,5.015376521274447,2015
514,Jason Puncheon,36,3099,0,1.7941933497786522,5,5.027023102156818,45,60,9,0,M S,Crystal Palace,0,1.7941933497786522,6.893292895518243,4.80950806196779,2016
514,Jason Puncheon,10,560,0,1.378137692809105,0,0.43081729486584663,10,5,5,0,M S,Crystal Palace,0,1.378137692809105,2.2230249792337418,0.7845398038625717,2017
514,Jason Puncheon,11,389,0,0.6146683916449547,0,0.8430846873670816,6,5,1,0,M S,"Crystal Palace,Huddersfield",0,0.6146683916449547,1.364948034286499,0.31283061392605305,2018
