id,player_name,games,time,goals,xG,assists,xA,shots,key_passes,yellow_cards,red_cards,position,team_title,npg,npxG,xGChain,xGBuildup,season
9415,Jaden Philogene-Bidace,1,1,0,0,0,0,0,0,0,0,S,Aston Villa,0,0,0.056043900549411774,0.056043900549411774,2020
9415,Jaden Philogene-Bidace,1,1,0,0,0,0,0,0,0,0,S,Aston Villa,0,0,0,0,2021
9415,Jaden Philogene-Bidace,1,1,0,0,0,0,0,0,0,0,S,Aston Villa,0,0,0.10713136941194534,0.10713136941194534,2023
9415,Jaden Philogene-Bidace,13,419,0,0.5981500707566738,0,0.08889131247997284,7,1,2,1,M S,"Aston Villa,Ipswich",0,0.5981500707566738,1.718831205740571,1.3916381560266018,2024
9415,Jaden Philogene-Bidace,13,419,0,0.5981500707566738,0,0.08889131247997284,7,1,2,1,M S,"Aston Villa,Ipswich",0,0.5981500707566738,1.718831205740571,1.3916381560266018,2025
