id,player_name,games,time,goals,xG,assists,xA,shots,key_passes,yellow_cards,red_cards,position,team_title,npg,npxG,xGChain,xGBuildup,season
7338,Bryan Gil Salvatierra,9,76,0,0.10067100077867508,0,0.10442430153489113,1,2,0,0,S,Tottenham,0,0.10067100077867508,0.9023013021796942,0.7428102996200323,2021
7338,Bryan Gil Salvatierra,4,148,0,0.07246559858322144,1,0.2734795957803726,2,2,1,0,F M S,Tottenham,0,0.07246559858322144,0.9004369974136353,0.5544919967651367,2022
7338,Bryan Gil Salvatierra,11,182,0,0.7904373183846474,0,0.19244391098618507,4,4,0,0,M S,Tottenham,0,0.7904373183846474,2.1181607861071825,1.3597642369568348,2023
