id,player_name,games,time,goals,xG,assists,xA,shots,key_passes,yellow_cards,red_cards,position,team_title,npg,npxG,xGChain,xGBuildup,season
5552,Nick Pope,35,3115,0,0,0,0.19909700378775597,0,4,3,0,GK S,Burnley,0,0,0.548972686752677,0.5011657867580652,2017
5552,Nick Pope,38,3420,0,0,0,0.19970639795064926,0,3,1,0,GK,Burnley,0,0,2.2495602518320084,2.0879275538027287,2019
5552,Nick Pope,32,2880,0,0,0,0.08605049923062325,0,2,1,0,GK,Burnley,0,0,1.1779347462579608,1.09188465308398,2020
5552,Nick Pope,36,3240,0,0,0,0.07061230018734932,0,2,1,0,GK,Burnley,0,0,3.3429428171366453,3.272330516949296,2021
5552,Nick Pope,37,3261,0,0,0,0.017421899363398552,0,1,3,1,GK,Newcastle United,0,0,6.256090926006436,6.238660858944058,2022
5552,Nick Pope,15,1347,0,0.016498630866408348,0,0,1,0,1,0,GK,Newcastle United,0,0.016498630866408348,4.397169943898916,4.397169943898916,2023
5552,Nick Pope,15,1350,0,0,0,0,0,0,2,0,GK,Newcastle United,0,0,2.570864222943783,2.570864222943783,2024
5552,Nick Pope,15,1350,0,0,0,0,0,0,2,0,GK,Newcastle United,0,0,2.570864222943783,2.570864222943783,2025
