id,player_name,games,time,goals,xG,assists,xA,shots,key_passes,yellow_cards,red_cards,position,team_title,npg,npxG,xGChain,xGBuildup,season
3300,Christopher Nkunku,11,416,3,2.4121735505759716,0,0.2275804504752159,16,3,0,0,F M S,Chelsea,3,2.4121735505759716,4.83782403729856,2.7286274563521147,2023
3300,Christopher Nkunku,19,377,2,3.764100208878517,1,1.5273872204124928,15,9,1,0,F M S,Chelsea,2,3.764100208878517,4.740162338130176,0.567122052423656,2024
3300,Christopher Nkunku,19,377,2,3.764100208878517,1,1.5273872204124928,15,9,1,0,F M S,Chelsea,2,3.764100208878517,4.740162338130176,0.567122052423656,2025
