id,player_name,games,time,goals,xG,assists,xA,shots,key_passes,yellow_cards,red_cards,position,team_title,npg,npxG,xGChain,xGBuildup,season
5221,Leon Bailey,18,723,1,1.4925615042448044,2,0.6773803047835827,21,7,3,0,F M S,Aston Villa,1,1.4925615042448044,2.510905209928751,0.6678759902715683,2021
5221,Leon Bailey,33,2031,4,4.778411947190762,4,5.5339578883722425,51,30,4,0,F M S,Aston Villa,4,4.778411947190762,13.001362528651953,3.578845404088497,2022
5221,Leon Bailey,35,2112,10,6.4655649326741695,9,10.299157902598381,53,51,5,0,F M S,Aston Villa,10,6.4655649326741695,17.98974223807454,6.671372391283512,2023
5221,Leon Bailey,19,1017,1,2.3001037761569023,2,2.372280452400446,22,16,2,0,M S,Aston Villa,1,2.3001037761569023,5.413789853453636,1.90491346642375,2024
5221,Leon Bailey,19,1017,1,2.3001037761569023,2,2.372280452400446,22,16,2,0,M S,Aston Villa,1,2.3001037761569023,5.413789853453636,1.90491346642375,2025
