id,player_name,games,time,goals,xG,assists,xA,shots,key_passes,yellow_cards,red_cards,position,team_title,npg,npxG,xGChain,xGBuildup,season
3585,Said Benrahma,30,1381,1,2.455936680547893,6,5.114552590996027,35,27,0,0,M S,West Ham,1,2.455936680547893,10.364191408269107,3.779580977745354,2020
3585,Said Benrahma,32,2208,8,6.1550276800990105,6,4.772110963240266,63,32,0,0,F M S,West Ham,8,6.1550276800990105,13.894504733383656,4.217210453003645,2021
3585,Said Benrahma,35,2070,6,6.350573148578405,3,4.756499437615275,73,48,0,0,F M S,West Ham,2,3.3058972023427486,8.221184162423015,2.454255508258939,2022
3585,Said Benrahma,13,619,0,1.9243336878716946,1,1.6338380239903927,19,11,1,0,M S,West Ham,0,1.1631648428738117,4.428546093404293,1.7844416052103043,2023
