id,player_name,games,time,goals,xG,assists,xA,shots,key_passes,yellow_cards,red_cards,position,team_title,npg,npxG,xGChain,xGBuildup,season
3600,Serge Aurier,17,1432,2,0.7677816124632955,2,2.6423257868736982,15,15,1,1,D S,Tottenham,2,0.7677816124632955,6.452097095549107,4.345897011458874,2017
3600,Serge Aurier,8,566,0,0.1369271967560053,2,1.259202066808939,4,6,1,0,D S,Tottenham,0,0.1369271967560053,3.3229669220745564,2.508417584002018,2018
3600,Serge Aurier,33,2716,1,0.48477480188012123,5,3.6023106314241886,13,33,2,1,D M S,Tottenham,1,0.48477480188012123,10.132185474038124,6.7963657062500715,2019
3600,Serge Aurier,19,1619,2,1.4752713814377785,3,3.7193957716226578,15,17,0,0,D M,Tottenham,2,1.4752713814377785,8.711730375885963,5.293094374239445,2020
3600,Serge Aurier,24,1958,1,0.6691436963155866,0,0.802479786798358,9,10,2,0,D S,Nottingham Forest,1,0.6691436963155866,3.0493084993213415,2.7344142459332943,2022
3600,Serge Aurier,12,843,0,0.20426762104034424,2,0.6003383956849575,6,3,2,0,D S,Nottingham Forest,0,0.20426762104034424,2.7418938018381596,2.1127189621329308,2023
