id,player_name,games,time,goals,xG,assists,xA,shots,key_passes,yellow_cards,red_cards,position,team_title,npg,npxG,xGChain,xGBuildup,season
12758,Mats Wieffer,13,455,1,0.6907121147960424,1,0.23436692915856838,5,4,2,0,M S,Brighton,1,0.6907121147960424,2.587665496394038,2.068122895434499,2024
12758,Mats Wieffer,13,455,1,0.6907121147960424,1,0.23436692915856838,5,4,2,0,M S,Brighton,1,0.6907121147960424,2.587665496394038,2.068122895434499,2025
