id,player_name,games,time,goals,xG,assists,xA,shots,key_passes,yellow_cards,red_cards,position,team_title,npg,npxG,xGChain,xGBuildup,season
9679,Rico Henry,34,2796,3,1.899935700930655,0,1.872443387284875,14,18,2,0,D M S,Brentford,3,1.899935700930655,9.128159390762448,6.301865139976144,2021
9679,Rico Henry,37,3260,0,1.945255502127111,2,3.062078721821308,22,23,4,0,D,Brentford,0,1.945255502127111,9.578056741505861,5.399344060570002,2022
9679,Rico Henry,5,401,0,0.045370095409452915,1,0.7904934585094452,2,4,1,0,D,Brentford,0,0.045370095409452915,2.13233545422554,1.4655016660690308,2023
9679,Rico Henry,1,2,0,0,0,0,0,0,0,0,S,Brentford,0,0,0.31392452120780945,0.31392452120780945,2024
9679,Rico Henry,1,2,0,0,0,0,0,0,0,0,S,Brentford,0,0,0.31392452120780945,0.31392452120780945,2025
