id,player_name,games,time,goals,xG,assists,xA,shots,key_passes,yellow_cards,red_cards,position,team_title,npg,npxG,xGChain,xGBuildup,season
511,Damien Delaney,29,2430,0,0.7433970961719751,0,0.7396336989477277,13,8,6,1,D S,Crystal Palace,0,0.7433970961719751,2.1144097167998552,1.757927181199193,2014
511,Damien Delaney,32,2880,2,1.834194477647543,3,2.6911376118659973,21,10,2,0,D,Crystal Palace,2,1.834194477647543,3.014546509832144,1.73640001937747,2015
511,Damien Delaney,30,1999,0,0.21442625764757395,2,1.6946072950959206,5,6,8,0,D S,Crystal Palace,0,0.21442625764757395,1.6368580721318722,1.1091085858643055,2016
511,Damien Delaney,2,94,0,0,0,0,0,0,0,0,D S,Crystal Palace,0,0,0,0,2017
