id,player_name,games,time,goals,xG,assists,xA,shots,key_passes,yellow_cards,red_cards,position,team_title,npg,npxG,xGChain,xGBuildup,season
608,Alberto Moreno,28,2273,2,1.9355693021789193,0,1.6584648666903377,18,34,6,0,D M S,Liverpool,2,1.9355693021789193,6.778580931946635,3.963448455557227,2014
608,Alberto Moreno,32,2546,1,1.65450559835881,4,4.2261937954463065,36,61,3,0,D M S,Liverpool,1,1.65450559835881,11.850028944201767,7.7277633948251605,2015
608,Alberto Moreno,12,282,0,0.20995590463280678,1,0.3072495013475418,3,5,1,0,D S,Liverpool,0,0.20995590463280678,2.125503284856677,1.915546776726842,2016
608,Alberto Moreno,16,1262,0,0.4868068788200617,0,0.8854626817628741,12,15,1,0,D S,Liverpool,0,0.4868068788200617,5.433987632393837,4.471316161565483,2017
608,Alberto Moreno,2,156,0,0.02153879962861538,0,0.1352580040693283,1,3,0,0,D,Liverpool,0,0.02153879962861538,0.5720919966697693,0.43683499097824097,2018
