id,player_name,games,time,goals,xG,assists,xA,shots,key_passes,yellow_cards,red_cards,position,team_title,npg,npxG,xGChain,xGBuildup,season
9524,Anthony Elanga,2,157,1,0.5518710017204285,0,0.02072560042142868,2,1,0,0,F M,Manchester United,1,0.5518710017204285,0.8420460224151611,0.8213210105895996,2020
9524,Anthony Elanga,21,1218,2,2.981153290718794,2,1.9335426688194275,21,9,0,0,F M S,Manchester United,2,2.981153290718794,5.969549503177404,2.20174378529191,2021
9524,Anthony Elanga,16,408,0,1.2088623978197575,1,1.1436329931020737,10,6,0,0,M S,Manchester United,0,1.2088623978197575,3.7241838313639164,1.8017782215029001,2022
9524,Anthony Elanga,36,2430,5,6.7731207851320505,9,7.090984374284744,54,33,1,0,F M S,Nottingham Forest,5,6.7731207851320505,17.626320507377386,5.61586544662714,2023
9524,Anthony Elanga,23,1399,3,3.5526118744164705,5,3.226994162425399,26,30,1,0,M S,Nottingham Forest,3,3.5526118744164705,7.686120430007577,2.849016349762678,2024
9524,Anthony Elanga,23,1399,3,3.5526118744164705,5,3.226994162425399,26,30,1,0,M S,Nottingham Forest,3,3.5526118744164705,7.686120430007577,2.849016349762678,2025
