id,player_name,games,time,goals,xG,assists,xA,shots,key_passes,yellow_cards,red_cards,position,team_title,npg,npxG,xGChain,xGBuildup,season
3873,Ezequiel Schelotto,20,1314,0,0.21617520228028297,0,0.5560560114681721,6,5,3,0,D M S,Brighton,0,0.21617520228028297,2.4424998108297586,1.7557587213814259,2017
3873,Ezequiel Schelotto,8,362,0,0.2549653984606266,0,0,4,0,1,0,D S,Brighton,0,0.2549653984606266,0.49947990104556084,0.24451449885964394,2019
