id,player_name,games,time,goals,xG,assists,xA,shots,key_passes,yellow_cards,red_cards,position,team_title,npg,npxG,xGChain,xGBuildup,season
6062,Isaac Hayden,26,1370,1,0.8404327025637031,0,0.6397889088839293,14,11,7,0,D M S,Newcastle United,1,0.8404327025637031,3.2734248638153076,2.1752046830952168,2017
6062,Isaac Hayden,25,1865,1,0.8647690005600452,4,2.4501220830716193,22,22,3,1,D M S,Newcastle United,1,0.8647690005600452,5.393953524529934,2.8308156207203865,2018
6062,Isaac Hayden,29,2224,1,1.3907354967668653,2,2.533773982897401,18,15,4,1,D M S,Newcastle United,1,1.3907354967668653,7.829531567171216,4.893850185908377,2019
6062,Isaac Hayden,24,1946,0,0.6148465005680919,0,0.24249639827758074,16,7,8,0,D M S,Newcastle United,0,0.6148465005680919,4.556475481018424,4.089187795296311,2020
6062,Isaac Hayden,14,1008,1,0.2894266080111265,0,0.05937799997627735,5,2,5,0,D M S,Newcastle United,1,0.2894266080111265,1.0659864582121372,0.9370960630476475,2021
