id,player_name,games,time,goals,xG,assists,xA,shots,key_passes,yellow_cards,red_cards,position,team_title,npg,npxG,xGChain,xGBuildup,season
1389,Jorginho,37,3179,2,1.2965881181880832,0,3.072841225191951,19,30,8,0,M,Chelsea,1,0.5354191018268466,16.370103682391346,15.058904523961246,2018
1389,Jorginho,31,2391,4,3.097004462964833,2,2.916515958495438,12,23,10,0,M S,Chelsea,1,0.8134977789595723,15.918034810572863,14.992465227842331,2019
1389,Jorginho,28,2022,7,6.972690639086068,1,1.9548698784783483,14,24,2,0,M S,Chelsea,0,0.12224530149251223,11.383733398281038,10.878981369547546,2020
1389,Jorginho,29,2285,6,5.913266050629318,2,2.892731610685587,16,27,5,0,M S,Chelsea,0,0.5850790916010737,16.201842039823532,15.193452835083008,2021
1389,Jorginho,32,2138,2,1.7956794500350952,1,0.5555977635085583,11,12,4,0,M S,"Arsenal,Chelsea",0,0.27334141731262207,11.183870004490018,10.591356659308076,2022
1389,Jorginho,24,911,0,0.08004274033010006,2,1.5529427882283926,4,10,1,0,M S,Arsenal,0,0.08004274033010006,6.152929972857237,5.498104698956013,2023
1389,Jorginho,10,468,0,0.03698921576142311,0,0.4611985944211483,1,3,3,0,M S,Arsenal,0,0.03698921576142311,2.7330000810325146,2.294311683624983,2024
1389,Jorginho,10,468,0,0.03698921576142311,0,0.4611985944211483,1,3,3,0,M S,Arsenal,0,0.03698921576142311,2.7330000810325146,2.294311683624983,2025
