id,player_name,games,time,goals,xG,assists,xA,shots,key_passes,yellow_cards,red_cards,position,team_title,npg,npxG,xGChain,xGBuildup,season
1784,Jérémy Pied,4,119,0,0.09670139849185944,0,0.07148980349302292,3,1,0,0,D S,Southampton,0,0.09670139849185944,0.5148207955062389,0.4181193970143795,2016
1784,Jérémy Pied,2,180,0,0.028276700526475906,1,0.24314800649881363,2,2,0,0,D,Southampton,0,0.028276700526475906,0.4706539958715439,0.21417270600795746,2017
