id,player_name,games,time,goals,xG,assists,xA,shots,key_passes,yellow_cards,red_cards,position,team_title,npg,npxG,xGChain,xGBuildup,season
561,Joe Rothwell,20,1028,0,0.14882860332727432,1,1.1982360780239105,3,8,1,0,M S,Bournemouth,0,0.14882860332727432,2.3981422232463956,2.1275645093992352,2022
561,Joe Rothwell,11,370,0,0.04971148632466793,0,0.1371351620182395,2,4,0,0,M S,Bournemouth,0,0.04971148632466793,1.69688056781888,1.6346725337207317,2023
