id,player_name,games,time,goals,xG,assists,xA,shots,key_passes,yellow_cards,red_cards,position,team_title,npg,npxG,xGChain,xGBuildup,season
8845,Hee-Chan Hwang,30,1804,5,4.1964055839926,1,1.6057070260867476,27,15,2,0,F M S,Wolverhampton Wanderers,5,4.1964055839926,8.480338854715228,3.6125980131328106,2021
8845,Hee-Chan Hwang,27,1117,3,2.164069874212146,1,0.8787439614534378,18,10,1,0,F M S,Wolverhampton Wanderers,3,2.164069874212146,3.7333290316164494,0.9231963371858001,2022
8845,Hee-Chan Hwang,29,2154,12,8.681871520355344,3,3.1403315979987383,45,17,6,0,F M S,Wolverhampton Wanderers,11,7.920702653005719,12.023936153389513,2.6239349097013474,2023
8845,Hee-Chan Hwang,16,587,2,0.7990479003638029,0,0.2850785907357931,5,3,0,0,F M S,Wolverhampton Wanderers,2,0.7990479003638029,1.885648563504219,0.8365308754146099,2024
8845,Hee-Chan Hwang,16,587,2,0.7990479003638029,0,0.2850785907357931,5,3,0,0,F M S,Wolverhampton Wanderers,2,0.7990479003638029,1.885648563504219,0.8365308754146099,2025
