id,player_name,games,time,goals,xG,assists,xA,shots,key_passes,yellow_cards,red_cards,position,team_title,npg,npxG,xGChain,xGBuildup,season
1685,Ahmed Elmohamady,38,3420,2,1.9130437867715955,5,4.916644488461316,16,64,4,0,D M,Hull,2,1.9130437867715955,9.79304325580597,4.9347074665129185,2014
1685,Ahmed Elmohamady,33,2509,0,0.21881670132279396,2,1.8537243753671646,9,26,3,1,D M S,Hull,0,0.21881670132279396,4.169781172648072,3.26802646741271,2016
1685,Ahmed Elmohamady,18,1007,1,0.19573410134762526,1,2.220943322405219,5,22,1,0,D M S,Aston Villa,1,0.19573410134762526,3.627543732523918,2.725653551518917,2019
1685,Ahmed Elmohamady,14,823,0,0.34127279929816723,0,0.9894655756652355,9,13,2,0,D S,Aston Villa,0,0.34127279929816723,2.426967915147543,1.610212106257677,2020
