id,player_name,games,time,goals,xG,assists,xA,shots,key_passes,yellow_cards,red_cards,position,team_title,npg,npxG,xGChain,xGBuildup,season
1053,Keinan Davis,18,514,0,1.985923521220684,0,0.18036619946360588,17,6,0,0,F S,Aston Villa,0,1.985923521220684,2.6382866194471717,1.3067813031375408,2019
1053,Keinan Davis,15,240,1,1.268774088472128,1,0.6846188846975565,9,6,0,0,F S,Aston Villa,1,1.268774088472128,1.9646081924438477,0.3350831884890795,2020
1053,Keinan Davis,1,10,0,0,0,0,0,0,0,0,S,Aston Villa,0,0,0.02824229933321476,0.02824229933321476,2021
