id,player_name,games,time,goals,xG,assists,xA,shots,key_passes,yellow_cards,red_cards,position,team_title,npg,npxG,xGChain,xGBuildup,season
200,Andreas Christensen,1,9,0,0,0,0,0,0,0,0,S,Chelsea,0,0,0.016525400802493095,0.016525400802493095,2014
200,Andreas Christensen,27,2080,0,0.9954800978302956,0,0.1327016968280077,12,4,0,0,D S,Chelsea,0,0.9954800978302956,5.8790369760245085,5.861930176615715,2017
200,Andreas Christensen,8,614,0,0,0,0,0,0,1,0,D S,Chelsea,0,0,2.413802243769169,2.413802243769169,2018
200,Andreas Christensen,21,1758,0,0.6141439154744148,0,0.8512685894966125,7,4,5,0,D,Chelsea,0,0.6141439154744148,6.5984344854950905,6.253278486430645,2019
200,Andreas Christensen,17,1375,0,0.12940829992294312,0,0.25010460056364536,3,6,2,1,D S,Chelsea,0,0.12940829992294312,7.441709998995066,7.276740927249193,2020
200,Andreas Christensen,19,1499,0,0.7990248026326299,0,0.19266070052981377,5,6,2,0,D S,Chelsea,0,0.7990248026326299,8.302750419825315,8.291616421192884,2021
