id,player_name,games,time,goals,xG,assists,xA,shots,key_passes,yellow_cards,red_cards,position,team_title,npg,npxG,xGChain,xGBuildup,season
6477,Cenk Tosun,14,998,5,3.18513151537627,0,1.7238552728667855,19,15,0,0,F S,Everton,5,3.18513151537627,5.563625156879425,1.1438306123018265,2017
6477,Cenk Tosun,25,1036,3,4.990844622254372,3,0.9619662938639522,37,13,3,0,F S,Everton,3,4.990844622254372,5.439723916351795,0.8459425028413534,2018
6477,Cenk Tosun,10,467,2,1.9128851145505905,0,0.6228389116004109,15,5,0,0,F S,"Crystal Palace,Everton",2,1.9128851145505905,2.3203848376870155,0.2623029053211212,2019
6477,Cenk Tosun,5,37,0,0,0,0.07407929748296738,0,1,2,0,S,Everton,0,0,0.10806600004434586,0.03398720175027847,2020
6477,Cenk Tosun,1,2,0,0,0,0,0,0,0,0,S,Everton,0,0,0.01560330018401146,0.01560330018401146,2021
