id,player_name,games,time,goals,xG,assists,xA,shots,key_passes,yellow_cards,red_cards,position,team_title,npg,npxG,xGChain,xGBuildup,season
498,Alexis Sánchez,35,2967,16,13.45174823794514,8,8.494180873036385,122,82,4,0,F M S,Arsenal,16,12.690581277944148,27.15757017582655,10.736756768077612,2014
498,Alexis Sánchez,30,2463,13,13.104378208518028,4,8.5547467879951,107,62,1,0,M S,Arsenal,13,13.104378208518028,27.01940680295229,11.864848758094013,2015
498,Alexis Sánchez,38,3233,24,17.724455885589123,10,8.988114705309272,129,78,6,0,F M S,Arsenal,22,15.440943889319897,27.14119878038764,9.086725620552897,2016
498,Alexis Sánchez,31,2562,9,11.422600204125047,6,7.917656555771828,88,77,5,0,F M S,"Arsenal,Manchester United",8,9.900261035189033,22.282527536153793,9.066153444349766,2017
498,Alexis Sánchez,20,875,1,1.7134784050285816,3,3.546852245926857,17,21,3,0,F M S,Manchester United,1,1.7134784050285816,6.49897401034832,2.985114647075534,2018
