id,player_name,games,time,goals,xG,assists,xA,shots,key_passes,yellow_cards,red_cards,position,team_title,npg,npxG,xGChain,xGBuildup,season
943,Massadio Haidara,15,1092,0,0.10606604162603617,1,0.3449203073978424,7,8,0,0,D S,Newcastle United,0,0.10606604162603617,2.3956151865422726,2.0986422933638096,2014
943,Massadio Haidara,7,554,0,0.046608200296759605,0,0.07469750195741653,3,2,1,0,D S,Newcastle United,0,0.046608200296759605,0.5517044104635715,0.44611601531505585,2015
943,Massadio Haidara,1,1,0,0,0,0,0,0,0,0,S,Newcastle United,0,0,0,0,2017
