id,player_name,games,time,goals,xG,assists,xA,shots,key_passes,yellow_cards,red_cards,position,team_title,npg,npxG,xGChain,xGBuildup,season
814,James McClean,35,2414,2,2.168414603918791,2,3.0264101019129157,31,29,7,1,F M S,West Bromwich Albion,2,2.168414603918791,5.10841834358871,1.4000553861260414,2015
814,James McClean,34,1444,1,1.4911542292684317,2,2.328659363090992,23,19,9,0,F M S,West Bromwich Albion,1,1.4911542292684317,3.110250672325492,1.2076289020478725,2016
814,James McClean,30,1378,1,1.7565355356782675,0,0.7149944948032498,30,17,7,0,F M S,West Bromwich Albion,1,1.7565355356782675,2.9923297185450792,0.9370928080752492,2017
