id,player_name,games,time,goals,xG,assists,xA,shots,key_passes,yellow_cards,red_cards,position,team_title,npg,npxG,xGChain,xGBuildup,season
666,Aly Cissokho,25,2142,0,0.5833376906812191,0,0.46421690098941326,9,8,1,0,D S,Aston Villa,0,0.5833376906812191,2.1717900140210986,1.7702647959813476,2014
666,Aly Cissokho,18,1605,0,0.10726839862763882,0,0.49526070058345795,4,9,3,1,D,Aston Villa,0,0.10726839862763882,2.459506519138813,2.1241850033402443,2015
