id,player_name,games,time,goals,xG,assists,xA,shots,key_passes,yellow_cards,red_cards,position,team_title,npg,npxG,xGChain,xGBuildup,season
542,Pedro Obiang,24,1069,0,0.24136727023869753,1,0.7868882790207863,8,3,2,0,M S,West Ham,0,0.24136727023869753,1.8097580866888165,1.5900763869285583,2015
542,Pedro Obiang,22,1778,1,0.383512394502759,1,0.4733996344730258,9,6,7,0,M S,West Ham,1,0.383512394502759,5.100283722393215,4.389140105806291,2016
542,Pedro Obiang,21,1564,2,0.3268697001039982,0,0.5585408955812454,13,7,3,0,M S,West Ham,2,0.3268697001039982,2.9364621434360743,2.2521473420783877,2017
542,Pedro Obiang,24,1112,0,0.5645460933446884,1,1.1373454164713621,15,6,0,0,M S,West Ham,0,0.5645460933446884,4.137817110866308,3.1170976143330336,2018
