id,player_name,games,time,goals,xG,assists,xA,shots,key_passes,yellow_cards,red_cards,position,team_title,npg,npxG,xGChain,xGBuildup,season
1379,Allan,24,2051,0,0.2417212026193738,0,0.7722849044948816,7,16,6,0,M S,Everton,0,0.2417212026193738,9.109655421227217,8.364447997882962,2020
1379,Allan,28,2196,0,0.24097890220582485,2,0.6515110060572624,7,14,7,1,M S,Everton,0,0.24097890220582485,5.809602355584502,5.090589025989175,2021
