id,player_name,games,time,goals,xG,assists,xA,shots,key_passes,yellow_cards,red_cards,position,team_title,npg,npxG,xGChain,xGBuildup,season
978,Sam Johnstone,37,3330,0,0,1,0.11011700332164764,0,1,1,0,GK,West Bromwich Albion,0,0,2.6272154795005918,2.517098476178944,2020
978,Sam Johnstone,9,810,0,0,0,0,0,0,1,0,GK,Crystal Palace,0,0,0.26689063757658005,0.26689063757658005,2022
978,Sam Johnstone,20,1800,0,0,0,0,0,0,1,0,GK,Crystal Palace,0,0,1.9733385294675827,1.9733385294675827,2023
978,Sam Johnstone,7,630,0,0,0,0.04906415939331055,0,1,0,0,GK,Wolverhampton Wanderers,0,0,1.1530965231359005,1.1530965231359005,2024
978,Sam Johnstone,7,630,0,0,0,0.04906415939331055,0,1,0,0,GK,Wolverhampton Wanderers,0,0,1.1530965231359005,1.1530965231359005,2025
