id,player_name,games,time,goals,xG,assists,xA,shots,key_passes,yellow_cards,red_cards,position,team_title,npg,npxG,xGChain,xGBuildup,season
7902,Matthijs de Ligt,21,1560,1,1.5736211966723204,0,0.23260829970240593,13,4,3,0,D S,Manchester United,1,1.5736211966723204,4.341316469013691,4.1314103826880455,2024
7902,Matthijs de Ligt,21,1560,1,1.5736211966723204,0,0.23260829970240593,13,4,3,0,D S,Manchester United,1,1.5736211966723204,4.341316469013691,4.1314103826880455,2025
