id,player_name,games,time,goals,xG,assists,xA,shots,key_passes,yellow_cards,red_cards,position,team_title,npg,npxG,xGChain,xGBuildup,season
7080,Matheus Cunha,17,978,2,1.591183171607554,0,0.8713507484644651,26,8,1,0,F S,Wolverhampton Wanderers,2,1.591183171607554,2.6735775023698807,0.6461011376231909,2022
7080,Matheus Cunha,32,2499,12,10.229120277799666,7,3.920058634132147,73,28,8,0,F M S,Wolverhampton Wanderers,11,9.467951440252364,12.985038012266159,2.336798165924847,2023
7080,Matheus Cunha,22,1798,10,4.811483666300774,4,5.335113173350692,67,36,2,0,F M S,Wolverhampton Wanderers,10,4.811483666300774,12.02758651226759,4.615232514217496,2024
7080,Matheus Cunha,22,1798,10,4.811483666300774,4,5.335113173350692,67,36,2,0,F M S,Wolverhampton Wanderers,10,4.811483666300774,12.02758651226759,4.615232514217496,2025
