id,player_name,games,time,goals,xG,assists,xA,shots,key_passes,yellow_cards,red_cards,position,team_title,npg,npxG,xGChain,xGBuildup,season
11359,James Bree,5,373,0,0.014379559084773064,0,0.17823199555277824,1,4,1,0,D S,Southampton,0,0.014379559084773064,0.39735088124871254,0.230254914611578,2022
11359,James Bree,10,577,0,0.054559921845793724,1,1.0717255100607872,2,9,0,0,D S,Southampton,0,0.054559921845793724,2.1583429519087076,1.4587882291525602,2024
11359,James Bree,10,577,0,0.054559921845793724,1,1.0717255100607872,2,9,0,0,D S,Southampton,0,0.054559921845793724,2.1583429519087076,1.4587882291525602,2025
