id,player_name,games,time,goals,xG,assists,xA,shots,key_passes,yellow_cards,red_cards,position,team_title,npg,npxG,xGChain,xGBuildup,season
966,Alex Oxlade-Chamberlain,23,1497,1,2.849110059440136,1,3.690096700564027,32,35,4,0,M S,Arsenal,1,2.849110059440136,9.594994656741619,4.923702459782362,2014
966,Alex Oxlade-Chamberlain,22,911,1,1.5034727901220322,0,1.8971569072455168,23,19,0,0,M S,Arsenal,1,1.5034727901220322,6.139448795467615,3.601579638198018,2015
966,Alex Oxlade-Chamberlain,29,1564,2,2.440088886767626,7,4.469723431393504,28,32,1,0,M S,Arsenal,2,2.440088886767626,10.298072082921863,5.440289983525872,2016
966,Alex Oxlade-Chamberlain,35,1705,3,2.5996217476204038,7,4.965171135962009,47,38,3,0,D F M S,"Arsenal,Liverpool",3,2.5996217476204038,11.884012818336487,6.252586744725704,2017
966,Alex Oxlade-Chamberlain,2,17,0,0.46647098660469055,0,0.11588100343942642,1,1,0,0,S,Liverpool,0,0.46647098660469055,1.3726199865341187,1.2567399740219116,2018
966,Alex Oxlade-Chamberlain,30,1511,4,2.5044670198112726,1,0.9436891078948975,40,17,1,0,F M S,Liverpool,4,2.5044670198112726,5.693247593939304,2.6489668991416693,2019
966,Alex Oxlade-Chamberlain,13,238,1,0.3006508983671665,1,0.3017777930945158,8,2,0,0,F M S,Liverpool,1,0.3006508983671665,0.99866240657866,0.7666851915419102,2020
966,Alex Oxlade-Chamberlain,17,783,2,1.1809539999812841,1,1.2662958838045597,21,10,0,0,F M S,Liverpool,2,1.1809539999812841,5.64299226924777,3.5401283148676157,2021
966,Alex Oxlade-Chamberlain,9,338,1,1.493293778039515,0,0.7890531122684479,7,5,0,0,F S,Liverpool,1,1.493293778039515,2.451194860972464,0.5513057112693787,2022
