id,player_name,games,time,goals,xG,assists,xA,shots,key_passes,yellow_cards,red_cards,position,team_title,npg,npxG,xGChain,xGBuildup,season
10408,Luis Díaz,13,962,4,4.276757774874568,3,2.175987700931728,38,20,0,0,F S,Liverpool,4,4.276757774874568,8.961288705468178,3.449203735217452,2021
10408,Luis Díaz,17,997,4,3.5687112770974636,2,1.9563428275287151,27,13,2,0,F M S,Liverpool,4,3.5687112770974636,9.511094518005848,4.636049032211304,2022
10408,Luis Díaz,37,2706,8,12.864595355466008,5,6.482230054214597,94,64,3,0,F S,Liverpool,8,12.864595355466008,24.42669267952442,10.309036564081907,2023
10408,Luis Díaz,21,1356,8,6.430305704474449,2,2.7622949657961726,44,27,2,0,F M S,Liverpool,8,6.430305704474449,15.933066375553608,7.855427965521812,2024
10408,Luis Díaz,21,1356,8,6.430305704474449,2,2.7622949657961726,44,27,2,0,F M S,Liverpool,8,6.430305704474449,15.933066375553608,7.855427965521812,2025
