id,player_name,games,time,goals,xG,assists,xA,shots,key_passes,yellow_cards,red_cards,position,team_title,npg,npxG,xGChain,xGBuildup,season
634,Fraizer Campbell,20,1187,4,4.221141066402197,0,0.46638406813144684,25,8,5,0,F M S,Crystal Palace,4,4.221141066402197,3.9519820688292384,0.7666481966152787,2014
634,Fraizer Campbell,11,354,0,0.75689297914505,0,0.08030790090560913,4,1,1,0,F S,Crystal Palace,0,0.75689297914505,0.9301700070500374,0.24219300597906113,2015
634,Fraizer Campbell,12,125,1,0.4415289834141731,0,0.05113080143928528,4,1,0,0,S,Crystal Palace,1,0.4415289834141731,0.5101623870432377,0.1331046037375927,2016
