id,player_name,games,time,goals,xG,assists,xA,shots,key_passes,yellow_cards,red_cards,position,team_title,npg,npxG,xGChain,xGBuildup,season
6049,Solly March,36,1817,1,1.255454589612782,1,1.73254269734025,28,19,3,0,F M S,Brighton,1,1.255454589612782,3.1889022858813405,1.2104109227657318,2017
6049,Solly March,35,2480,1,2.1988663030788302,5,5.207968223839998,43,41,1,0,F M S,Brighton,1,2.1988663030788302,7.274381655268371,2.914263416081667,2018
6049,Solly March,19,1132,0,1.4669600799679756,1,1.1065804678946733,20,13,2,0,D F M S,Brighton,0,1.4669600799679756,4.3761305175721645,2.2650219071656466,2019
6049,Solly March,21,1684,2,1.78360197506845,1,1.6788202039897442,22,27,0,0,D M S,Brighton,2,1.78360197506845,8.322111636400223,5.6805479265749454,2020
6049,Solly March,31,1723,0,1.4529976956546307,2,2.9942420180886984,21,34,1,0,D F M S,Brighton,0,1.4529976956546307,7.240960534662008,4.095688569359481,2021
6049,Solly March,33,2745,6,8.069857582449913,7,9.567008880898356,73,65,2,0,D M S,Brighton,6,8.069857582449913,22.130394473671913,9.125229258090258,2022
6049,Solly March,7,571,3,2.7198847085237503,1,0.9913322664797306,14,7,1,0,D M,Brighton,3,2.7198847085237503,4.9072911739349365,2.40057972073555,2023
6049,Solly March,2,20,0,0.0391845740377903,0,0,1,0,1,0,S,Brighton,0,0.0391845740377903,0,0,2024
6049,Solly March,2,20,0,0.0391845740377903,0,0,1,0,1,0,S,Brighton,0,0.0391845740377903,0,0,2025
