id,player_name,games,time,goals,xG,assists,xA,shots,key_passes,yellow_cards,red_cards,position,team_title,npg,npxG,xGChain,xGBuildup,season
805,Jonas Olsson,13,817,1,0.3695265054702759,0,0.7158549726009369,3,2,2,0,D S,West Bromwich Albion,1,0.3695265054702759,1.1940922914072871,1.1747842906042933,2014
805,Jonas Olsson,28,2019,1,0.9869292164221406,1,1.0481974948197603,6,4,5,0,D S,West Bromwich Albion,1,0.9869292164221406,1.9791093980893493,1.947945392690599,2015
805,Jonas Olsson,7,593,0,0.19536660239100456,0,0,3,0,3,0,D,West Bromwich Albion,0,0.19536660239100456,0.7437133137136698,0.7437133137136698,2016
