id,player_name,games,time,goals,xG,assists,xA,shots,key_passes,yellow_cards,red_cards,position,team_title,npg,npxG,xGChain,xGBuildup,season
6055,Phil Foden,5,41,0,0,1,0.4896077960729599,0,2,0,0,S,Manchester City,0,0,0.8641107827425003,0.3745029866695404,2017
6055,Phil Foden,13,316,1,2.24975498765707,0,1.0727550070732832,14,8,0,0,M S,Manchester City,1,2.24975498765707,4.340557379648089,1.7484888900071383,2018
6055,Phil Foden,23,888,5,3.556827375665307,2,1.5590799991041422,34,18,0,0,F M S,Manchester City,5,3.556827375665307,9.372161615639925,5.848771080374718,2019
6055,Phil Foden,28,1606,9,6.083392720669508,5,4.749280586838722,45,36,0,0,F M S,Manchester City,9,6.083392720669508,13.835046902298927,5.486509682610631,2020
6055,Phil Foden,28,2141,9,9.263244736939669,5,6.833732463419437,57,40,1,0,F M S,Manchester City,9,9.263244736939669,19.274442739784718,6.218504663556814,2021
6055,Phil Foden,32,1837,11,6.185852009803057,6,5.697479462251067,46,44,1,0,F M S,Manchester City,11,6.185852009803057,17.42637488618493,8.101508693769574,2022
6055,Phil Foden,35,2895,19,11.307983005419374,8,8.51623285189271,105,73,2,0,F M S,Manchester City,19,11.307983005419374,30.41696721315384,16.99899828247726,2023
6055,Phil Foden,18,1284,7,5.397270122542977,2,4.5813301876187325,45,36,2,0,F M S,Manchester City,7,5.397270122542977,11.136137828230858,4.170671686530113,2024
6055,Phil Foden,18,1284,7,5.397270122542977,2,4.5813301876187325,45,36,2,0,F M S,Manchester City,7,5.397270122542977,11.136137828230858,4.170671686530113,2025
