id,player_name,games,time,goals,xG,assists,xA,shots,key_passes,yellow_cards,red_cards,position,team_title,npg,npxG,xGChain,xGBuildup,season
9453,Moisés Caicedo,8,673,1,0.6393528822809458,1,0.2321203015744686,10,4,2,0,M,Brighton,1,0.6393528822809458,3.086230354383588,2.363927122205496,2021
9453,Moisés Caicedo,37,3135,1,1.2356434240937233,1,2.643754145130515,27,43,10,0,D M S,Brighton,1,1.2356434240937233,19.323802459985018,16.51605893112719,2022
9453,Moisés Caicedo,35,2897,1,0.2973291608504951,3,2.4989760648459196,13,22,11,0,M S,Chelsea,1,0.2973291608504951,25.048321802169085,23.26216376759112,2023
9453,Moisés Caicedo,23,2056,1,0.4656515112146735,2,2.05218568444252,12,19,6,0,D M,Chelsea,1,0.4656515112146735,12.907080426812172,11.397816240787506,2024
9453,Moisés Caicedo,23,2056,1,0.4656515112146735,2,2.05218568444252,12,19,6,0,D M,Chelsea,1,0.4656515112146735,12.907080426812172,11.397816240787506,2025
