id,player_name,games,time,goals,xG,assists,xA,shots,key_passes,yellow_cards,red_cards,position,team_title,npg,npxG,xGChain,xGBuildup,season
888,Xherdan Shaqiri,27,2072,3,3.074525742791593,6,6.42092464491725,40,50,3,0,F M,Stoke,3,3.074525742791593,9.374039676040411,4.220687731169164,2015
888,Xherdan Shaqiri,21,1721,4,2.6227936781942844,2,4.274763828143477,48,41,2,0,F M,Stoke,4,2.6227936781942844,8.980961941182613,5.187847092747688,2016
888,Xherdan Shaqiri,36,3066,8,4.985687501728535,7,6.875527895987034,69,76,5,0,F M,Stoke,8,4.224518910050392,11.41641822271049,5.910621981136501,2017
888,Xherdan Shaqiri,24,1048,6,4.059151781722903,3,1.8917575199157,26,20,2,0,M S,Liverpool,6,4.059151781722903,7.922251030802727,3.4201213400810957,2018
888,Xherdan Shaqiri,7,175,1,0.5408405940979719,0,0.17849820107221603,4,3,0,0,M S,Liverpool,1,0.5408405940979719,0.7241481002420187,0.04457540065050125,2019
888,Xherdan Shaqiri,14,534,0,0.42472099512815475,2,2.5104198902845383,11,19,2,0,F M S,Liverpool,0,0.42472099512815475,4.585736565291882,2.1229254696518183,2020
