id,player_name,games,time,goals,xG,assists,xA,shots,key_passes,yellow_cards,red_cards,position,team_title,npg,npxG,xGChain,xGBuildup,season
11815,Ben Brereton Díaz,14,1134,6,6.060540288686752,1,1.6426486261188984,35,8,3,0,F M,Sheffield United,5,5.29937145113945,7.229928359389305,1.5459889732301235,2023
11815,Ben Brereton Díaz,10,438,0,1.3112603276968002,0,0.1556207612156868,11,3,1,0,F M S,Southampton,0,1.3112603276968002,2.001358740031719,0.5646974295377731,2024
11815,Ben Brereton Díaz,10,438,0,1.3112603276968002,0,0.1556207612156868,11,3,1,0,F M S,Southampton,0,1.3112603276968002,2.001358740031719,0.5646974295377731,2025
