id,player_name,games,time,goals,xG,assists,xA,shots,key_passes,yellow_cards,red_cards,position,team_title,npg,npxG,xGChain,xGBuildup,season
756,Leonardo Ulloa,37,2434,11,8.923917897045612,3,3.7919961232692003,49,36,3,0,F S,Leicester,9,7.401579953730106,9.963016589172184,2.5093697709962726,2014
756,Leonardo Ulloa,29,942,6,6.906455801799893,2,1.466686885803938,34,14,0,0,F S,Leicester,5,6.145286785438657,9.50502722337842,3.4823984522372484,2015
756,Leonardo Ulloa,16,412,1,1.9004421755671501,0,0.10303940251469612,11,2,0,0,F S,Leicester,1,1.9004421755671501,1.4736188910901546,0.6307167010381818,2016
756,Leonardo Ulloa,14,264,1,0.682668823748827,0,0.20920320320874453,3,7,0,0,F S,"Brighton,Leicester",1,0.682668823748827,1.0959576964378357,0.36594048887491226,2017
