id,player_name,games,time,goals,xG,assists,xA,shots,key_passes,yellow_cards,red_cards,position,team_title,npg,npxG,xGChain,xGBuildup,season
1677,Nathaniel Chalobah,4,59,0,0.016966799274086952,0,0,1,0,1,0,S,Burnley,0,0.016966799274086952,0.7547210976481438,0.7377540990710258,2014
1677,Nathaniel Chalobah,10,152,0,0.03790869936347008,1,0.6755060106515884,1,4,2,0,M S,Chelsea,0,0.03790869936347008,1.4402057193219662,1.3191336952149868,2016
1677,Nathaniel Chalobah,6,448,0,0.7731210584752262,0,0.026119999587535858,12,1,1,0,M S,Watford,0,0.7731210584752262,0.9812897560186684,0.4462831951677799,2017
1677,Nathaniel Chalobah,9,264,0,0.0794910965487361,0,0.22298899292945862,2,1,2,0,M S,Watford,0,0.0794910965487361,0.8824691101908684,0.8029773160815239,2018
1677,Nathaniel Chalobah,22,915,0,0.4986916873604059,1,1.616138432174921,9,9,1,0,M S,Watford,0,0.4986916873604059,2.396554782986641,1.413669609464705,2019
1677,Nathaniel Chalobah,4,10,0,0.08553469926118851,0,0,1,0,0,1,M S,Fulham,0,0.08553469926118851,0,0,2022
