id,player_name,games,time,goals,xG,assists,xA,shots,key_passes,yellow_cards,red_cards,position,team_title,npg,npxG,xGChain,xGBuildup,season
11710,Simon Adingra,31,2256,6,5.096701676025987,1,3.30205356515944,52,33,3,0,D F M S,Brighton,6,5.096701676025987,13.104233894497156,6.308099476620555,2023
11710,Simon Adingra,15,549,2,1.8162226844578981,1,0.84032959677279,13,7,0,0,D M S,Brighton,2,1.8162226844578981,2.541493033990264,0.7705832365900278,2024
11710,Simon Adingra,15,549,2,1.8162226844578981,1,0.84032959677279,13,7,0,0,D M S,Brighton,2,1.8162226844578981,2.541493033990264,0.7705832365900278,2025
