id,player_name,games,time,goals,xG,assists,xA,shots,key_passes,yellow_cards,red_cards,position,team_title,npg,npxG,xGChain,xGBuildup,season
2248,Casemiro,28,2127,4,3.140908549539745,3,3.8724323799833655,34,28,7,2,M S,Manchester United,4,3.140908549539745,18.88839770667255,13.882083844393492,2022
2248,Casemiro,25,2006,1,3.123898906633258,2,1.3856250941753387,38,16,7,0,D M S,Manchester United,1,3.123898906633258,8.275429267436266,6.855192001909018,2023
2248,Casemiro,14,845,1,1.2741921627894044,0,1.9546160027384758,18,16,1,0,M S,Manchester United,1,1.2741921627894044,5.364563602954149,3.5876736901700497,2024
2248,Casemiro,14,845,1,1.2741921627894044,0,1.9546160027384758,18,16,1,0,M S,Manchester United,1,1.2741921627894044,5.364563602954149,3.5876736901700497,2025
