id,player_name,games,time,goals,xG,assists,xA,shots,key_passes,yellow_cards,red_cards,position,team_title,npg,npxG,xGChain,xGBuildup,season
789,Robbie Brady,27,1750,0,1.1762968199327588,2,4.28132613375783,23,35,2,0,D M S,Hull,0,1.1762968199327588,5.154144831001759,1.8241602927446365,2014
789,Robbie Brady,36,2996,3,2.794267915189266,2,5.04878506064415,53,54,3,0,D M S,Norwich,3,2.794267915189266,6.695630591362715,3.0419108467176557,2015
789,Robbie Brady,14,710,1,0.7694878149777651,2,1.6063628867268562,19,16,1,0,M S,Burnley,1,0.7694878149777651,1.5022324780002236,0.32196161802858114,2016
789,Robbie Brady,15,1279,1,1.1337131969630718,2,2.1779294349253178,24,25,3,0,M,Burnley,1,1.1337131969630718,2.4111943058669567,1.1411126032471657,2017
789,Robbie Brady,16,701,0,0.678755097091198,1,1.0314604192972183,12,14,3,1,M S,Burnley,0,0.678755097091198,1.191131705418229,0.5127436015754938,2018
789,Robbie Brady,17,436,1,0.9964995980262756,2,0.31754960026592016,12,9,1,0,M S,Burnley,1,0.9964995980262756,1.495763123035431,0.8886655867099762,2019
789,Robbie Brady,19,1061,1,0.7830978035926819,1,0.9085825961083174,16,7,3,0,M S,Burnley,1,0.7830978035926819,2.677590448409319,1.5309147164225578,2020
