id,player_name,games,time,goals,xG,assists,xA,shots,key_passes,yellow_cards,red_cards,position,team_title,npg,npxG,xGChain,xGBuildup,season
515,Mile Jedinak,24,2092,5,3.9022558932192624,3,0.9916814006865025,31,14,3,1,M,Crystal Palace,2,1.6187490834854543,3.540135175921023,2.9935821192339063,2014
515,Mile Jedinak,27,1511,0,0.9263467136770487,0,0.8903788039460778,13,8,6,0,M S,Crystal Palace,0,0.9263467136770487,4.383606683462858,3.8028412982821465,2015
515,Mile Jedinak,1,90,0,0,0,0.06823749840259552,0,2,0,0,M,Crystal Palace,0,0,0.11093500256538391,0.11093500256538391,2016
