id,player_name,games,time,goals,xG,assists,xA,shots,key_passes,yellow_cards,red_cards,position,team_title,npg,npxG,xGChain,xGBuildup,season
6894,Mohamed Elyounoussi,16,786,0,2.2058671582490206,0,1.1448204163461924,20,15,0,0,M S,Southampton,0,2.2058671582490206,3.5312400460243225,1.0457509979605675,2018
6894,Mohamed Elyounoussi,30,2048,4,6.580140575766563,2,2.227864108979702,43,28,4,0,F M S,Southampton,4,6.580140575766563,8.982657704502344,2.9428734220564365,2021
6894,Mohamed Elyounoussi,33,2212,1,3.06923589669168,1,1.825184103101492,36,18,4,0,F M S,Southampton,1,3.06923589669168,7.860458409413695,4.556406237185001,2022
