id,player_name,games,time,goals,xG,assists,xA,shots,key_passes,yellow_cards,red_cards,position,team_title,npg,npxG,xGChain,xGBuildup,season
12759,Yankuba Minteh,18,710,3,2.3730651140213013,2,2.60438550170511,14,13,5,0,M S,Brighton,3,2.3730651140213013,6.4895296562463045,1.8800290171056986,2024
12759,Yankuba Minteh,18,710,3,2.3730651140213013,2,2.60438550170511,14,13,5,0,M S,Brighton,3,2.3730651140213013,6.4895296562463045,1.8800290171056986,2025
