id,player_name,games,time,goals,xG,assists,xA,shots,key_passes,yellow_cards,red_cards,position,team_title,npg,npxG,xGChain,xGBuildup,season
464,Max Gradel,14,918,1,1.706090216524899,2,0.682281706482172,18,10,1,0,M S,Bournemouth,1,1.706090216524899,2.496540807187557,0.6888830978423357,2015
464,Max Gradel,11,107,0,0.2880242057144642,0,0.138032004237175,5,1,3,0,S,Bournemouth,0,0.2880242057144642,0.459123607724905,0.09115229919552803,2016
