id,player_name,games,time,goals,xG,assists,xA,shots,key_passes,yellow_cards,red_cards,position,team_title,npg,npxG,xGChain,xGBuildup,season
6051,Dale Stephens,36,3240,0,0.7653935039415956,3,2.108914197422564,19,17,6,0,M,Brighton,0,0.7653935039415956,7.67539716232568,5.764905093237758,2017
6051,Dale Stephens,30,2485,1,0.24952240101993084,1,0.5923440903425217,11,18,6,1,M S,Brighton,1,0.24952240101993084,4.766996528953314,4.261580133810639,2018
6051,Dale Stephens,33,2528,0,0.44413422979414463,1,1.2471918314695358,19,18,8,0,M S,Brighton,0,0.44413422979414463,7.186790246516466,6.239625861868262,2019
6051,Dale Stephens,7,258,0,0.08226919732987881,0,0,3,0,1,0,M S,Burnley,0,0.08226919732987881,0.24124889820814133,0.15897969901561737,2020
6051,Dale Stephens,3,121,0,0.04461440071463585,0,0.017272500321269035,1,1,1,0,M S,Burnley,0,0.04461440071463585,0.061886899173259735,0,2021
