id,player_name,games,time,goals,xG,assists,xA,shots,key_passes,yellow_cards,red_cards,position,team_title,npg,npxG,xGChain,xGBuildup,season
10760,Brennan Johnson,38,2952,8,8.266518421471119,3,3.7432961594313383,55,28,6,0,F M S,Nottingham Forest,7,5.983012191951275,12.170722473412752,2.8007613457739353,2022
10760,Brennan Johnson,35,2350,5,12.170278270728886,10,7.638319082558155,53,46,3,0,F M S,"Nottingham Forest,Tottenham",5,12.170278270728886,21.61685962975025,3.084777120500803,2023
10760,Brennan Johnson,21,1498,7,8.679799903184175,2,2.0326591692864895,45,14,3,0,F M S,Tottenham,7,8.679799903184175,12.748152561485767,3.1904489435255527,2024
10760,Brennan Johnson,21,1498,7,8.679799903184175,2,2.0326591692864895,45,14,3,0,F M S,Tottenham,7,8.679799903184175,12.748152561485767,3.1904489435255527,2025
