id,player_name,games,time,goals,xG,assists,xA,shots,key_passes,yellow_cards,red_cards,position,team_title,npg,npxG,xGChain,xGBuildup,season
7395,Carlos Vinicius,9,300,1,1.2549914866685867,0,0.10279390215873718,7,2,2,0,F S,Tottenham,1,1.2549914866685867,1.4212629944086075,0.08671839907765388,2020
7395,Carlos Vinicius,28,1079,5,3.5915758907794952,2,0.5233518667519093,21,8,3,0,F S,Fulham,5,3.5915758907794952,5.013299356214702,1.3816988291218877,2022
7395,Carlos Vinicius,13,286,2,1.6243880316615105,0,0.5761066563427448,9,5,2,0,F S,Fulham,2,1.6243880316615105,3.164248041808605,1.0699065858498216,2023
7395,Carlos Vinicius,1,1,0,0.05484353378415108,0,0,1,0,0,0,S,Fulham,0,0.05484353378415108,0.05484353378415108,0,2024
7395,Carlos Vinicius,1,1,0,0.05484353378415108,0,0,1,0,0,0,S,Fulham,0,0.05484353378415108,0.05484353378415108,0,2025
