id,player_name,games,time,goals,xG,assists,xA,shots,key_passes,yellow_cards,red_cards,position,team_title,npg,npxG,xGChain,xGBuildup,season
10405,Josh Dasilva,9,242,0,0.10198599845170975,0,0.18233780562877655,1,3,0,1,F M S,Brentford,0,0.10198599845170975,0.4496143078431487,0.16529020201414824,2021
10405,Josh Dasilva,36,1374,4,1.5916067343205214,2,2.0804033745080233,18,12,1,0,M S,Brentford,4,1.5916067343205214,6.89354763738811,3.8618766255676746,2022
10405,Josh Dasilva,3,16,0,0,0,0.12691843509674072,0,2,0,0,S,Brentford,0,0,0.10939022153615952,0,2023
