id,player_name,games,time,goals,xG,assists,xA,shots,key_passes,yellow_cards,red_cards,position,team_title,npg,npxG,xGChain,xGBuildup,season
9509,Daniel Jebbison,4,286,1,1.4839950501918793,0,0.023562999442219734,4,1,0,0,F S,Sheffield United,1,1.4839950501918793,1.9016577787697315,0.3941028006374836,2020
9509,Daniel Jebbison,1,15,0,0,0,0,0,0,0,0,S,Sheffield United,0,0,0,0,2023
9509,Daniel Jebbison,5,17,0,0.44489872455596924,0,0.20717493444681168,2,3,1,0,S,Bournemouth,0,0.44489872455596924,0.6216044127941132,0,2024
9509,Daniel Jebbison,5,17,0,0.44489872455596924,0,0.20717493444681168,2,3,1,0,S,Bournemouth,0,0.44489872455596924,0.6216044127941132,0,2025
