id,player_name,games,time,goals,xG,assists,xA,shots,key_passes,yellow_cards,red_cards,position,team_title,npg,npxG,xGChain,xGBuildup,season
8272,João Pedro,3,14,0,0.04292359948158264,0,0,1,0,0,0,S,Watford,0,0.04292359948158264,0.04292359948158264,0,2019
8272,João Pedro,28,1619,3,4.448947859928012,1,2.097435991279781,47,18,1,0,F M S,Watford,3,4.448947859928012,9.26345830410719,4.319704428315163,2021
8272,João Pedro,31,2026,9,11.918903339654207,3,5.4223863165825605,75,37,2,0,F M S,Brighton,5,8.113133335486054,17.548418318852782,7.590120053850114,2023
8272,João Pedro,17,1312,5,4.248009921982884,5,2.709904881194234,30,17,3,0,F M S,Brighton,4,3.486841084435582,8.507379908114672,3.6239420026540756,2024
8272,João Pedro,17,1312,5,4.248009921982884,5,2.709904881194234,30,17,3,0,F M S,Brighton,4,3.486841084435582,8.507379908114672,3.6239420026540756,2025
