id,player_name,games,time,goals,xG,assists,xA,shots,key_passes,yellow_cards,red_cards,position,team_title,npg,npxG,xGChain,xGBuildup,season
650,Kevin Wimmer,10,814,0,0.060923900455236435,0,0.07089540176093578,1,2,2,0,D S,Tottenham,0,0.060923900455236435,3.567350186407566,3.521816201508045,2015
650,Kevin Wimmer,5,357,0,0,0,0.03640729933977127,0,1,3,0,D S,Tottenham,0,0,0.9797121994197369,0.9797121994197369,2016
650,Kevin Wimmer,17,1318,0,0.06951329857110977,0,0.16094580106437206,1,3,5,0,D S,Stoke,0,0.06951329857110977,1.9453763999044895,1.890623101964593,2017
