id,player_name,games,time,goals,xG,assists,xA,shots,key_passes,yellow_cards,red_cards,position,team_title,npg,npxG,xGChain,xGBuildup,season
529,Winston Reid,30,2497,1,1.2366657685488462,0,1.2207213276997209,11,8,10,0,D S,West Ham,1,1.2366657685488462,3.9561072415672243,3.856598937418312,2014
529,Winston Reid,24,2139,1,1.3956439103931189,1,0.3526056036353111,17,7,5,0,D,West Ham,1,1.3956439103931189,2.7220241613686085,2.630920182913542,2015
529,Winston Reid,30,2595,2,0.8129212111234665,2,0.9388464195653796,11,8,8,1,D,West Ham,2,0.8129212111234665,3.4150177082046866,3.2767178118228912,2016
529,Winston Reid,17,1455,0,0.16159000247716904,0,0.23708199709653854,5,4,5,0,D,West Ham,0,0.16159000247716904,1.9009395018219948,1.7904294803738594,2017
