id,player_name,games,time,goals,xG,assists,xA,shots,key_passes,yellow_cards,red_cards,position,team_title,npg,npxG,xGChain,xGBuildup,season
10696,Noussair Mazraoui,23,1792,0,0.4152198014780879,1,0.4618503237143159,9,10,1,0,D S,Manchester United,0,0.4152198014780879,6.117999956011772,5.513627931475639,2024
10696,Noussair Mazraoui,23,1792,0,0.4152198014780879,1,0.4618503237143159,9,10,1,0,D S,Manchester United,0,0.4152198014780879,6.117999956011772,5.513627931475639,2025
