id,player_name,games,time,goals,xG,assists,xA,shots,key_passes,yellow_cards,red_cards,position,team_title,npg,npxG,xGChain,xGBuildup,season
5962,Tanguy NDombele Alvaro,21,1002,2,0.3529553022235632,2,0.7975039957091212,9,12,3,0,M S,Tottenham,2,0.3529553022235632,5.34064151532948,4.963006844744086,2019
5962,Tanguy NDombele Alvaro,33,2141,3,1.5304817156866193,2,2.12633260153234,18,14,3,0,M S,Tottenham,3,1.5304817156866193,10.934960171580315,8.005787655711174,2020
5962,Tanguy NDombele Alvaro,9,490,1,0.5444414857774973,1,0.6208788082003593,9,4,1,0,M S,Tottenham,1,0.5444414857774973,2.439093429595232,1.5780104137957096,2021
