id,player_name,games,time,goals,xG,assists,xA,shots,key_passes,yellow_cards,red_cards,position,team_title,npg,npxG,xGChain,xGBuildup,season
1257,Alisson,38,3420,0,0,0,0,0,0,1,0,GK,Liverpool,0,0,7.60600501857698,7.60600501857698,2018
1257,Alisson,29,2545,0,0,1,0.2629149854183197,0,1,0,1,GK,Liverpool,0,0,6.831636318936944,6.568721333518624,2019
1257,Alisson,33,2970,1,0.1076819971203804,0,0,1,0,1,0,GK,Liverpool,1,0.1076819971203804,3.5593250282108784,3.5593250282108784,2020
1257,Alisson,36,3240,0,0,1,0.1280680000782013,0,1,0,0,GK,Liverpool,0,0,9.494233330711722,9.366165360435843,2021
1257,Alisson,37,3330,0,0,1,0.16862599551677704,0,1,1,0,GK,Liverpool,0,0,9.289638353511691,9.121012343093753,2022
1257,Alisson,28,2520,0,0,0,0,0,0,1,0,GK,Liverpool,0,0,8.493492092937231,8.493492092937231,2023
1257,Alisson,14,1251,0,0,0,0.4981032609939575,0,1,0,0,GK,Liverpool,0,0,5.905841030180454,5.407737769186497,2024
1257,Alisson,14,1251,0,0,0,0.4981032609939575,0,1,0,0,GK,Liverpool,0,0,5.905841030180454,5.407737769186497,2025
