id,player_name,games,time,goals,xG,assists,xA,shots,key_passes,yellow_cards,red_cards,position,team_title,npg,npxG,xGChain,xGBuildup,season
3621,Neal Maupay,37,2782,10,13.558547105640173,3,2.5061313090845942,96,25,3,0,F S,Brighton,9,12.0362094566226,13.855041846632957,3.483615791425109,2019
3621,Neal Maupay,33,2526,8,13.77353422343731,2,4.277407944202423,71,32,1,1,F M S,Brighton,5,10.728933367878199,17.15754107758403,3.381784388795495,2020
3621,Neal Maupay,32,2271,8,8.242076613008976,2,2.442604837939143,61,23,7,0,F S,Brighton,7,6.719737626612186,13.330586224794388,5.462072102352977,2021
3621,Neal Maupay,27,1101,1,5.434799870476127,0,0.3525178078562021,32,7,4,0,F S,Everton,1,5.434799870476127,4.559445133432746,1.5640029106289148,2022
3621,Neal Maupay,31,1381,6,7.23018298856914,3,2.382636667229235,42,16,8,0,F S,"Brentford,Everton",6,7.23018298856914,11.593444548547268,3.028178656473756,2023
