id,player_name,games,time,goals,xG,assists,xA,shots,key_passes,yellow_cards,red_cards,position,team_title,npg,npxG,xGChain,xGBuildup,season
10216,Lewis Hall,9,669,0,0.9621372651308775,0,2.483380403369665,11,15,1,0,D M S,Chelsea,0,0.9621372651308775,4.236596934497356,2.1478421427309513,2022
10216,Lewis Hall,18,748,1,0.41603143885731697,0,0.30109941959381104,11,3,2,0,D S,Newcastle United,1,0.41603143885731697,6.00943548977375,5.44678489677608,2023
10216,Lewis Hall,23,1840,0,0.5363848507404327,3,3.57088103890419,11,28,3,0,D S,Newcastle United,0,0.5363848507404327,11.476186417043209,9.52626745402813,2024
10216,Lewis Hall,23,1840,0,0.5363848507404327,3,3.57088103890419,11,28,3,0,D S,Newcastle United,0,0.5363848507404327,11.476186417043209,9.52626745402813,2025
