id,player_name,games,time,goals,xG,assists,xA,shots,key_passes,yellow_cards,red_cards,position,team_title,npg,npxG,xGChain,xGBuildup,season
5584,Aaron Wan-Bissaka,7,630,0,0,0,0.21936999447643757,0,3,1,0,D,Crystal Palace,0,0,1.6911542862653732,1.6681843250989914,2017
5584,Aaron Wan-Bissaka,35,3136,0,0.37322420068085194,3,2.2901115771383047,9,14,4,1,D,Crystal Palace,0,0.37322420068085194,7.099254326894879,5.101706748828292,2018
5584,Aaron Wan-Bissaka,35,3075,0,0.8149185925722122,4,3.49091693200171,7,25,8,0,D M S,Manchester United,0,0.8149185925722122,14.165588987991214,11.521173445507884,2019
5584,Aaron Wan-Bissaka,34,3060,2,0.9324541166424751,4,2.547665696591139,7,31,3,0,D,Manchester United,2,0.9324541166424751,12.242120400071144,9.676276091486216,2020
5584,Aaron Wan-Bissaka,20,1795,0,0.2879096958786249,0,0.9214209783822298,5,14,2,0,D M,Manchester United,0,0.2879096958786249,5.104910586029291,4.2221742030233145,2021
5584,Aaron Wan-Bissaka,19,1436,0,1.1713167987763882,0,1.153474660590291,10,15,2,0,D S,Manchester United,0,1.1713167987763882,7.755331262946129,6.90122390165925,2022
5584,Aaron Wan-Bissaka,22,1784,0,0.14621218293905258,2,1.4311098009347916,3,12,4,0,D S,Manchester United,0,0.14621218293905258,7.737613718956709,6.425123929977417,2023
5584,Aaron Wan-Bissaka,22,1896,2,1.085139399394393,1,1.7545330878347158,12,21,1,0,D S,West Ham,2,1.085139399394393,6.548247750848532,4.6200099512934685,2024
5584,Aaron Wan-Bissaka,22,1896,2,1.085139399394393,1,1.7545330878347158,12,21,1,0,D S,West Ham,2,1.085139399394393,6.548247750848532,4.6200099512934685,2025
