id,player_name,games,time,goals,xG,assists,xA,shots,key_passes,yellow_cards,red_cards,position,team_title,npg,npxG,xGChain,xGBuildup,season
1737,Matt Phillips,25,1827,3,3.0864788740873337,8,3.036336817778647,42,34,1,0,F M S,Queens Park Rangers,3,3.0864788740873337,5.406236808747053,1.1094425106421113,2014
1737,Matt Phillips,27,2208,4,2.8540003206580877,8,4.393438269384205,47,33,2,0,F M S,West Bromwich Albion,4,2.8540003206580877,6.104342736303806,1.3419111873954535,2016
1737,Matt Phillips,30,2097,2,2.595402989536524,2,3.2734625097364187,28,33,3,0,D F M S,West Bromwich Albion,2,2.595402989536524,5.739621663466096,2.1270166896283627,2017
1737,Matt Phillips,33,1823,2,2.9235164280980825,1,3.245670160278678,22,25,1,0,M S,West Bromwich Albion,2,2.9235164280980825,7.040547264739871,2.6132324263453484,2020
