id,player_name,games,time,goals,xG,assists,xA,shots,key_passes,yellow_cards,red_cards,position,team_title,npg,npxG,xGChain,xGBuildup,season
738,Lee Cattermole,28,2367,1,0.23088709823787212,0,1.0550355045124888,10,12,14,0,M S,Sunderland,1,0.23088709823787212,5.4220426101237535,4.694637179374695,2014
738,Lee Cattermole,31,2230,0,0.4802329000085592,0,1.7009663991630077,11,23,8,0,M S,Sunderland,0,0.4802329000085592,3.794590956531465,2.3901334600523114,2015
738,Lee Cattermole,8,652,0,0.07008400000631809,0,0.025604700669646263,4,2,4,0,M,Sunderland,0,0.07008400000631809,0.4442413989454508,0.39215150102972984,2016
