id,player_name,games,time,goals,xG,assists,xA,shots,key_passes,yellow_cards,red_cards,position,team_title,npg,npxG,xGChain,xGBuildup,season
5136,Estupiñán,35,2707,1,2.3249325277283788,5,5.642439822666347,30,50,4,0,D S,Brighton,1,2.3249325277283788,18.086723536252975,12.671537213027477,2022
5136,Estupiñán,19,1239,2,1.034091948531568,3,3.28635298833251,11,26,4,0,D S,Brighton,2,1.034091948531568,8.131439451128244,5.950095744803548,2023
5136,Estupiñán,18,1415,0,0.7194833550602198,1,2.0068213902413845,14,20,3,0,D S,Brighton,0,0.7194833550602198,6.687048148363829,5.446375727653503,2024
5136,Estupiñán,18,1415,0,0.7194833550602198,1,2.0068213902413845,14,20,3,0,D S,Brighton,0,0.7194833550602198,6.687048148363829,5.446375727653503,2025
