id,player_name,games,time,goals,xG,assists,xA,shots,key_passes,yellow_cards,red_cards,position,team_title,npg,npxG,xGChain,xGBuildup,season
10527,Carlos Baleba,27,1303,0,0.7727098371833563,0,0.44668083963915706,21,8,7,0,M S,Brighton,0,0.7727098371833563,5.224796708673239,4.549104126170278,2023
10527,Carlos Baleba,20,1548,2,1.0799105018377304,1,0.750161612406373,28,14,5,1,M S,Brighton,2,1.0799105018377304,9.635040510445833,8.002321172505617,2024
10527,Carlos Baleba,20,1548,2,1.0799105018377304,1,0.750161612406373,28,14,5,1,M S,Brighton,2,1.0799105018377304,9.635040510445833,8.002321172505617,2025
