id,player_name,games,time,goals,xG,assists,xA,shots,key_passes,yellow_cards,red_cards,position,team_title,npg,npxG,xGChain,xGBuildup,season
5549,Luka Milivojevic,14,1230,2,1.9874194264411926,0,0.6430021040141582,14,5,4,0,M,Crystal Palace,0,0.46508159674704075,2.551720794290304,1.9109944943338633,2016
5549,Luka Milivojevic,36,3087,10,7.874590067192912,1,1.2642450015991926,42,21,8,0,M S,Crystal Palace,3,1.785385811701417,8.746629910543561,8.064284989610314,2017
5549,Luka Milivojevic,38,3420,12,10.49101559491828,2,3.390341717749834,57,59,10,0,M,Crystal Palace,2,2.1181955304928124,9.534868837334216,8.298606096766889,2018
5549,Luka Milivojevic,31,2519,3,2.4957163175567985,1,1.7364525254815817,31,29,12,0,M S,Crystal Palace,1,0.9733782848343253,4.50462407246232,3.9863292016088963,2019
5549,Luka Milivojevic,31,2374,1,2.213461126666516,1,1.7734648771584034,19,21,8,1,M S,Crystal Palace,0,0.6911234292201698,6.36730165919289,5.705258479341865,2020
5549,Luka Milivojevic,15,776,0,0.2893700925633311,0,0.6418907046318054,8,10,1,0,M S,Crystal Palace,0,0.2893700925633311,2.9156328924000263,2.5944893695414066,2021
5549,Luka Milivojevic,18,489,0,0.24163503013551235,0,0.15134879760444164,7,2,2,0,M S,Crystal Palace,0,0.24163503013551235,0.9400026239454746,0.7964588776230812,2022
