id,player_name,games,time,goals,xG,assists,xA,shots,key_passes,yellow_cards,red_cards,position,team_title,npg,npxG,xGChain,xGBuildup,season
4454,Tom Ince,7,302,0,0.803355410695076,0,0.04229079931974411,7,2,0,0,F M S,Hull,0,0.803355410695076,0.9460436310619116,0.16142219863831997,2014
4454,Tom Ince,33,2465,2,6.729042689315975,0,1.4676385000348091,70,18,0,0,M S,Huddersfield,2,6.729042689315975,11.467254269868135,3.950781467370689,2017
