id,player_name,games,time,goals,xG,assists,xA,shots,key_passes,yellow_cards,red_cards,position,team_title,npg,npxG,xGChain,xGBuildup,season
13019,Jack Clarke,18,574,0,1.0579534322023392,2,1.4400978442281485,11,10,1,0,M S,Ipswich,0,1.0579534322023392,2.7422572523355484,0.4869364872574806,2024
13019,Jack Clarke,18,574,0,1.0579534322023392,2,1.4400978442281485,11,10,1,0,M S,Ipswich,0,1.0579534322023392,2.7422572523355484,0.4869364872574806,2025
