id,player_name,games,time,goals,xG,assists,xA,shots,key_passes,yellow_cards,red_cards,position,team_title,npg,npxG,xGChain,xGBuildup,season
730,Patrick van Aanholt,28,2301,0,1.3164323018863797,5,4.8105680560693145,30,35,4,0,D M S,Sunderland,0,1.3164323018863797,9.270669225603342,5.968421086668968,2014
730,Patrick van Aanholt,33,2970,4,2.5419704327359796,3,3.7972379475831985,46,30,2,0,D M,Sunderland,4,2.5419704327359796,9.133831122890115,5.070300887338817,2015
730,Patrick van Aanholt,32,2493,5,3.4783157277852297,1,2.137767430394888,34,37,3,0,D F M S,"Crystal Palace,Sunderland",5,3.4783157277852297,5.739310670644045,2.414601368829608,2016
730,Patrick van Aanholt,28,2184,5,3.3932690117508173,1,2.4554789066314697,33,18,7,0,D S,Crystal Palace,5,3.3932690117508173,7.430776176974177,4.0984432231634855,2017
730,Patrick van Aanholt,36,3202,3,2.8111322969198227,2,4.718276297673583,45,35,3,0,D,Crystal Palace,3,2.8111322969198227,10.490814774297178,5.863854904659092,2018
730,Patrick van Aanholt,29,2517,3,2.040343215689063,2,3.5544343441724777,27,32,0,0,D,Crystal Palace,2,1.2791741993278265,5.900490781292319,4.38724903203547,2019
730,Patrick van Aanholt,22,1775,0,1.39833889529109,1,0.6495725978165865,18,12,2,0,D M S,Crystal Palace,0,1.39833889529109,4.809476420283318,3.354220826178789,2020
