id,player_name,games,time,goals,xG,assists,xA,shots,key_passes,yellow_cards,red_cards,position,team_title,npg,npxG,xGChain,xGBuildup,season
11058,Julio Enciso,20,798,4,4.214253352954984,2,1.779839888215065,38,13,1,0,F M S,Brighton,4,4.214253352954984,8.684670090675354,2.9589081732556224,2022
11058,Julio Enciso,12,476,0,1.770764671266079,2,2.3733056373894215,28,9,2,0,M S,Brighton,0,1.770764671266079,4.64084342494607,1.593938222154975,2023
11058,Julio Enciso,13,280,0,0.9765057731419802,1,0.8170725163072348,20,6,1,0,M S,"Brighton,Ipswich",0,0.9765057731419802,2.208322437480092,1.2485343515872955,2024
11058,Julio Enciso,13,280,0,0.9765057731419802,1,0.8170725163072348,20,6,1,0,M S,"Brighton,Ipswich",0,0.9765057731419802,2.208322437480092,1.2485343515872955,2025
