id,player_name,games,time,goals,xG,assists,xA,shots,key_passes,yellow_cards,red_cards,position,team_title,npg,npxG,xGChain,xGBuildup,season
3697,Odsonne Edouard,28,1579,6,6.533581294119358,4,2.171932205557823,40,21,4,0,F M S,Crystal Palace,5,5.772417314350605,10.204465180635452,2.602695971727371,2021
3697,Odsonne Edouard,35,1819,5,5.535292422398925,2,1.2745107971131802,39,17,3,0,F M S,Crystal Palace,5,5.535292422398925,7.545081002637744,2.812871368601918,2022
3697,Odsonne Edouard,30,1534,7,7.869511350989342,0,1.0359194399788976,51,18,4,0,F M S,Crystal Palace,7,7.869511350989342,8.31682275235653,2.1359799914062023,2023
3697,Odsonne Edouard,6,131,0,0.32568828761577606,0,0.10593332909047604,5,2,0,0,M S,"Crystal Palace,Leicester",0,0.32568828761577606,0.6215433776378632,0.18992176093161106,2024
3697,Odsonne Edouard,6,131,0,0.32568828761577606,0,0.10593332909047604,5,2,0,0,M S,"Crystal Palace,Leicester",0,0.32568828761577606,0.6215433776378632,0.18992176093161106,2025
