id,player_name,games,time,goals,xG,assists,xA,shots,key_passes,yellow_cards,red_cards,position,team_title,npg,npxG,xGChain,xGBuildup,season
8045,Eric Garcia,13,780,0,0.6039479970932007,0,0.22260919585824013,2,2,1,0,D S,Manchester City,0,0.6039479970932007,4.964903242886066,4.964903242886066,2019
8045,Eric Garcia,6,378,0,0.07463670149445534,0,0.00832298956811428,2,1,0,0,D S,Manchester City,0,0.07463670149445534,0.8594749793410301,0.7848389744758606,2020
