id,player_name,games,time,goals,xG,assists,xA,shots,key_passes,yellow_cards,red_cards,position,team_title,npg,npxG,xGChain,xGBuildup,season
12756,Rodrigo Gomes,16,527,1,0.4023246141150594,0,0.7940920908004045,4,9,0,0,D M S,Wolverhampton Wanderers,1,0.4023246141150594,1.2936158562079072,0.13201653212308884,2024
12756,Rodrigo Gomes,16,527,1,0.4023246141150594,0,0.7940920908004045,4,9,0,0,D M S,Wolverhampton Wanderers,1,0.4023246141150594,1.2936158562079072,0.13201653212308884,2025
