id,player_name,games,time,goals,xG,assists,xA,shots,key_passes,yellow_cards,red_cards,position,team_title,npg,npxG,xGChain,xGBuildup,season
2328,Thomas Partey,24,1543,0,1.157276201993227,2,1.1210453063249588,26,12,5,0,M S,Arsenal,0,1.157276201993227,7.274703920818865,5.83660644851625,2020
2328,Thomas Partey,24,2045,2,3.0227204682305455,1,0.8679594974964857,44,16,6,0,M S,Arsenal,2,3.0227204682305455,9.639081802219152,8.366636365652084,2021
2328,Thomas Partey,33,2484,3,2.229622021317482,0,1.9341314993798733,28,26,5,0,D M S,Arsenal,3,2.229622021317482,17.83293619006872,16.650026205927134,2022
2328,Thomas Partey,14,793,0,0.36420316621661186,0,0.4302750788629055,8,6,3,0,D M S,Arsenal,0,0.36420316621661186,5.986752610653639,5.494942259043455,2023
2328,Thomas Partey,22,1765,2,1.2941631637513638,2,1.882480714470148,17,12,2,0,D M S,Arsenal,2,1.2941631637513638,10.108826534822583,9.183064142242074,2024
2328,Thomas Partey,22,1765,2,1.2941631637513638,2,1.882480714470148,17,12,2,0,D M S,Arsenal,2,1.2941631637513638,10.108826534822583,9.183064142242074,2025
