id,player_name,games,time,goals,xG,assists,xA,shots,key_passes,yellow_cards,red_cards,position,team_title,npg,npxG,xGChain,xGBuildup,season
6273,Robin Koch,17,1124,0,0.5145202986896038,0,0.12580826226621866,9,4,1,0,D M S,Leeds,0,0.5145202986896038,4.677589327096939,4.523157007992268,2020
6273,Robin Koch,20,1573,0,1.0864260611124337,0,0.2802755981683731,13,5,3,0,D M S,Leeds,0,1.0864260611124337,4.028054466936737,3.2361267395317554,2021
6273,Robin Koch,36,3186,0,1.059426173567772,0,0.27208547480404377,17,6,7,0,D M,Leeds,0,1.059426173567772,4.464030422270298,3.8801174629479647,2022
