id,player_name,games,time,goals,xG,assists,xA,shots,key_passes,yellow_cards,red_cards,position,team_title,npg,npxG,xGChain,xGBuildup,season
5220,Kai Havertz,27,1523,4,6.352187737822533,3,1.5533829852938652,33,18,2,0,F M S,Chelsea,4,6.352187737822533,10.38293974660337,4.811912000179291,2020
5220,Kai Havertz,29,1829,8,10.670876573771238,3,2.567781189456582,56,21,3,0,F M S,Chelsea,8,10.670876573771238,17.61883545666933,5.07429869286716,2021
5220,Kai Havertz,35,2613,7,12.77656376361847,1,3.5748752877116203,71,38,5,0,F M S,Chelsea,6,12.015389770269394,17.850972719490528,5.238859623670578,2022
5220,Kai Havertz,37,2651,13,13.465729914605618,7,5.814370539039373,69,45,11,0,F M S,Arsenal,12,12.704561084508896,24.790123470127583,9.346141943708062,2023
5220,Kai Havertz,20,1758,8,11.10828186199069,2,2.4369448609650135,48,15,4,0,F M,Arsenal,8,11.10828186199069,14.783100828528404,4.6015784703195095,2024
5220,Kai Havertz,20,1758,8,11.10828186199069,2,2.4369448609650135,48,15,4,0,F M,Arsenal,8,11.10828186199069,14.783100828528404,4.6015784703195095,2025
