id,player_name,games,time,goals,xG,assists,xA,shots,key_passes,yellow_cards,red_cards,position,team_title,npg,npxG,xGChain,xGBuildup,season
7078,Sean Longstaff,9,694,1,0.753583425655961,0,0.5980704165995121,8,5,2,0,M S,Newcastle United,1,0.753583425655961,2.932642356492579,2.1394783705472946,2018
7078,Sean Longstaff,23,1354,1,1.1776159955188632,1,0.9336595013737679,25,15,2,1,M S,Newcastle United,1,1.1776159955188632,2.805942179635167,2.136907409876585,2019
7078,Sean Longstaff,22,1391,0,0.8264291062951088,1,0.9400976179167628,15,13,2,0,M S,Newcastle United,0,0.8264291062951088,3.0005825888365507,1.7070663180202246,2020
7078,Sean Longstaff,24,1459,1,0.7775498926639557,1,0.4642082992941141,15,7,1,0,M S,Newcastle United,1,0.7775498926639557,3.9193727876991034,2.9817814864218235,2021
7078,Sean Longstaff,33,2509,1,4.526227671653032,4,3.4510617526248097,33,23,2,0,M S,Newcastle United,1,4.526227671653032,12.269893657416105,6.193108232691884,2022
7078,Sean Longstaff,35,2748,6,7.077314300462604,2,3.0185976549983025,41,20,7,0,M S,Newcastle United,6,7.077314300462604,17.2361901816912,9.9536661230959,2023
7078,Sean Longstaff,18,701,0,0.4065457545220852,0,0.20866851694881916,6,4,2,0,M S,Newcastle United,0,0.4065457545220852,2.1645284295082092,1.791835017502308,2024
7078,Sean Longstaff,18,701,0,0.4065457545220852,0,0.20866851694881916,6,4,2,0,M S,Newcastle United,0,0.4065457545220852,2.1645284295082092,1.791835017502308,2025
