id,player_name,games,time,goals,xG,assists,xA,shots,key_passes,yellow_cards,red_cards,position,team_title,npg,npxG,xGChain,xGBuildup,season
574,Troy Deeney,38,3291,13,12.199151435866952,7,7.923330025747418,94,56,6,0,F M S,Watford,7,6.8709652265533805,15.776734061539173,3.990332132205367,2015
574,Troy Deeney,37,2940,10,8.593502411618829,4,3.109722388908267,42,40,7,0,F S,Watford,7,6.309996869415045,9.318240785971284,2.0820989906787872,2016
574,Troy Deeney,29,1832,5,7.1495320573449135,2,2.3760474361479282,36,26,1,1,F S,Watford,2,3.3436831198632717,7.171731054782867,2.7654132079333067,2017
574,Troy Deeney,32,2552,9,10.230634661391377,5,4.688376987352967,64,42,4,1,F S,Watford,8,9.469461711123586,13.362730434164405,2.953571230173111,2018
574,Troy Deeney,27,2253,10,11.589199660345912,2,3.7357018003240228,45,29,3,0,F S,Watford,5,7.022190598770976,11.63246042933315,3.334597068838775,2019
574,Troy Deeney,2,19,0,0.10941699892282486,0,0.03317100182175636,2,1,0,0,S,Watford,0,0.10941699892282486,0.14258800446987152,0,2021
