id,player_name,games,time,goals,xG,assists,xA,shots,key_passes,yellow_cards,red_cards,position,team_title,npg,npxG,xGChain,xGBuildup,season
9512,Valentino Livramento,28,2202,1,1.1455561704933643,1,2.9600232373923063,12,20,2,0,D S,Southampton,1,1.1455561704933643,7.637431217357516,4.881157960742712,2021
9512,Valentino Livramento,2,19,0,0,0,0,0,0,0,0,S,Southampton,0,0,0,0,2022
9512,Valentino Livramento,26,1275,1,0.961045878008008,0,1.0808788742870092,4,12,1,0,D S,Newcastle United,1,0.961045878008008,6.6416795793920755,5.265429927036166,2023
9512,Valentino Livramento,22,1589,0,0.04214197210967541,0,0.8019510377198458,2,10,0,0,D S,Newcastle United,0,0.04214197210967541,7.4695353880524635,7.077895810827613,2024
9512,Valentino Livramento,22,1589,0,0.04214197210967541,0,0.8019510377198458,2,10,0,0,D S,Newcastle United,0,0.04214197210967541,7.4695353880524635,7.077895810827613,2025
