id,player_name,games,time,goals,xG,assists,xA,shots,key_passes,yellow_cards,red_cards,position,team_title,npg,npxG,xGChain,xGBuildup,season
1711,Adam Forshaw,34,2711,0,1.3408304303884506,1,2.229192676022649,28,28,4,0,M S,Middlesbrough,0,1.3408304303884506,7.789724363014102,5.232129832729697,2016
1711,Adam Forshaw,22,1524,0,0.4842451997101307,1,1.040744410827756,14,13,5,0,M S,Leeds,0,0.4842451997101307,6.191522343084216,4.898990090936422,2021
1711,Adam Forshaw,12,470,0,0.01066362950950861,0,0.4425672311335802,1,8,0,0,M S,Leeds,0,0.01066362950950861,0.4591790921986103,0.44851546362042427,2022
