id,player_name,games,time,goals,xG,assists,xA,shots,key_passes,yellow_cards,red_cards,position,team_title,npg,npxG,xGChain,xGBuildup,season
62,Lukas Rupp,12,701,0,0.8557934034615755,0,0.775527186691761,4,8,1,0,M S,Norwich,0,0.8557934034615755,2.5548313884064555,0.9235105039551854,2019
62,Lukas Rupp,19,744,0,0.46627569291740656,0,1.3048201203346252,12,9,0,0,M S,Norwich,0,0.46627569291740656,2.5540910232812166,1.5202579200267792,2021
