id,player_name,games,time,goals,xG,assists,xA,shots,key_passes,yellow_cards,red_cards,position,team_title,npg,npxG,xGChain,xGBuildup,season
9284,Jakub Moder,12,643,0,0.9168103076517582,0,0.20512420311570168,13,3,0,0,D M S,Brighton,0,0.9168103076517582,1.8570118844509125,1.186261996626854,2020
9284,Jakub Moder,28,1709,0,3.1035482864826918,3,2.5826615393161774,28,16,1,0,D F M S,Brighton,0,3.1035482864826918,7.955996491014957,3.4272286519408226,2021
9284,Jakub Moder,17,586,0,0.8932432122528553,0,0.7571170665323734,11,5,2,0,D M S,Brighton,0,0.8932432122528553,2.4987766928970814,1.1246388629078865,2023
9284,Jakub Moder,4,4,0,0,0,0.2036565337330103,0,3,0,0,S,Brighton,0,0,0.13312120735645294,0.0772198848426342,2024
9284,Jakub Moder,4,4,0,0,0,0.2036565337330103,0,3,0,0,S,Brighton,0,0,0.13312120735645294,0.0772198848426342,2025
