id,player_name,games,time,goals,xG,assists,xA,shots,key_passes,yellow_cards,red_cards,position,team_title,npg,npxG,xGChain,xGBuildup,season
232,Jan Kirchhoff,15,1096,0,0.5767954010516405,0,0.4666622933000326,8,11,0,0,M S,Sunderland,0,0.5767954010516405,3.1055965535342693,2.683108936995268,2015
232,Jan Kirchhoff,7,435,0,0.23402110487222672,0,0.07513339817523956,3,1,1,0,M S,Sunderland,0,0.23402110487222672,0.4459524992853403,0.3587134052067995,2016
