id,player_name,games,time,goals,xG,assists,xA,shots,key_passes,yellow_cards,red_cards,position,team_title,npg,npxG,xGChain,xGBuildup,season
13020,Bilal El Khannouss,18,1036,2,0.47587456181645393,1,2.3352724965661764,12,17,1,0,M S,Leicester,2,0.47587456181645393,3.6011989265680313,2.068576205521822,2024
13020,Bilal El Khannouss,18,1036,2,0.47587456181645393,1,2.3352724965661764,12,17,1,0,M S,Leicester,2,0.47587456181645393,3.6011989265680313,2.068576205521822,2025
