id,player_name,games,time,goals,xG,assists,xA,shots,key_passes,yellow_cards,red_cards,position,team_title,npg,npxG,xGChain,xGBuildup,season
8865,Ollie Watkins,37,3330,14,16.280176680535078,5,5.314029790461063,98,45,2,1,F,Aston Villa,13,14.75783659145236,22.014022789895535,5.334985261783004,2020
8865,Ollie Watkins,35,2970,11,11.498160604387522,2,2.997610133141279,77,35,7,0,F S,Aston Villa,10,10.736988637596369,17.148511039093137,5.538892895914614,2021
8865,Ollie Watkins,37,3150,15,17.486295863986015,6,3.6740340031683445,85,30,4,0,F M S,Aston Villa,14,15.963956996798515,22.162564158439636,5.435315723530948,2022
8865,Ollie Watkins,37,3250,19,19.26459836959839,13,7.745744535699487,106,45,4,0,F,Aston Villa,19,19.26459836959839,29.229417741298676,5.899641819298267,2023
8865,Ollie Watkins,23,1646,10,13.841833293437958,5,2.9329457879066467,59,20,0,0,F S,Aston Villa,8,12.319495499134064,13.572265058755875,2.022079698741436,2024
8865,Ollie Watkins,23,1646,10,13.841833293437958,5,2.9329457879066467,59,20,0,0,F S,Aston Villa,8,12.319495499134064,13.572265058755875,2.022079698741436,2025
