id,player_name,games,time,goals,xG,assists,xA,shots,key_passes,yellow_cards,red_cards,position,team_title,npg,npxG,xGChain,xGBuildup,season
3422,João Moutinho,38,3053,1,0.5053662927821279,8,6.528557356446981,18,84,4,0,M S,Wolverhampton Wanderers,1,0.5053662927821279,9.50427212100476,7.778367883525789,2018
3422,João Moutinho,38,3100,1,0.6877672988921404,6,6.775041971355677,22,76,7,0,M S,Wolverhampton Wanderers,1,0.6877672988921404,11.932693131268024,10.858657669275999,2019
3422,João Moutinho,33,2546,1,0.5027753990143538,1,1.6768403090536594,14,46,3,1,M S,Wolverhampton Wanderers,1,0.5027753990143538,7.028498159721494,6.2302312003448606,2020
3422,João Moutinho,35,2987,2,1.1245428025722504,1,2.7696392191573977,20,39,4,0,M S,Wolverhampton Wanderers,2,1.1245428025722504,10.469512518495321,8.526896640658379,2021
3422,João Moutinho,31,1778,0,0.9379508132115006,2,2.346919506788254,16,36,3,0,M S,Wolverhampton Wanderers,0,0.9379508132115006,4.733368762768805,3.6467056507244706,2022
