id,player_name,games,time,goals,xG,assists,xA,shots,key_passes,yellow_cards,red_cards,position,team_title,npg,npxG,xGChain,xGBuildup,season
13134,Ryan Manning,13,780,0,0.15219078585505486,0,1.3473570514470339,3,16,1,0,D M S,Southampton,0,0.15219078585505486,3.6779870186001062,2.5745237544178963,2024
13134,Ryan Manning,13,780,0,0.15219078585505486,0,1.3473570514470339,3,16,1,0,D M S,Southampton,0,0.15219078585505486,3.6779870186001062,2.5745237544178963,2025
