id,player_name,games,time,goals,xG,assists,xA,shots,key_passes,yellow_cards,red_cards,position,team_title,npg,npxG,xGChain,xGBuildup,season
1678,Michy Batshuayi,20,221,5,3.7648217137902975,1,0.027944400906562805,17,1,0,0,F S,Chelsea,5,3.7648217137902975,4.593408090993762,1.3137308955192566,2016
1678,Michy Batshuayi,12,342,2,1.3368121981620789,1,0.09397970139980316,13,1,0,0,F S,Chelsea,2,1.3368121981620789,1.5383563861250877,0.3729418031871319,2017
1678,Michy Batshuayi,11,766,5,3.6997976694256067,0,0.10409870184957981,27,2,0,0,F S,Crystal Palace,5,3.6997976694256067,5.173527579754591,1.5456322319805622,2018
1678,Michy Batshuayi,16,194,1,3.0388186499476433,1,0.2025039978325367,15,3,0,0,F S,Chelsea,1,3.0388186499476433,3.128811750560999,0.22043099999427795,2019
1678,Michy Batshuayi,18,706,2,1.3631452023983002,1,1.65472068823874,12,9,0,0,F S,Crystal Palace,2,1.3631452023983002,3.7080082334578037,1.4757321141660213,2020
