id,player_name,games,time,goals,xG,assists,xA,shots,key_passes,yellow_cards,red_cards,position,team_title,npg,npxG,xGChain,xGBuildup,season
1686,Curtis Davies,21,1823,0,1.4156257174909115,0,0.1381611004471779,12,2,2,0,D,Hull,0,1.4156257174909115,1.88539763353765,1.3858982156962156,2014
1686,Curtis Davies,26,2153,0,0.7267857976257801,2,1.024655893445015,10,2,4,0,D S,Hull,0,0.7267857976257801,1.030676201917231,1.030676201917231,2016
