id,player_name,games,time,goals,xG,assists,xA,shots,key_passes,yellow_cards,red_cards,position,team_title,npg,npxG,xGChain,xGBuildup,season
6382,Pedro Neto,29,911,3,1.893448617309332,3,2.6262173959985375,17,14,3,0,F M S,Wolverhampton Wanderers,3,1.893448617309332,7.689652973785996,4.6528638284653425,2019
6382,Pedro Neto,31,2570,5,5.494994781911373,6,5.738266875967383,62,61,4,0,F M S,Wolverhampton Wanderers,5,5.494994781911373,11.516653075814247,4.2069341987371445,2020
6382,Pedro Neto,13,451,1,1.6366959679871798,1,1.495248288847506,17,13,3,0,F M S,Wolverhampton Wanderers,1,1.6366959679871798,2.9315416989848018,0.7728354977443814,2021
6382,Pedro Neto,18,993,0,1.1067704604938626,0,2.707404026761651,17,20,1,0,D F M S,Wolverhampton Wanderers,0,1.1067704604938626,4.8898930717259645,2.710134506225586,2022
6382,Pedro Neto,20,1524,2,3.287029344588518,9,5.216042526066303,36,37,4,0,F M S,Wolverhampton Wanderers,2,3.287029344588518,8.703318819403648,2.2079212702810764,2023
6382,Pedro Neto,20,1056,1,1.160552917048335,2,2.6629183320328593,23,21,6,0,M S,Chelsea,1,1.160552917048335,6.317482385784388,3.335838958621025,2024
6382,Pedro Neto,20,1056,1,1.160552917048335,2,2.6629183320328593,23,21,6,0,M S,Chelsea,1,1.160552917048335,6.317482385784388,3.335838958621025,2025
