id,player_name,games,time,goals,xG,assists,xA,shots,key_passes,yellow_cards,red_cards,position,team_title,npg,npxG,xGChain,xGBuildup,season
790,Nathan Redmond,35,2321,6,3.4319807747378945,3,3.6447911020368338,54,45,0,0,M S,Norwich,6,3.4319807747378945,9.672524183057249,6.095174287445843,2015
790,Nathan Redmond,37,2917,7,4.817707560956478,1,5.891832923516631,83,57,2,1,F M S,Southampton,7,4.817707560956478,15.177735261619091,6.430120557546616,2016
790,Nathan Redmond,31,1947,1,2.318285396322608,3,4.201632303185761,44,42,3,0,F M S,Southampton,1,2.318285396322608,8.6934315841645,3.7126781288534403,2017
790,Nathan Redmond,38,3283,6,7.911501468159258,4,5.312565573491156,74,52,3,0,F M S,Southampton,6,7.911501468159258,16.49272551946342,5.913362832739949,2018
790,Nathan Redmond,32,2781,4,5.287323888391256,4,3.6244101859629154,59,38,2,0,F M,Southampton,4,5.287323888391256,13.674614310264587,6.0878562945872545,2019
790,Nathan Redmond,29,1718,2,3.8337903171777725,3,3.353081863373518,45,29,1,0,F M S,Southampton,2,3.8337903171777725,8.99761745147407,3.267556704580784,2020
790,Nathan Redmond,27,1829,1,1.6321709342300892,5,4.070743652060628,26,34,0,0,D F M S,Southampton,1,1.6321709342300892,7.378807194530964,3.2111310930922627,2021
790,Nathan Redmond,1,1,0,0,0,0,0,0,0,0,S,Southampton,0,0,0,0,2022
790,Nathan Redmond,12,100,0,0,0,0.2518436722457409,0,4,1,0,S,Burnley,0,0,0.9050039984285831,0.8224344961345196,2023
