id,player_name,games,time,goals,xG,assists,xA,shots,key_passes,yellow_cards,red_cards,position,team_title,npg,npxG,xGChain,xGBuildup,season
728,Lamine Koné,15,1318,2,2.458799561485648,1,0.7516853213310242,10,5,0,0,D,Sunderland,2,2.458799561485648,1.0659353137016296,1.0217672139406204,2015
728,Lamine Koné,30,2544,1,1.9712954126298428,0,0.520187608897686,17,2,4,0,D S,Sunderland,1,1.9712954126298428,1.0570594035089016,1.0570594035089016,2016
