id,player_name,games,time,goals,xG,assists,xA,shots,key_passes,yellow_cards,red_cards,position,team_title,npg,npxG,xGChain,xGBuildup,season
1682,Islam Slimani,23,1275,7,6.823915811255574,4,2.0667077153921127,35,17,1,0,F S,Leicester,6,6.062746794894338,7.707016736268997,2.0830835541710258,2016
1682,Islam Slimani,16,353,1,1.3148727025836706,1,0.5046326089650393,7,6,1,0,F S,"Leicester,Newcastle United",1,1.3148727025836706,1.9866017159074545,0.6662204060703516,2017
1682,Islam Slimani,1,17,0,0.10036899894475937,0,0.07683449983596802,1,1,0,0,S,Leicester,0,0.10036899894475937,0.17720399796962738,0,2020
