id,player_name,games,time,goals,xG,assists,xA,shots,key_passes,yellow_cards,red_cards,position,team_title,npg,npxG,xGChain,xGBuildup,season
589,James McCarthy,28,2416,2,1.406343501061201,1,1.040039410814643,19,16,7,0,M S,Everton,2,1.406343501061201,8.40133503638208,6.607741830870509,2014
589,James McCarthy,29,2445,2,0.8192178858444095,2,1.3880207985639572,16,14,5,1,M,Everton,2,0.8192178858444095,9.486362321302295,7.581050584092736,2015
589,James McCarthy,12,608,1,0.4602263029664755,1,0.2503915000706911,6,5,2,0,M S,Everton,1,0.4602263029664755,2.297516133636236,1.6062764897942543,2016
589,James McCarthy,4,210,0,0.02804959937930107,0,0.024386299774050713,1,1,0,0,M S,Everton,0,0.02804959937930107,0.6067057177424431,0.554270014166832,2017
589,James McCarthy,1,11,0,0,0,0,0,0,0,0,S,Everton,0,0,0,0,2018
589,James McCarthy,33,1641,0,0.4151823967695236,0,1.3983890786767006,12,17,9,0,M S,Crystal Palace,0,0.4151823967695236,3.684042476117611,2.971498465165496,2019
589,James McCarthy,16,834,0,0.012277700006961823,0,0.2898285947740078,1,5,1,0,M S,Crystal Palace,0,0.012277700006961823,1.1981807127594948,1.0280193164944649,2020
