id,player_name,games,time,goals,xG,assists,xA,shots,key_passes,yellow_cards,red_cards,position,team_title,npg,npxG,xGChain,xGBuildup,season
5603,Aaron Ramsdale,37,3330,0,0,1,0.5314233005046844,0,2,0,0,GK,Bournemouth,0,0,2.1673740642145276,1.6359507637098432,2019
5603,Aaron Ramsdale,38,3420,0,0,0,0.07767169922590256,0,2,1,0,GK,Sheffield United,0,0,2.899687790311873,2.8220167020335793,2020
5603,Aaron Ramsdale,34,3060,0,0,0,0,0,0,1,0,GK,Arsenal,0,0,3.995810028165579,3.995810028165579,2021
5603,Aaron Ramsdale,38,3420,0,0,0,0,0,0,1,0,GK,Arsenal,0,0,5.103533525019884,5.103533525019884,2022
5603,Aaron Ramsdale,6,540,0,0,0,0,0,0,0,0,GK,Arsenal,0,0,0.7832736372947693,0.7832736372947693,2023
5603,Aaron Ramsdale,15,1350,0,0,0,0,0,0,1,0,GK,Southampton,0,0,1.371729239821434,1.371729239821434,2024
5603,Aaron Ramsdale,15,1350,0,0,0,0,0,0,1,0,GK,Southampton,0,0,1.371729239821434,1.371729239821434,2025
