id,player_name,games,time,goals,xG,assists,xA,shots,key_passes,yellow_cards,red_cards,position,team_title,npg,npxG,xGChain,xGBuildup,season
571,Ben Watson,35,2814,2,0.4924735939130187,0,2.1229016734287143,17,33,4,0,M S,Watford,2,0.4924735939130187,5.762443410232663,5.366294101811945,2015
571,Ben Watson,4,46,0,0,0,0,0,0,0,1,S,Watford,0,0,0.46350300312042236,0.46350300312042236,2016
571,Ben Watson,8,463,0,0.043156698346138,0,0.18224840238690376,1,3,1,0,M S,Watford,0,0.043156698346138,0.3476935885846615,0.33013218827545643,2017
