id,player_name,games,time,goals,xG,assists,xA,shots,key_passes,yellow_cards,red_cards,position,team_title,npg,npxG,xGChain,xGBuildup,season
7707,Enda Stevens,38,3350,2,1.5212564039975405,4,5.414861211553216,22,34,7,0,D,Sheffield United,2,1.5212564039975405,13.609743199311197,10.10498693305999,2019
7707,Enda Stevens,30,2700,0,1.447223442606628,1,1.609739189967513,16,17,6,0,D M,Sheffield United,0,1.447223442606628,8.22920673713088,6.430097249336541,2020
