id,player_name,games,time,goals,xG,assists,xA,shots,key_passes,yellow_cards,red_cards,position,team_title,npg,npxG,xGChain,xGBuildup,season
8224,William Smallbone,9,401,0,0.2958714999258518,2,0.17217089980840683,6,3,0,0,M S,Southampton,0,0.2958714999258518,1.059663400053978,0.6332474043592811,2019
8224,William Smallbone,3,174,0,0.04609239846467972,0,0,1,0,0,0,M S,Southampton,0,0.04609239846467972,0.1866139993071556,0.14052200317382812,2020
8224,William Smallbone,4,136,0,0.06670799851417542,0,0.05095230042934418,1,1,0,0,F M S,Southampton,0,0.06670799851417542,0.06670799851417542,0,2021
8224,William Smallbone,7,279,0,0.2582741677761078,0,0.20604629814624786,4,3,0,0,M S,Southampton,0,0.2582741677761078,1.28419678658247,1.1761329732835293,2024
8224,William Smallbone,7,279,0,0.2582741677761078,0,0.20604629814624786,4,3,0,0,M S,Southampton,0,0.2582741677761078,1.28419678658247,1.1761329732835293,2025
