id,player_name,games,time,goals,xG,assists,xA,shots,key_passes,yellow_cards,red_cards,position,team_title,npg,npxG,xGChain,xGBuildup,season
921,Darron Gibson,9,406,0,0.2926197061315179,0,0.01934259943664074,10,2,0,0,M S,Everton,0,0.2926197061315179,1.506383428350091,1.223554015159607,2014
921,Darron Gibson,7,236,0,0.038846300914883614,1,0.5095470063388348,2,4,3,0,M S,Everton,0,0.038846300914883614,2.534251995384693,2.0148770064115524,2015
921,Darron Gibson,12,647,0,0.135678899474442,0,0.04159500077366829,6,2,4,0,M S,Sunderland,0,0.135678899474442,0.5205936934798956,0.4546896982938051,2016
