id,player_name,games,time,goals,xG,assists,xA,shots,key_passes,yellow_cards,red_cards,position,team_title,npg,npxG,xGChain,xGBuildup,season
552,Ander Herrera,26,1877,6,2.0372255984693766,4,2.11998759675771,37,26,6,0,M S,Manchester United,6,2.0372255984693766,11.650219334289432,8.672010101377964,2014
552,Ander Herrera,27,1535,3,2.770497987046838,2,2.1379278171807528,24,21,4,0,M S,Manchester United,2,2.0093289706856012,6.950199795886874,4.081738583743572,2015
552,Ander Herrera,31,2466,1,1.4344899840652943,6,3.9950235225260258,38,36,5,1,M S,Manchester United,1,1.4344899840652943,14.326553829014301,10.754210541024804,2016
552,Ander Herrera,26,1249,0,0.41046069376170635,2,1.4179544849321246,12,11,5,0,M S,Manchester United,0,0.41046069376170635,4.201274625957012,3.252491995692253,2017
552,Ander Herrera,22,1404,2,1.511772520840168,3,2.056090025231242,21,15,4,0,D M S,Manchester United,2,1.511772520840168,10.2428825404495,8.346531592309475,2018
