id,player_name,games,time,goals,xG,assists,xA,shots,key_passes,yellow_cards,red_cards,position,team_title,npg,npxG,xGChain,xGBuildup,season
750,Riyad Mahrez,30,2091,4,4.9231941951438785,3,6.0565097238868475,63,44,0,0,M S,Leicester,4,4.9231941951438785,11.14942330494523,3.29692639131099,2014
750,Riyad Mahrez,37,3087,17,11.88214811310172,11,11.454100407660007,86,68,1,0,M S,Leicester,13,7.315134212374687,21.18505117855966,7.174406236037612,2015
750,Riyad Mahrez,36,2859,6,8.950818019919097,3,6.248245885595679,76,52,4,0,F M S,Leicester,3,5.144971984438598,12.870516391471028,4.793384972028434,2016
750,Riyad Mahrez,36,2977,12,6.613530645146966,10,7.551042467355728,74,57,2,0,F M S,Leicester,12,6.613530645146966,15.855965666472912,6.466543274000287,2017
750,Riyad Mahrez,27,1333,7,6.61693406291306,4,5.006450802087784,54,24,0,0,F M S,Manchester City,7,5.855765061452985,14.370971381664276,6.827348282560706,2018
750,Riyad Mahrez,33,1938,11,8.649655694141984,9,11.059849355369806,74,60,0,0,F M S,Manchester City,10,7.888486390933394,27.765530444681644,13.285876329988241,2019
750,Riyad Mahrez,27,1961,9,6.232445145025849,6,6.086521776393056,58,45,0,0,F M S,Manchester City,9,6.232445145025849,18.846322424709797,9.170802794396877,2020
750,Riyad Mahrez,28,1468,11,10.123590916395187,5,3.9328212067484856,61,40,0,0,F M S,Manchester City,7,6.317741796374321,14.36690728366375,6.279024379327893,2021
750,Riyad Mahrez,30,1941,5,5.864552567712963,10,6.157492842525244,43,51,2,0,F M S,Manchester City,4,5.1033805115148425,18.33359582722187,11.644092932343483,2022
