id,player_name,games,time,goals,xG,assists,xA,shots,key_passes,yellow_cards,red_cards,position,team_title,npg,npxG,xGChain,xGBuildup,season
4401,Emiliano Martinez,4,299,0,0,0,0,0,0,0,0,GK S,Arsenal,0,0,0.4130877871066332,0.4130877871066332,2014
4401,Emiliano Martinez,2,180,0,0,0,0,0,0,0,0,GK,Arsenal,0,0,0.1645912043750286,0.1645912043750286,2016
4401,Emiliano Martinez,9,771,0,0,0,0,0,0,2,0,GK S,Arsenal,0,0,0.9078709222376347,0.9078709222376347,2019
4401,Emiliano Martinez,38,3420,0,0,0,0.12292340397834778,0,2,1,0,GK,Aston Villa,0,0,3.7309096455574036,3.6079864501953125,2020
4401,Emiliano Martinez,36,3240,0,0,0,0,0,0,4,0,GK,Aston Villa,0,0,2.479881220497191,2.479881220497191,2021
4401,Emiliano Martinez,36,3143,0,0,0,0.1398649960756302,0,2,7,0,GK,Aston Villa,0,0,5.826399106532335,5.68653410859406,2022
4401,Emiliano Martinez,34,3022,0,0,0,0.018454523757100105,0,1,4,0,GK,Aston Villa,0,0,9.158851562067866,9.140397010371089,2023
4401,Emiliano Martinez,23,2031,0,0,0,0,0,0,2,0,GK,Aston Villa,0,0,2.9807230066508055,2.9807230066508055,2024
4401,Emiliano Martinez,23,2031,0,0,0,0,0,0,2,0,GK,Aston Villa,0,0,2.9807230066508055,2.9807230066508055,2025
