id,player_name,games,time,goals,xG,assists,xA,shots,key_passes,yellow_cards,red_cards,position,team_title,npg,npxG,xGChain,xGBuildup,season
717,Bafétimbi Gomis,31,1619,7,7.497829519212246,0,0.8869193764403462,69,13,0,0,F S,Swansea,7,7.497829519212246,7.2545317858457565,1.5422120690345764,2014
717,Bafétimbi Gomis,33,1685,6,6.098333736881614,0,2.4120547231286764,59,17,0,0,F S,Swansea,5,5.337160786613822,8.543976483866572,2.369196319952607,2015
