id,player_name,games,time,goals,xG,assists,xA,shots,key_passes,yellow_cards,red_cards,position,team_title,npg,npxG,xGChain,xGBuildup,season
12749,Wes Burns,18,962,0,0.41338271275162697,1,2.2046328485012054,7,10,1,0,M S,Ipswich,0,0.41338271275162697,3.0202110949903727,0.9018877614289522,2024
12749,Wes Burns,18,962,0,0.41338271275162697,1,2.2046328485012054,7,10,1,0,M S,Ipswich,0,0.41338271275162697,3.0202110949903727,0.9018877614289522,2025
