id,player_name,games,time,goals,xG,assists,xA,shots,key_passes,yellow_cards,red_cards,position,team_title,npg,npxG,xGChain,xGBuildup,season
527,Adrián,38,3392,0,0,0,0.12958149798214436,0,3,3,1,GK,West Ham,0,0,2.7573785092681646,2.6922287922352552,2014
527,Adrián,32,2880,0,0,0,0,0,0,1,1,GK,West Ham,0,0,2.9404459968209267,2.9404459968209267,2015
527,Adrián,16,1440,0,0,0,0.02736870013177395,0,1,1,0,GK,West Ham,0,0,0.47122979909181595,0.44386110082268715,2016
527,Adrián,19,1710,0,0,0,0,0,0,2,0,GK,West Ham,0,0,0.913073118776083,0.913073118776083,2017
527,Adrián,11,873,0,0,0,0,0,0,1,0,GK S,Liverpool,0,0,2.574332058429718,2.574332058429718,2019
527,Adrián,3,270,0,0,0,0,0,0,0,0,GK,Liverpool,0,0,0.3974395953118801,0.3974395953118801,2020
