id,player_name,games,time,goals,xG,assists,xA,shots,key_passes,yellow_cards,red_cards,position,team_title,npg,npxG,xGChain,xGBuildup,season
7218,Cristian Romero,22,1850,1,0.41147589311003685,0,0.37772289104759693,6,6,8,0,D S,Tottenham,1,0.41147589311003685,9.463019106537104,9.053347896784544,2021
7218,Cristian Romero,27,2367,0,0.859663300216198,1,0.888403657823801,11,8,9,1,D S,Tottenham,0,0.859663300216198,11.60316402465105,11.202729418873787,2022
7218,Cristian Romero,33,2796,5,3.9851038865745068,0,0.3418706227093935,24,7,7,1,D,Tottenham,5,3.9851038865745068,17.811701461672783,16.453976824879646,2023
7218,Cristian Romero,12,976,1,1.2029815949499607,0,0.5379867702722549,11,6,1,0,D,Tottenham,1,1.2029815949499607,4.687882646918297,4.436505913734436,2024
7218,Cristian Romero,12,976,1,1.2029815949499607,0,0.5379867702722549,11,6,1,0,D,Tottenham,1,1.2029815949499607,4.687882646918297,4.436505913734436,2025
