id,player_name,games,time,goals,xG,assists,xA,shots,key_passes,yellow_cards,red_cards,position,team_title,npg,npxG,xGChain,xGBuildup,season
712,Jack Cork,27,1795,3,3.1307579837739468,0,0.7083081966266036,8,12,1,0,M S,"Southampton,Swansea",3,3.1307579837739468,8.94570174254477,7.323183951899409,2014
712,Jack Cork,35,2543,1,0.918854609131813,2,1.9600159134715796,19,30,3,0,M S,Swansea,1,0.918854609131813,7.81073460355401,6.233916888013482,2015
712,Jack Cork,30,2233,0,1.3317926889285445,0,1.22106858715415,18,13,7,0,M S,Swansea,0,1.3317926889285445,5.688696321099997,4.599153725430369,2016
712,Jack Cork,38,3420,2,1.695135110989213,1,0.7797284973785281,16,18,7,0,M,Burnley,2,1.695135110989213,6.570966776460409,5.121952967718244,2017
712,Jack Cork,37,3315,1,1.5164046045392752,2,2.2603954570367932,17,18,6,0,M,Burnley,1,1.5164046045392752,5.233603692613542,3.0894580762833357,2018
712,Jack Cork,30,2627,0,1.3451761966571212,0,1.172847704961896,18,12,1,0,M,Burnley,0,1.3451761966571212,6.311918627470732,4.833095049485564,2019
712,Jack Cork,16,1355,0,0.19732670206576586,0,0.3305272376164794,5,8,2,0,M S,Burnley,0,0.19732670206576586,2.8145491192117333,2.498658921569586,2020
712,Jack Cork,20,1689,1,0.7342861033976078,0,0.1921836994588375,7,6,4,0,M,Burnley,1,0.7342861033976078,3.6798261487856507,3.4212030777707696,2021
712,Jack Cork,4,16,0,0,0,0,0,0,0,0,S,Burnley,0,0,0.24877267330884933,0.24877267330884933,2023
