id,player_name,games,time,goals,xG,assists,xA,shots,key_passes,yellow_cards,red_cards,position,team_title,npg,npxG,xGChain,xGBuildup,season
840,Dusan Tadic,31,2072,4,5.627575958147645,7,9.004418820142746,53,68,2,0,F M S,Southampton,3,4.105238314718008,18.353964269161224,7.751159617677331,2014
840,Dusan Tadic,34,2318,7,6.417935328558087,12,8.644171416759491,57,74,2,0,M S,Southampton,6,5.656765328720212,17.130920086055994,5.140122601762414,2015
840,Dusan Tadic,33,2457,3,6.760316548869014,5,5.7028485760092735,63,66,4,0,F M S,Southampton,2,5.237976578995585,13.268406096845865,6.236922853626311,2016
840,Dusan Tadic,36,2854,6,5.660929972305894,3,6.163575306534767,40,59,4,0,F M S,Southampton,5,4.899760695174336,14.321497606113553,4.343610278330743,2017
