id,player_name,games,time,goals,xG,assists,xA,shots,key_passes,yellow_cards,red_cards,position,team_title,npg,npxG,xGChain,xGBuildup,season
810,Stéphane Sessegnon,28,1768,1,2.1281250156462193,3,2.7812051149085164,29,32,5,0,F M S,West Bromwich Albion,1,2.1281250156462193,8.531753493472934,3.9461129438132048,2014
810,Stéphane Sessegnon,25,1770,2,1.287262612953782,2,2.786615217104554,31,27,1,0,F M S,West Bromwich Albion,2,1.287262612953782,6.163075953722,3.9116171952337027,2015
