id,player_name,games,time,goals,xG,assists,xA,shots,key_passes,yellow_cards,red_cards,position,team_title,npg,npxG,xGChain,xGBuildup,season
5612,Anwar El Ghazi,34,2082,4,6.381359378807247,4,2.877202283591032,53,30,3,0,F M S,Aston Villa,3,5.62019136082381,8.016559479758143,2.2102830801159143,2019
5612,Anwar El Ghazi,28,1612,10,9.037513121031225,0,1.882866207510233,64,26,2,0,F M S,Aston Villa,6,5.9928371934220195,7.845566677860916,2.691346569918096,2020
5612,Anwar El Ghazi,11,380,1,0.9790227208286524,1,0.2625085022300482,8,5,2,0,F M S,"Aston Villa,Everton",0,0.21785360015928745,0.6096942089498043,0.30974540673196316,2021
