id,player_name,games,time,goals,xG,assists,xA,shots,key_passes,yellow_cards,red_cards,position,team_title,npg,npxG,xGChain,xGBuildup,season
842,Oriol Romeu,29,1598,1,1.7555863121524453,0,1.012617589905858,28,11,7,0,M S,Southampton,1,1.7555863121524453,6.841692263260484,5.275686334818602,2015
842,Oriol Romeu,35,3071,1,1.8110417937859893,0,1.178143517114222,28,17,11,0,M,Southampton,1,1.8110417937859893,11.352103375829756,10.563424084335566,2016
842,Oriol Romeu,34,2911,1,2.579035830684006,0,1.6574509656056762,27,22,11,0,M,Southampton,1,2.579035830684006,8.539150275290012,7.1374612133949995,2017
842,Oriol Romeu,31,2155,1,0.9572868924587965,0,1.7065831888467073,10,9,11,0,M S,Southampton,1,0.9572868924587965,7.155798530206084,5.4250836707651615,2018
842,Oriol Romeu,30,1865,0,0.19726180098950863,0,1.7172303851693869,8,19,5,0,M S,Southampton,0,0.19726180098950863,4.205227505415678,3.2390684988349676,2019
842,Oriol Romeu,21,1777,1,0.4458273034542799,1,1.53680650703609,14,14,6,0,M S,Southampton,1,0.4458273034542799,6.2380435317754745,5.063458546996117,2020
842,Oriol Romeu,36,2905,2,1.503213438205421,2,3.038078627549112,24,37,9,0,M S,Southampton,2,1.503213438205421,10.693723781965673,8.413189874961972,2021
842,Oriol Romeu,1,77,0,0,0,0,0,0,0,0,M,Southampton,0,0,0,0,2022
