id,player_name,games,time,goals,xG,assists,xA,shots,key_passes,yellow_cards,red_cards,position,team_title,npg,npxG,xGChain,xGBuildup,season
7069,Saman Ghoddos,17,499,1,0.7120704911649227,1,1.1907186191529036,8,6,2,0,D F M S,Brentford,1,0.7120704911649227,3.1678579915314913,1.429826844483614,2021
7069,Saman Ghoddos,15,93,0,0.05549100041389465,0,0.2644379809498787,1,4,0,0,S,Brentford,0,0.05549100041389465,0.963206484913826,0.9295362625271082,2022
7069,Saman Ghoddos,19,701,1,0.302081985399127,0,1.0297286342829466,9,10,5,0,D S,Brentford,1,0.302081985399127,2.3261738447472453,2.0678049931302667,2023
