id,player_name,games,time,goals,xG,assists,xA,shots,key_passes,yellow_cards,red_cards,position,team_title,npg,npxG,xGChain,xGBuildup,season
7589,Wesley Fofana,28,2274,0,1.376329679042101,0,0.28285560198128223,11,6,7,0,D S,Leicester,0,1.376329679042101,7.294463628903031,7.199465861544013,2020
7589,Wesley Fofana,7,630,0,0.5680099092423916,0,0.03604919835925102,3,2,2,0,D,Leicester,0,0.5680099092423916,2.999755318276584,2.980498324148357,2021
7589,Wesley Fofana,17,1372,1,0.8552336050197482,0,0.03663677629083395,8,2,4,0,D S,"Chelsea,Leicester",1,0.8552336050197482,4.4630372896790504,4.026877721771598,2022
7589,Wesley Fofana,12,1024,0,0.17787889018654823,0,0.5068396311253309,2,5,6,0,D,Chelsea,0,0.17787889018654823,4.747829936444759,4.2440133560448885,2024
7589,Wesley Fofana,12,1024,0,0.17787889018654823,0,0.5068396311253309,2,5,6,0,D,Chelsea,0,0.17787889018654823,4.747829936444759,4.2440133560448885,2025
