id,player_name,games,time,goals,xG,assists,xA,shots,key_passes,yellow_cards,red_cards,position,team_title,npg,npxG,xGChain,xGBuildup,season
701,Eden Hazard,38,3389,14,12.01608707383275,9,11.238891988992691,78,100,2,0,M,Chelsea,11,8.971413988620043,31.84057104587555,19.47631709650159,2014
701,Eden Hazard,31,2183,4,2.578371524810791,3,4.175006551668048,36,66,2,0,F M S,Chelsea,4,2.578371524810791,11.917035654187202,8.380612190812826,2015
701,Eden Hazard,36,3050,16,11.03284815326333,5,6.4405673667788506,77,88,3,0,F M,Chelsea,14,8.749343048781157,20.609466394409537,9.10812764801085,2016
701,Eden Hazard,34,2451,12,8.21246101334691,4,7.3030810207128525,71,84,2,0,F M S,Chelsea,10,6.690125960856676,19.69135767966509,9.29494846984744,2017
701,Eden Hazard,37,2935,16,12.29900643415749,15,11.570385755039752,93,98,2,0,F S,Chelsea,12,9.254331471398473,25.328698812052608,11.546570900827646,2018
