id,player_name,games,time,goals,xG,assists,xA,shots,key_passes,yellow_cards,red_cards,position,team_title,npg,npxG,xGChain,xGBuildup,season
620,Kelechi Iheanacho,26,727,8,4.937837693840265,1,1.5855757798999548,28,14,1,0,F M S,Manchester City,8,4.937837693840265,6.360714611597359,1.1206862023100257,2015
620,Kelechi Iheanacho,20,515,4,4.739896599203348,3,2.534386456012726,22,13,0,0,F S,Manchester City,4,4.739896599203348,7.544516956433654,2.492477960884571,2016
620,Kelechi Iheanacho,21,809,3,4.825843458995223,3,2.0846432354301214,29,11,2,0,F M S,Leicester,3,4.825843458995223,5.0668624844402075,0.6976029947400093,2017
620,Kelechi Iheanacho,30,911,1,2.579853634350002,3,1.3410564297810197,18,13,2,0,F M S,Leicester,1,2.579853634350002,5.289887831546366,1.9898737482726574,2018
620,Kelechi Iheanacho,20,976,5,5.901271965354681,3,2.5886508151888847,36,15,1,0,F M S,Leicester,5,5.901271965354681,8.980083491653204,1.3327803052961826,2019
620,Kelechi Iheanacho,25,1452,12,9.048603574745357,2,3.5340976137667894,59,28,1,0,F S,Leicester,12,8.287429581396282,13.961564272642136,3.4299194402992725,2020
620,Kelechi Iheanacho,26,1236,4,3.6333328122273088,5,2.7090907525271177,31,17,1,0,F S,Leicester,4,3.6333328122273088,7.717554868198931,1.7873298982158303,2021
620,Kelechi Iheanacho,28,1120,5,6.133550511673093,5,3.7054135501384735,39,22,0,0,F M S,Leicester,4,5.372381644323468,9.021692022681236,1.8175414633005857,2022
