id,player_name,games,time,goals,xG,assists,xA,shots,key_passes,yellow_cards,red_cards,position,team_title,npg,npxG,xGChain,xGBuildup,season
1823,Lucas Digne,35,2968,4,1.1999895963817835,4,7.708522620610893,34,71,5,1,D S,Everton,4,1.1999895963817835,9.515078864991665,5.531665774062276,2018
1823,Lucas Digne,35,3044,0,1.2571895029395819,7,6.390029456466436,29,72,6,0,D M,Everton,0,1.2571895029395819,8.197328303009272,5.132400823757052,2019
1823,Lucas Digne,30,2683,0,0.46404345985502005,7,5.960711717605591,13,45,2,1,D M,Everton,0,0.46404345985502005,10.744328988716006,6.58903550170362,2020
1823,Lucas Digne,29,2446,0,0.8612118046730757,4,3.5197858130559325,18,52,6,0,D,"Aston Villa,Everton",0,0.8612118046730757,7.2710800766944885,5.305216922424734,2021
1823,Lucas Digne,28,1494,1,0.4971364550292492,0,1.567529585212469,8,18,5,0,D S,Aston Villa,1,0.4971364550292492,4.502802707254887,3.2010582676157355,2022
1823,Lucas Digne,33,2406,1,1.2978818826377392,3,2.9300744011998177,20,37,7,0,D S,Aston Villa,1,1.2978818826377392,10.579740032553673,9.227116078138351,2023
1823,Lucas Digne,23,1772,0,0.7467816974967718,3,5.691843328997493,12,28,3,0,D S,Aston Villa,0,0.7467816974967718,6.491589920595288,5.028476061299443,2024
1823,Lucas Digne,23,1772,0,0.7467816974967718,3,5.691843328997493,12,28,3,0,D S,Aston Villa,0,0.7467816974967718,6.491589920595288,5.028476061299443,2025
