id,player_name,games,time,goals,xG,assists,xA,shots,key_passes,yellow_cards,red_cards,position,team_title,npg,npxG,xGChain,xGBuildup,season
866,Joselu,22,1072,4,3.42055097874254,1,0.8887685872614384,29,10,0,0,F S,Stoke,4,3.42055097874254,4.794702999293804,1.971492645330727,2015
866,Joselu,30,1730,4,6.360844762995839,1,1.2996560516767204,47,16,2,0,F M S,Newcastle United,4,5.599676789715886,7.894003544002771,2.67551751062274,2017
866,Joselu,16,565,2,1.805323009379208,0,0.012054899707436562,17,2,1,0,F S,Newcastle United,2,1.805323009379208,2.326708705164492,0.7505005151033401,2018
