id,player_name,games,time,goals,xG,assists,xA,shots,key_passes,yellow_cards,red_cards,position,team_title,npg,npxG,xGChain,xGBuildup,season
11709,Milos Kerkez,28,1982,0,1.6971189985051751,1,1.3916718121618032,16,13,4,1,D M S,Bournemouth,0,1.6971189985051751,7.389515491202474,5.424490239471197,2023
11709,Milos Kerkez,23,2014,2,0.5111015047878027,3,3.5292481780052185,13,22,3,0,D,Bournemouth,2,0.5111015047878027,8.38530644774437,5.949822725728154,2024
11709,Milos Kerkez,23,2014,2,0.5111015047878027,3,3.5292481780052185,13,22,3,0,D,Bournemouth,2,0.5111015047878027,8.38530644774437,5.949822725728154,2025
