id,player_name,games,time,goals,xG,assists,xA,shots,key_passes,yellow_cards,red_cards,position,team_title,npg,npxG,xGChain,xGBuildup,season
546,David de Gea,37,3315,0,0,0,0,0,0,0,0,GK,Manchester United,0,0,3.7251816000789404,3.7251816000789404,2014
546,David de Gea,34,3060,0,0,0,0,0,0,0,0,GK,Manchester United,0,0,2.8570724595338106,2.8570724595338106,2015
546,David de Gea,35,3150,0,0,0,0,0,0,2,0,GK,Manchester United,0,0,4.725034132599831,4.725034132599831,2016
546,David de Gea,37,3330,0,0,0,0.033325500786304474,0,1,0,0,GK,Manchester United,0,0,4.918443280272186,4.885117779485881,2017
546,David de Gea,38,3420,0,0,0,0,0,0,1,0,GK,Manchester United,0,0,3.3250256115570664,3.3250256115570664,2018
546,David de Gea,38,3420,0,0,0,0,0,0,2,0,GK,Manchester United,0,0,4.695207281969488,4.695207281969488,2019
546,David de Gea,26,2298,0,0,0,0,0,0,0,0,GK,Manchester United,0,0,2.1132496232166886,2.1132496232166886,2020
546,David de Gea,38,3420,0,0,0,0,0,0,0,0,GK,Manchester United,0,0,3.3520901668816805,3.3520901668816805,2021
546,David de Gea,38,3420,0,0,0,0.018550200387835503,0,1,0,0,GK,Manchester United,0,0,6.570318281650543,6.551768273115158,2022
