id,player_name,games,time,goals,xG,assists,xA,shots,key_passes,yellow_cards,red_cards,position,team_title,npg,npxG,xGChain,xGBuildup,season
830,Leon Britton,9,541,0,0,0,0.01674170047044754,0,1,1,0,M S,Swansea,0,0,0.9559799954295158,0.9559799954295158,2014
830,Leon Britton,25,1532,0,0.10181319899857044,0,0.0973522998392582,5,4,4,0,M S,Swansea,0,0.10181319899857044,2.0542130824178457,1.9618243854492903,2015
830,Leon Britton,16,1201,0,0,0,0.06224440038204193,0,2,3,0,M,Swansea,0,0,2.6232918053865433,2.607433795928955,2016
830,Leon Britton,5,308,0,0,0,0,0,0,1,0,M S,Swansea,0,0,0.6893031932413578,0.6893031932413578,2017
