id,player_name,games,time,goals,xG,assists,xA,shots,key_passes,yellow_cards,red_cards,position,team_title,npg,npxG,xGChain,xGBuildup,season
915,Rolando Aarons,4,121,1,0.3429449051618576,0,0.08277810364961624,7,2,1,0,S,Newcastle United,1,0.3429449051618576,0.42625200748443604,0.16750760097056627,2014
915,Rolando Aarons,10,365,1,0.4009544104337692,1,0.5955119878053665,2,5,1,0,D M S,Newcastle United,1,0.4009544104337692,1.9611597135663033,0.9918922856450081,2015
915,Rolando Aarons,4,133,0,0.045414301566779613,0,0,2,0,0,0,M S,Newcastle United,0,0.045414301566779613,0.08596080169081688,0.04054649919271469,2017
