id,player_name,games,time,goals,xG,assists,xA,shots,key_passes,yellow_cards,red_cards,position,team_title,npg,npxG,xGChain,xGBuildup,season
8780,Joël Veltman,28,2281,1,1.275618426501751,1,1.8462191317230463,14,22,3,0,D M S,Brighton,1,1.275618426501751,9.022528225556016,6.800672544166446,2020
8780,Joël Veltman,34,2895,1,0.7149845939129591,1,1.5885620079934597,12,17,6,0,D M S,Brighton,1,0.7149845939129591,7.89517766982317,6.9201454389840364,2021
8780,Joël Veltman,31,2215,1,1.3415516875684261,1,1.0200357679277658,14,10,6,0,D S,Brighton,1,1.3415516875684261,10.263392875902355,9.933882373385131,2022
8780,Joël Veltman,27,1549,1,0.7444530799984932,1,0.5223252037540078,6,4,4,0,D S,Brighton,1,0.7444530799984932,3.6864650389179587,3.0875401413068175,2023
8780,Joël Veltman,17,1486,0,0.19665476121008396,0,0.7567648589611053,5,6,4,0,D,Brighton,0,0.19665476121008396,5.430137613788247,4.6269094459712505,2024
8780,Joël Veltman,17,1486,0,0.19665476121008396,0,0.7567648589611053,5,6,4,0,D,Brighton,0,0.19665476121008396,5.430137613788247,4.6269094459712505,2025
