id,player_name,games,time,goals,xG,assists,xA,shots,key_passes,yellow_cards,red_cards,position,team_title,npg,npxG,xGChain,xGBuildup,season
8351,Ki-Jana Hoever,12,568,0,0.05745600163936615,0,0.1842530034482479,1,3,1,0,D S,Wolverhampton Wanderers,0,0.05745600163936615,1.222544588148594,1.0209383219480515,2020
8351,Ki-Jana Hoever,8,304,0,0.03382990136742592,0,0.08631429821252823,1,1,1,0,D S,Wolverhampton Wanderers,0,0.03382990136742592,0.5698080062866211,0.48349300026893616,2021
