id,player_name,games,time,goals,xG,assists,xA,shots,key_passes,yellow_cards,red_cards,position,team_title,npg,npxG,xGChain,xGBuildup,season
9738,Patson Daka,23,1164,5,5.1097992323338985,3,1.8195277228951454,26,13,2,0,F S,Leicester,5,5.1097992323338985,7.503917820751667,2.1623850176110864,2021
9738,Patson Daka,30,1164,4,4.064196912571788,4,2.733729289844632,30,17,2,0,F M S,Leicester,4,4.064196912571788,8.224425293505192,1.5247648544609547,2022
9738,Patson Daka,11,236,1,0.5788804227486253,0,0,7,0,0,0,F S,Leicester,1,0.5788804227486253,0.6925245439633727,0.11364410631358624,2024
9738,Patson Daka,11,236,1,0.5788804227486253,0,0,7,0,0,0,F S,Leicester,1,0.5788804227486253,0.6925245439633727,0.11364410631358624,2025
