id,player_name,games,time,goals,xG,assists,xA,shots,key_passes,yellow_cards,red_cards,position,team_title,npg,npxG,xGChain,xGBuildup,season
825,Adam Smith,31,2085,2,0.48813990131020546,0,1.1019454840570688,15,14,5,0,D M S,Bournemouth,2,0.48813990131020546,3.9739092104136944,3.1956596188247204,2015
825,Adam Smith,36,3094,1,1.389054604806006,5,4.811003897339106,26,30,6,0,D M S,Bournemouth,1,1.389054604806006,10.946810204535723,7.341879336163402,2016
825,Adam Smith,27,2067,1,0.4273650301620364,3,1.4670487884432077,13,21,6,0,D M S,Bournemouth,1,0.4273650301620364,4.557140359655023,3.196541078388691,2017
825,Adam Smith,25,2080,1,0.5962849920615554,1,0.5752321984618902,7,11,5,1,D M,Bournemouth,1,0.5962849920615554,8.29193640500307,7.586809826083481,2018
825,Adam Smith,24,2078,0,0.6926139984279871,1,1.273223688825965,4,10,7,0,D,Bournemouth,0,0.6926139984279871,5.350808300077915,4.599227916449308,2019
825,Adam Smith,37,2957,0,0.9768042117357254,1,1.4084933251142502,5,16,11,0,D M S,Bournemouth,0,0.9768042117357254,4.09709825925529,3.0260829851031303,2022
825,Adam Smith,28,2185,0,0.03963742405176163,2,1.4616671204566956,2,17,6,0,D S,Bournemouth,0,0.03963742405176163,7.450475042685866,6.158073959872127,2023
825,Adam Smith,17,1056,0,0.2666778862476349,0,0.1453368216753006,1,3,4,0,D S,Bournemouth,0,0.2666778862476349,4.525701532140374,4.113686854019761,2024
825,Adam Smith,17,1056,0,0.2666778862476349,0,0.1453368216753006,1,3,4,0,D S,Bournemouth,0,0.2666778862476349,4.525701532140374,4.113686854019761,2025
