id,player_name,games,time,goals,xG,assists,xA,shots,key_passes,yellow_cards,red_cards,position,team_title,npg,npxG,xGChain,xGBuildup,season
5712,Diego Carlos,3,203,0,0.7391797844320536,0,0.0345584973692894,4,1,0,0,D S,Aston Villa,0,0.7391797844320536,0.3409037049859762,0.3233499052003026,2022
5712,Diego Carlos,27,1784,0,1.8101312145590782,0,0.1100177364423871,9,4,4,0,D S,Aston Villa,0,1.8101312145590782,5.879810709506273,5.67356039211154,2023
5712,Diego Carlos,10,828,0,0.9728685170412064,0,0,4,0,1,0,D S,Aston Villa,0,0.9728685170412064,2.882016759365797,2.882016759365797,2024
5712,Diego Carlos,10,828,0,0.9728685170412064,0,0,4,0,1,0,D S,Aston Villa,0,0.9728685170412064,2.882016759365797,2.882016759365797,2025
