id,player_name,games,time,goals,xG,assists,xA,shots,key_passes,yellow_cards,red_cards,position,team_title,npg,npxG,xGChain,xGBuildup,season
600,Tim Howard,32,2845,0,0,0,0.019439099356532097,0,1,3,0,GK,Everton,0,0,2.098499508574605,2.079060496762395,2014
600,Tim Howard,25,2250,0,0,0,0.07264749705791473,0,1,1,0,GK,Everton,0,0,2.613373698666692,2.613373698666692,2015
