id,player_name,games,time,goals,xG,assists,xA,shots,key_passes,yellow_cards,red_cards,position,team_title,npg,npxG,xGChain,xGBuildup,season
6986,Hamed Junior Traore,7,435,0,0.7354794796556234,0,0.8439797200262547,6,14,0,0,M S,Bournemouth,0,0.7354794796556234,2.7735368348658085,1.6735216323286295,2022
6986,Hamed Junior Traore,3,32,0,0.13743155915290117,0,0.05982113257050514,3,1,0,0,S,Bournemouth,0,0.13743155915290117,0.5355859631672502,0.33833327889442444,2023
