id,player_name,games,time,goals,xG,assists,xA,shots,key_passes,yellow_cards,red_cards,position,team_title,npg,npxG,xGChain,xGBuildup,season
7689,Ben Godfrey,30,2649,0,0.8582229670137167,0,0.07431050203740597,15,3,3,1,D,Norwich,0,0.8582229670137167,6.353032384999096,6.246153076179326,2019
7689,Ben Godfrey,31,2682,0,0.7931147944182158,2,0.9784833025187254,14,4,4,0,D S,Everton,0,0.7931147944182158,5.550381664186716,4.866148971021175,2020
7689,Ben Godfrey,23,2034,0,1.3012615218758583,0,0.7069949032738805,18,12,6,0,D,Everton,0,1.3012615218758583,2.775720400735736,2.278058306314051,2021
7689,Ben Godfrey,13,799,0,0.7159480974078178,1,0.14869730174541473,6,3,2,0,D S,Everton,0,0.7159480974078178,0.38376419991254807,0.12421739473938942,2022
7689,Ben Godfrey,15,1131,0,2.1673798076808453,0,0.20296811684966087,15,3,2,0,D S,Everton,0,2.1673798076808453,1.4282750822603703,1.147367212921381,2023
7689,Ben Godfrey,1,65,0,0,0,0,0,0,0,0,D,Ipswich,0,0,0.09684164077043533,0.09684164077043533,2024
7689,Ben Godfrey,1,65,0,0,0,0,0,0,0,0,D,Ipswich,0,0,0.09684164077043533,0.09684164077043533,2025
