id,player_name,games,time,goals,xG,assists,xA,shots,key_passes,yellow_cards,red_cards,position,team_title,npg,npxG,xGChain,xGBuildup,season
11367,Victor Kristiansen,12,902,0,0.11820390075445175,1,0.6666268110275269,3,7,2,0,D S,Leicester,0,0.11820390075445175,2.8209515437483788,2.4717506989836693,2022
11367,Victor Kristiansen,20,1768,0,0.07255970686674118,1,1.5738184712827206,1,16,1,0,D,Leicester,0,0.07255970686674118,5.132134739309549,4.755251072347164,2024
11367,Victor Kristiansen,20,1768,0,0.07255970686674118,1,1.5738184712827206,1,16,1,0,D,Leicester,0,0.07255970686674118,5.132134739309549,4.755251072347164,2025
