id,player_name,games,time,goals,xG,assists,xA,shots,key_passes,yellow_cards,red_cards,position,team_title,npg,npxG,xGChain,xGBuildup,season
494,Laurent Koscielny,27,2289,3,1.2747428007423878,0,0.1164884977042675,8,2,4,0,D S,Arsenal,3,1.2747428007423878,3.6892703929916024,3.6175703862681985,2014
494,Laurent Koscielny,33,2848,4,3.3445703331381083,0,0.7183354124426842,19,8,3,0,D,Arsenal,4,3.3445703331381083,10.752087464556098,9.075531175360084,2015
494,Laurent Koscielny,33,2828,2,1.3298050742596388,0,0.1977356020361185,9,3,4,1,D,Arsenal,2,1.3298050742596388,7.749732313677669,7.706238312646747,2016
494,Laurent Koscielny,25,2232,2,2.1675616037100554,0,0.4440887998789549,9,7,4,0,D,Arsenal,2,2.1675616037100554,7.934890883974731,7.80208885949105,2017
494,Laurent Koscielny,17,1326,3,2.112583603709936,0,0.12015959993004799,5,2,1,0,D S,Arsenal,3,2.112583603709936,3.885789316147566,3.851030617952347,2018
