id,player_name,games,time,goals,xG,assists,xA,shots,key_passes,yellow_cards,red_cards,position,team_title,npg,npxG,xGChain,xGBuildup,season
612,Vincent Kompany,25,2035,0,0.32860000617802143,0,0.8567279204726219,6,4,7,0,D S,Manchester City,0,0.32860000617802143,8.872338181361556,8.623441951349378,2014
612,Vincent Kompany,14,1179,2,0.4174300068989396,0,0.08134989906102419,11,3,5,0,D S,Manchester City,2,0.4174300068989396,2.9507625503465533,2.9168542586266994,2015
612,Vincent Kompany,11,826,3,0.6902353912591934,0,0.5746745243668556,9,2,5,0,D S,Manchester City,3,0.6902353912591934,2.4782427847385406,2.434142768383026,2016
612,Vincent Kompany,17,1401,1,1.020152511075139,1,0.40822980646044016,9,4,6,0,D,Manchester City,1,1.020152511075139,10.810240657068789,10.643547595478594,2017
612,Vincent Kompany,17,1221,1,0.24023419804871082,0,0.07192529737949371,5,1,6,0,D S,Manchester City,1,0.24023419804871082,8.014269940555096,7.911121018230915,2018
