id,player_name,games,time,goals,xG,assists,xA,shots,key_passes,yellow_cards,red_cards,position,team_title,npg,npxG,xGChain,xGBuildup,season
7281,Diogo Dalot,16,1015,0,0.7152223102748394,2,2.7341757230460644,15,17,3,0,D F M S,Manchester United,0,0.7152223102748394,4.4227335145697,2.3708081021904945,2018
7281,Diogo Dalot,4,65,0,0.3715600073337555,0,0,1,0,0,0,D S,Manchester United,0,0.3715600073337555,0.39038110710680485,0.018821099773049355,2019
7281,Diogo Dalot,24,1790,0,0.660338506102562,0,0.8457392938435078,13,16,4,0,D S,Manchester United,0,0.660338506102562,7.871010458096862,6.755061635747552,2021
7281,Diogo Dalot,26,2164,1,2.207693471573293,2,1.9137129141017795,22,29,6,0,D S,Manchester United,1,2.207693471573293,11.690932909026742,8.903266048058867,2022
7281,Diogo Dalot,36,3171,2,1.3286937261000276,3,3.0855262465775013,30,38,4,1,D S,Manchester United,2,1.3286937261000276,10.952797057107091,8.364923918619752,2023
7281,Diogo Dalot,22,1949,0,1.094788994640112,1,1.661676986142993,15,15,4,0,D,Manchester United,0,1.094788994640112,7.513863532803953,5.938367486000061,2024
7281,Diogo Dalot,22,1949,0,1.094788994640112,1,1.661676986142993,15,15,4,0,D,Manchester United,0,1.094788994640112,7.513863532803953,5.938367486000061,2025
