id,player_name,games,time,goals,xG,assists,xA,shots,key_passes,yellow_cards,red_cards,position,team_title,npg,npxG,xGChain,xGBuildup,season
6098,Niclas Füllkrug,9,367,2,1.3404943607747555,1,1.164658322930336,8,7,1,0,F S,West Ham,2,1.3404943607747555,1.8836256265640259,0.8369727581739426,2024
6098,Niclas Füllkrug,9,367,2,1.3404943607747555,1,1.164658322930336,8,7,1,0,F S,West Ham,2,1.3404943607747555,1.8836256265640259,0.8369727581739426,2025
