id,player_name,games,time,goals,xG,assists,xA,shots,key_passes,yellow_cards,red_cards,position,team_title,npg,npxG,xGChain,xGBuildup,season
809,Darren Fletcher,26,1711,1,0.4506696071475744,0,0.8802698124200106,10,14,3,0,M S,"Manchester United,West Bromwich Albion",1,0.4506696071475744,3.3025499042123556,2.9948402922600508,2014
809,Darren Fletcher,38,3377,1,2.497494393028319,3,2.580059782601893,22,30,3,0,M,West Bromwich Albion,1,2.497494393028319,7.24373628385365,3.9017012156546116,2015
809,Darren Fletcher,38,3242,2,1.874785890802741,3,1.7452845815569162,20,23,0,0,M S,West Bromwich Albion,2,1.874785890802741,6.902402086183429,4.336862497031689,2016
809,Darren Fletcher,27,2234,1,0.2892570002004504,1,1.6923288144171238,11,23,0,0,M S,Stoke,1,0.2892570002004504,4.767431916669011,4.037280919030309,2017
