id,player_name,games,time,goals,xG,assists,xA,shots,key_passes,yellow_cards,red_cards,position,team_title,npg,npxG,xGChain,xGBuildup,season
503,Theo Walcott,14,427,5,5.347006626427174,0,0.40138570219278336,23,4,0,0,F M S,Arsenal,5,5.347006626427174,5.93331104516983,0.6996189914643764,2014
503,Theo Walcott,28,1374,5,8.386532507836819,2,2.0374574419111013,45,17,0,0,F M S,Arsenal,5,8.386532507836819,14.590723928064108,5.334491964429617,2015
503,Theo Walcott,28,1944,10,9.901477228850126,2,2.5256067672744393,62,13,1,0,F M S,Arsenal,10,9.140307921916246,11.123216319829226,2.42395200766623,2016
503,Theo Walcott,20,1207,3,3.1527174934744835,3,3.0277583124116063,19,13,2,0,F M S,"Arsenal,Everton",3,3.1527174934744835,6.348238977603614,2.443506106734276,2017
503,Theo Walcott,37,2127,5,6.505235152319074,2,2.8843122888356447,42,21,1,0,M S,Everton,5,6.505235152319074,10.271764062345028,2.5488206204026937,2018
503,Theo Walcott,25,1310,2,3.4808360189199448,3,3.9733654651790857,31,19,1,0,D M S,Everton,2,3.4808360189199448,8.397085935808718,2.607157975435257,2019
503,Theo Walcott,22,1660,3,2.2806765669956803,3,1.2631024159491062,29,17,0,0,F M S,"Everton,Southampton",3,2.2806765669956803,5.551979128271341,2.23354927636683,2020
503,Theo Walcott,9,387,0,0.862159313634038,0,0.021903200075030327,6,1,0,0,M S,Southampton,0,0.862159313634038,1.1949572041630745,0.327977292239666,2021
503,Theo Walcott,20,1149,2,3.126369597390294,2,1.8109254278242588,20,15,1,0,F M S,Southampton,2,3.126369597390294,4.903730925172567,0.985082202591002,2022
