id,player_name,games,time,goals,xG,assists,xA,shots,key_passes,yellow_cards,red_cards,position,team_title,npg,npxG,xGChain,xGBuildup,season
9983,Beto,30,898,3,7.16694748448208,0,1.1942407237365842,43,11,2,0,F S,Everton,3,6.405778587330133,7.352622885257006,1.000561224296689,2023
9983,Beto,14,276,1,2.18089965172112,0,0,12,0,1,0,F S,Everton,1,2.18089965172112,1.4017926175147295,0,2024
9983,Beto,14,276,1,2.18089965172112,0,0,12,0,1,0,F S,Everton,1,2.18089965172112,1.4017926175147295,0,2025
