id,player_name,games,time,goals,xG,assists,xA,shots,key_passes,yellow_cards,red_cards,position,team_title,npg,npxG,xGChain,xGBuildup,season
735,Jermain Defoe,17,1468,4,4.020906526595354,0,1.2605447256937623,34,13,1,0,F M,Sunderland,4,4.020906526595354,7.368550059385598,2.511991562321782,2014
735,Jermain Defoe,33,2558,15,11.712620459496975,1,1.1022664522752166,85,22,3,0,F M S,Sunderland,14,10.951450489461422,12.263893619179726,1.3269580826163292,2015
735,Jermain Defoe,37,3324,15,13.647576574236155,2,1.3696143869310617,99,20,1,0,F,Sunderland,10,9.841728202998638,11.509979609400034,2.290653853677213,2016
735,Jermain Defoe,24,1074,4,4.541552532464266,1,1.0175689067691565,27,13,1,0,F M S,Bournemouth,4,4.541552532464266,4.455104967579246,0.24525019526481628,2017
735,Jermain Defoe,4,13,0,0.1310960054397583,0,0,1,0,0,0,S,Bournemouth,0,0.1310960054397583,0.1310960054397583,0,2018
