id,player_name,games,time,goals,xG,assists,xA,shots,key_passes,yellow_cards,red_cards,position,team_title,npg,npxG,xGChain,xGBuildup,season
12912,Lucas Bergvall,16,533,0,0.1581273302435875,0,0.4677269831299782,3,5,3,0,M S,Tottenham,0,0.1581273302435875,2.8445219807326794,2.621805615723133,2024
12912,Lucas Bergvall,16,533,0,0.1581273302435875,0,0.4677269831299782,3,5,3,0,M S,Tottenham,0,0.1581273302435875,2.8445219807326794,2.621805615723133,2025
