id,player_name,games,time,goals,xG,assists,xA,shots,key_passes,yellow_cards,red_cards,position,team_title,npg,npxG,xGChain,xGBuildup,season
6852,Matt Doherty,38,3145,4,5.275961680337787,5,5.037373922765255,46,38,5,0,D M S,Wolverhampton Wanderers,4,5.275961680337787,13.514673576690257,7.9957356145605445,2018
6852,Matt Doherty,36,2842,4,6.484134959988296,3,2.1279859263449907,34,21,1,0,D M S,Wolverhampton Wanderers,4,6.484134959988296,14.165046449750662,7.663296630606055,2019
6852,Matt Doherty,17,1228,0,0.36388201266527176,2,0.7646760959178209,3,11,2,1,D M S,Tottenham,0,0.36388201266527176,4.369951091706753,3.785178732126951,2020
6852,Matt Doherty,15,864,2,3.0913910754024982,4,2.0252633318305016,16,15,0,0,D M S,Tottenham,2,3.0913910754024982,7.882363170385361,4.257716134190559,2021
6852,Matt Doherty,12,665,1,0.8726177029311657,0,0.2881163954734802,10,6,0,0,D S,Tottenham,1,0.8726177029311657,2.7494057435542345,1.9657854363322258,2022
6852,Matt Doherty,30,1087,1,1.1126765199005604,0,1.0989295095205307,8,12,2,0,D M S,Wolverhampton Wanderers,1,1.1126765199005604,3.6199135687202215,2.180733907967806,2023
6852,Matt Doherty,16,1076,2,1.4443199299275875,1,1.5936845764517784,8,10,3,0,D S,Wolverhampton Wanderers,2,1.4443199299275875,4.549447581171989,2.8915961384773254,2024
6852,Matt Doherty,16,1076,2,1.4443199299275875,1,1.5936845764517784,8,10,3,0,D S,Wolverhampton Wanderers,2,1.4443199299275875,4.549447581171989,2.8915961384773254,2025
