id,player_name,games,time,goals,xG,assists,xA,shots,key_passes,yellow_cards,red_cards,position,team_title,npg,npxG,xGChain,xGBuildup,season
4381,Mateusz Klich,35,2404,4,2.9999594227410853,5,3.650848997756839,36,44,6,0,M S,Leeds,2,1.4776212074793875,14.608116365969181,10.386437094770372,2020
4381,Mateusz Klich,33,2117,1,2.7019910784438252,2,1.9125773273408413,42,32,5,0,M S,Leeds,1,2.7019910784438252,8.965397104620934,5.376784522086382,2021
4381,Mateusz Klich,14,224,0,0.1730077974498272,0,0.28865519911050797,4,5,2,0,S,Leeds,0,0.1730077974498272,1.2394929844886065,0.9285477884113789,2022
