id,player_name,games,time,goals,xG,assists,xA,shots,key_passes,yellow_cards,red_cards,position,team_title,npg,npxG,xGChain,xGBuildup,season
6301,Jonathan Hogg,30,2425,0,0.3214726001024246,0,0.5861904118210077,11,9,8,1,M S,Huddersfield,0,0.3214726001024246,4.865365389734507,4.239539688453078,2017
6301,Jonathan Hogg,29,2392,0,0.25505409948527813,1,0.7261038925498724,8,15,8,1,M,Huddersfield,0,0.25505409948527813,2.7212884230539203,2.150345996953547,2018
