id,player_name,games,time,goals,xG,assists,xA,shots,key_passes,yellow_cards,red_cards,position,team_title,npg,npxG,xGChain,xGBuildup,season
998,Ivan Toney,2,6,0,0,0,0,0,0,0,0,S,Newcastle United,0,0,0,0,2015
998,Ivan Toney,33,2905,12,12.048585828393698,5,7.343530809506774,88,43,8,0,F S,Brentford,7,8.242776174098253,12.169118613004684,2.3933666069060564,2021
998,Ivan Toney,33,2960,20,21.69119757413864,4,4.909892840310931,94,26,9,0,F,Brentford,14,16.363018790259957,18.1100468672812,4.024585669860244,2022
998,Ivan Toney,17,1447,4,7.132677088491619,2,2.186188329011202,51,13,5,0,F S,Brentford,4,7.132677088491619,7.6502086371183395,1.1057295147329569,2023
