id,player_name,games,time,goals,xG,assists,xA,shots,key_passes,yellow_cards,red_cards,position,team_title,npg,npxG,xGChain,xGBuildup,season
8089,Kieran Tierney,15,996,1,0.22836239449679852,1,0.7536174207925797,6,6,2,0,D M S,Arsenal,1,0.22836239449679852,2.8807710334658623,2.309806341305375,2019
8089,Kieran Tierney,27,2305,1,0.3866765992715955,3,3.8238940481096506,15,31,4,0,D S,Arsenal,1,0.3866765992715955,8.635928499512374,5.60839013569057,2020
8089,Kieran Tierney,22,1926,1,0.6144815096631646,3,1.246632007881999,15,20,0,0,D,Arsenal,1,0.6144815096631646,6.7281964011490345,5.27379622682929,2021
8089,Kieran Tierney,27,733,0,0.30384697299450636,1,0.2897520996630192,7,4,0,0,D S,Arsenal,0,0.30384697299450636,3.4041721131652594,2.8529709093272686,2022
8089,Kieran Tierney,2,10,0,0,0,0.5056803822517395,0,1,0,0,S,Arsenal,0,0,0.5056803822517395,0,2024
8089,Kieran Tierney,2,10,0,0,0,0.5056803822517395,0,1,0,0,S,Arsenal,0,0,0.5056803822517395,0,2025
