id,player_name,games,time,goals,xG,assists,xA,shots,key_passes,yellow_cards,red_cards,position,team_title,npg,npxG,xGChain,xGBuildup,season
1657,Steven Defour,21,1088,1,0.49375350680202246,3,1.1825319500640035,8,23,1,0,M S,Burnley,1,0.49375350680202246,1.6209760131314397,1.0115655036643147,2016
1657,Steven Defour,24,2034,1,0.5989387920126319,1,1.1606487929821014,19,19,6,0,M,Burnley,1,0.5989387920126319,2.4910728009417653,1.6680774074047804,2017
1657,Steven Defour,6,459,0,0,0,0.05420910194516182,0,2,0,0,M,Burnley,0,0,0.5573334014043212,0.5395475989207625,2018
