id,player_name,games,time,goals,xG,assists,xA,shots,key_passes,yellow_cards,red_cards,position,team_title,npg,npxG,xGChain,xGBuildup,season
551,Morgan Schneiderlin,26,2183,4,2.3917522355914116,1,1.5581406876444817,31,20,5,1,M S,Southampton,4,2.3917522355914116,8.423097917810082,7.155297724530101,2014
551,Morgan Schneiderlin,29,2204,1,0.8295513093471527,0,0.4136638976633549,11,9,3,0,M S,Manchester United,1,0.8295513093471527,5.959417164325714,5.560283171012998,2015
551,Morgan Schneiderlin,17,1067,1,0.7051461040973663,0,0.1290040984749794,8,6,2,0,M S,"Everton,Manchester United",1,0.7051461040973663,5.677683211863041,5.116363190114498,2016
551,Morgan Schneiderlin,30,2125,0,0.3219172917306423,0,0.20611330308020115,5,8,4,1,M S,Everton,0,0.3219172917306423,4.26916216686368,3.9293958824127913,2017
551,Morgan Schneiderlin,14,831,0,0.10108840093016624,1,0.8037047833204269,3,8,2,0,M S,Everton,0,0.10108840093016624,1.9761153031140566,1.7469285167753696,2018
551,Morgan Schneiderlin,15,1014,0,0.33733889926224947,0,0.12848380021750927,6,4,4,1,M S,Everton,0,0.33733889926224947,3.2938892655074596,3.029686452820897,2019
