id,player_name,games,time,goals,xG,assists,xA,shots,key_passes,yellow_cards,red_cards,position,team_title,npg,npxG,xGChain,xGBuildup,season
828,Sylvain Distin,13,1081,0,0.05637820065021515,0,0.09756070002913475,1,3,0,0,D S,Everton,0,0.05637820065021515,2.0827347952872515,2.001878598704934,2014
828,Sylvain Distin,12,841,0,0.06427290011197329,0,0.007175330072641373,2,1,0,0,D S,Bournemouth,0,0.06427290011197329,0.3273781668394804,0.32020286843180656,2015
