id,player_name,games,time,goals,xG,assists,xA,shots,key_passes,yellow_cards,red_cards,position,team_title,npg,npxG,xGChain,xGBuildup,season
899,Kieran Richardson,22,1349,0,0.7576623987406492,1,1.1378537900745869,9,8,2,1,D F M S,Aston Villa,0,0.7576623987406492,3.9133244091644883,2.186651130206883,2014
899,Kieran Richardson,11,722,0,0.15549749974161386,1,0.16375859826803207,7,4,4,0,D M S,Aston Villa,0,0.15549749974161386,0.8549431152641773,0.6551991123706102,2015
