id,player_name,games,time,goals,xG,assists,xA,shots,key_passes,yellow_cards,red_cards,position,team_title,npg,npxG,xGChain,xGBuildup,season
6850,Willy Boly,36,3168,4,3.634888853877783,0,1.5668134996667504,23,11,2,1,D,Wolverhampton Wanderers,4,3.634888853877783,7.487883411347866,5.965667989104986,2018
6850,Willy Boly,22,1980,0,0.23320859856903553,1,1.0245932824909687,5,7,1,1,D,Wolverhampton Wanderers,0,0.23320859856903553,4.820769654586911,3.924917357042432,2019
6850,Willy Boly,21,1880,1,1.1301859011873603,1,0.5512952953577042,15,3,2,0,D,Wolverhampton Wanderers,1,1.1301859011873603,2.838236978277564,2.663166480138898,2020
6850,Willy Boly,10,900,0,0.08892799913883209,0,0.06295730173587799,2,1,1,0,D,Wolverhampton Wanderers,0,0.08892799913883209,2.5500261951237917,2.5500261951237917,2021
6850,Willy Boly,11,687,0,0.06999018229544163,1,0.117637999355793,2,1,2,0,D S,Nottingham Forest,0,0.06999018229544163,0.6365548893809319,0.6365548893809319,2022
6850,Willy Boly,20,1461,2,1.4704081807285547,1,1.3754375465214252,14,8,1,1,D S,Nottingham Forest,2,1.4704081807285547,4.124650048092008,3.0947159733623266,2023
6850,Willy Boly,4,111,0,0.08295150846242905,0,0,1,0,1,0,D S,Nottingham Forest,0,0.08295150846242905,0.08671405166387558,0.08671405166387558,2024
6850,Willy Boly,4,111,0,0.08295150846242905,0,0,1,0,1,0,D S,Nottingham Forest,0,0.08295150846242905,0.08671405166387558,0.08671405166387558,2025
