id,player_name,games,time,goals,xG,assists,xA,shots,key_passes,yellow_cards,red_cards,position,team_title,npg,npxG,xGChain,xGBuildup,season
11362,Facundo Buonanotte,13,553,1,1.0888761393725872,1,0.5841287039220333,11,6,2,0,M S,Brighton,1,1.0888761393725872,2.5363862570375204,1.5511467922478914,2022
11362,Facundo Buonanotte,27,1408,3,2.974676702171564,1,2.304281622171402,21,19,7,0,F M S,Brighton,3,2.974676702171564,6.951848786324263,3.328327503055334,2023
11362,Facundo Buonanotte,20,1149,4,3.293991422280669,2,3.222555009648204,24,22,6,0,F M S,Leicester,4,3.293991422280669,6.541437465697527,2.8580188993364573,2024
11362,Facundo Buonanotte,20,1149,4,3.293991422280669,2,3.222555009648204,24,22,6,0,F M S,Leicester,4,3.293991422280669,6.541437465697527,2.8580188993364573,2025
