id,player_name,games,time,goals,xG,assists,xA,shots,key_passes,yellow_cards,red_cards,position,team_title,npg,npxG,xGChain,xGBuildup,season
10746,Jaidon Anthony,30,1204,3,1.7566156624816358,1,0.9099286124110222,21,12,2,0,D M S,Bournemouth,3,1.7566156624816358,3.6877835537306964,2.180652843788266,2022
10746,Jaidon Anthony,3,153,0,0.07687148451805115,0,0,2,0,1,0,M S,Bournemouth,0,0.07687148451805115,0.15334434807300568,0.07647287100553513,2023
