id,player_name,games,time,goals,xG,assists,xA,shots,key_passes,yellow_cards,red_cards,position,team_title,npg,npxG,xGChain,xGBuildup,season
1727,Alfie Mawson,27,2430,4,2.0473774978891015,0,0.3918485986068845,23,4,1,0,D,Swansea,4,2.0473774978891015,1.699102869257331,1.6677921693772078,2016
1727,Alfie Mawson,38,3420,2,2.5057023419067264,1,0.5643081031739712,19,5,3,0,D,Swansea,2,2.5057023419067264,4.581940611824393,3.568123545497656,2017
1727,Alfie Mawson,15,1124,0,0.31890531443059444,0,0.05239542108029127,2,2,2,0,D S,Fulham,0,0.31890531443059444,1.9679123237729073,1.9679123237729073,2018
