id,player_name,games,time,goals,xG,assists,xA,shots,key_passes,yellow_cards,red_cards,position,team_title,npg,npxG,xGChain,xGBuildup,season
10743,Kieffer Moore,27,1273,4,4.823006581515074,0,0.5260727815330029,23,5,1,0,F S,Bournemouth,4,4.823006581515074,5.6683560106903315,1.6416367096826434,2022
10743,Kieffer Moore,8,76,1,1.2537736184895039,0,0.4799897577613592,6,2,0,0,S,Bournemouth,1,1.2537736184895039,1.9978741817176342,0.7897170707583427,2023
