id,player_name,games,time,goals,xG,assists,xA,shots,key_passes,yellow_cards,red_cards,position,team_title,npg,npxG,xGChain,xGBuildup,season
687,Pedro,29,2061,7,6.120477117598057,2,4.614514185115695,57,42,3,0,M S,Chelsea,7,6.120477117598057,16.050368435680866,6.954230200499296,2015
687,Pedro,35,2178,9,5.991286236792803,9,5.526838485151529,59,42,6,0,F M S,Chelsea,9,5.991286236792803,16.25231236591935,6.784710191190243,2016
687,Pedro,31,1523,4,3.599892320111394,2,1.6855348162353039,56,26,1,0,F M S,Chelsea,4,3.599892320111394,6.591059405356646,2.5551874823868275,2017
687,Pedro,31,1777,8,5.983353950083256,2,3.8842110745608807,57,29,2,0,F S,Chelsea,8,5.983353950083256,15.4001475693658,8.180639158003032,2018
687,Pedro,11,661,1,2.472474880516529,1,1.0707547720521688,22,17,1,0,F M S,Chelsea,1,2.472474880516529,4.754027055576444,1.5569443982094526,2019
