id,player_name,games,time,goals,xG,assists,xA,shots,key_passes,yellow_cards,red_cards,position,team_title,npg,npxG,xGChain,xGBuildup,season
6817,Fred,17,1045,1,0.904592817183584,1,0.9538170415908098,17,12,2,0,M S,Manchester United,1,0.904592817183584,7.189614565111697,5.615092068910599,2018
6817,Fred,29,2147,0,1.5917408838868141,0,2.314132208004594,40,35,8,0,M S,Manchester United,0,1.5917408838868141,12.033238369971514,9.726842829957604,2019
6817,Fred,30,2404,1,1.7331655826419592,0,2.2325712125748396,25,24,5,0,M S,Manchester United,1,1.7331655826419592,13.51970374956727,10.6886385679245,2020
6817,Fred,28,2038,4,1.0861352998763323,4,2.331524911336601,14,28,5,0,M S,Manchester United,4,1.0861352998763323,8.365100169554353,5.868255811743438,2021
6817,Fred,35,1207,2,2.2472731824964285,2,2.549862952902913,26,30,6,0,M S,Manchester United,2,2.2472731824964285,12.157874770462513,8.124852128326893,2022
