id,player_name,games,time,goals,xG,assists,xA,shots,key_passes,yellow_cards,red_cards,position,team_title,npg,npxG,xGChain,xGBuildup,season
13022,André,18,1265,0,0.05370125826448202,0,0.5158886201679707,2,8,3,0,M S,Wolverhampton Wanderers,0,0.05370125826448202,4.346811257302761,4.133841389790177,2024
13022,André,18,1265,0,0.05370125826448202,0,0.5158886201679707,2,8,3,0,M S,Wolverhampton Wanderers,0,0.05370125826448202,4.346811257302761,4.133841389790177,2025
