id,player_name,games,time,goals,xG,assists,xA,shots,key_passes,yellow_cards,red_cards,position,team_title,npg,npxG,xGChain,xGBuildup,season
850,Papiss Demba Cissé,22,1137,11,8.957140743732452,1,0.334677891805768,45,7,1,0,F S,Newcastle United,10,8.196008741855621,7.444709463045001,0.6167382095009089,2014
850,Papiss Demba Cissé,21,1079,3,3.0891173183918,0,0.6837781090289354,23,10,1,0,F S,Newcastle United,3,3.0891173183918,2.8795361537486315,0.4369380995631218,2015
