id,player_name,games,time,goals,xG,assists,xA,shots,key_passes,yellow_cards,red_cards,position,team_title,npg,npxG,xGChain,xGBuildup,season
6157,Timothy Castagne,27,2349,2,1.6002667360007763,3,2.3069622721523046,8,21,1,0,D M,Leicester,2,1.6002667360007763,8.445917386561632,6.60623169131577,2020
6157,Timothy Castagne,27,2118,1,0.940479414537549,0,1.0864658877253532,7,14,1,0,D M S,Leicester,1,0.940479414537549,5.502241559326649,4.350664138793945,2021
6157,Timothy Castagne,37,3257,2,1.9257993642240763,3,3.172707935795188,18,21,3,0,D S,Leicester,2,1.9257993642240763,11.603145258501172,8.605382116511464,2022
6157,Timothy Castagne,34,2627,1,1.3355903550982475,3,1.5853081783279777,14,18,3,0,D S,Fulham,1,1.3355903550982475,8.171432700008154,6.209871254861355,2023
6157,Timothy Castagne,13,793,0,0.17229551263153553,1,0.7641109712421894,4,7,1,0,D S,Fulham,0,0.17229551263153553,4.3195993304252625,3.519040960818529,2024
6157,Timothy Castagne,13,793,0,0.17229551263153553,1,0.7641109712421894,4,7,1,0,D S,Fulham,0,0.17229551263153553,4.3195993304252625,3.519040960818529,2025
