id,player_name,games,time,goals,xG,assists,xA,shots,key_passes,yellow_cards,red_cards,position,team_title,npg,npxG,xGChain,xGBuildup,season
11926,Edson Álvarez,31,2405,1,1.2118008164688945,1,0.5929595055058599,17,12,11,0,M S,West Ham,1,1.2118008164688945,6.416552271693945,5.055172272026539,2023
11926,Edson Álvarez,19,1229,0,0.28506012447178364,1,0.7455350970849395,11,10,6,1,D M S,West Ham,0,0.28506012447178364,3.513839114457369,2.701310532167554,2024
11926,Edson Álvarez,19,1229,0,0.28506012447178364,1,0.7455350970849395,11,10,6,1,D M S,West Ham,0,0.28506012447178364,3.513839114457369,2.701310532167554,2025
