id,player_name,games,time,goals,xG,assists,xA,shots,key_passes,yellow_cards,red_cards,position,team_title,npg,npxG,xGChain,xGBuildup,season
7077,Denis Odoi,31,2591,0,0.7200834713876247,1,0.570259302854538,10,11,4,0,D S,Fulham,0,0.7200834713876247,4.536650873720646,4.09144308231771,2018
7077,Denis Odoi,3,270,0,0.04002569988369942,0,0.05019240081310272,2,1,1,0,D,Fulham,0,0.04002569988369942,0.4257064014673233,0.3856807053089142,2020
