id,player_name,games,time,goals,xG,assists,xA,shots,key_passes,yellow_cards,red_cards,position,team_title,npg,npxG,xGChain,xGBuildup,season
1651,Tom Heaton,38,3420,0,0,0,0.07019650004804134,0,2,1,0,GK,Burnley,0,0,1.310417240485549,1.2402207404375076,2014
1651,Tom Heaton,35,3150,0,0,0,0.13962899893522263,0,3,1,0,GK,Burnley,0,0,0.7979688933119178,0.7430295934900641,2016
1651,Tom Heaton,4,305,0,0,0,0,0,0,0,0,GK,Burnley,0,0,0.2742437981069088,0.2742437981069088,2017
1651,Tom Heaton,19,1710,0,0.058809999376535416,0,0.041520699858665466,1,2,3,0,GK,Burnley,0,0.058809999376535416,0.698526605963707,0.6648065894842148,2018
1651,Tom Heaton,20,1797,0,0,0,0,0,0,0,0,GK,Aston Villa,0,0,2.095073110423982,2.095073110423982,2019
