id,player_name,games,time,goals,xG,assists,xA,shots,key_passes,yellow_cards,red_cards,position,team_title,npg,npxG,xGChain,xGBuildup,season
883,Steven Davis,35,2668,0,3.119151595979929,2,3.702249936759472,30,49,3,0,M S,Southampton,0,3.119151595979929,14.560720689594746,9.784432757645845,2014
883,Steven Davis,34,2637,5,2.531914735212922,3,4.076438756659627,20,54,4,0,D M S,Southampton,5,2.531914735212922,11.692602921277285,8.689560566097498,2015
883,Steven Davis,32,2643,0,2.5133817866444588,3,2.8337832065299153,31,32,3,0,M S,Southampton,0,2.5133817866444588,13.407802974805236,10.167586524039507,2016
883,Steven Davis,23,1529,3,1.2866384191438556,0,1.176685381680727,13,18,0,0,M S,Southampton,3,1.2866384191438556,5.108896937221289,3.5151052810251713,2017
883,Steven Davis,3,96,0,0,1,0.45079299807548523,0,3,0,0,M S,Southampton,0,0,0.5337979793548584,0.1286499947309494,2018
