id,player_name,games,time,goals,xG,assists,xA,shots,key_passes,yellow_cards,red_cards,position,team_title,npg,npxG,xGChain,xGBuildup,season
8493,Jake Vokins,1,90,0,0.013284199871122837,0,0.09659569710493088,1,1,0,0,D,Southampton,0,0.013284199871122837,0.5018609762191772,0.4885770082473755,2019
8493,Jake Vokins,1,69,0,0,0,0.03704100102186203,0,1,0,0,D,Southampton,0,0,0.17254400253295898,0.13550299406051636,2020
