id,player_name,games,time,goals,xG,assists,xA,shots,key_passes,yellow_cards,red_cards,position,team_title,npg,npxG,xGChain,xGBuildup,season
11707,Jurriën Timber,2,70,0,0,0,0,0,0,2,0,D S,Arsenal,0,0,0.2789519429206848,0.2789519429206848,2023
11707,Jurriën Timber,20,1694,1,0.89257294498384,1,0.9522353857755661,11,14,6,0,D S,Arsenal,1,0.89257294498384,7.605186980217695,6.881702404469252,2024
11707,Jurriën Timber,20,1694,1,0.89257294498384,1,0.9522353857755661,11,14,6,0,D S,Arsenal,1,0.89257294498384,7.605186980217695,6.881702404469252,2025
