id,player_name,games,time,goals,xG,assists,xA,shots,key_passes,yellow_cards,red_cards,position,team_title,npg,npxG,xGChain,xGBuildup,season
9021,Pape Sarr,11,200,0,0.05625629983842373,1,0.5660416968166828,2,2,1,0,M S,Tottenham,0,0.05625629983842373,1.8612066991627216,1.2539500053972006,2022
9021,Pape Sarr,34,2141,3,3.842421315610409,3,2.0322468373924494,36,20,9,0,M S,Tottenham,3,3.842421315610409,16.10821724496782,11.238362627103925,2023
9021,Pape Sarr,23,1245,1,2.6092755496501923,2,1.4505768408998847,21,10,4,0,M S,Tottenham,1,2.6092755496501923,7.789304012432694,5.599883275106549,2024
9021,Pape Sarr,23,1245,1,2.6092755496501923,2,1.4505768408998847,21,10,4,0,M S,Tottenham,1,2.6092755496501923,7.789304012432694,5.599883275106549,2025
