id,player_name,games,time,goals,xG,assists,xA,shots,key_passes,yellow_cards,red_cards,position,team_title,npg,npxG,xGChain,xGBuildup,season
938,Carl Jenkinson,32,2660,0,1.1120519153773785,2,2.1274429839104414,13,22,2,0,D S,West Ham,0,1.1120519153773785,7.774099243804812,5.7153421230614185,2014
938,Carl Jenkinson,20,1220,2,0.6154201049357653,0,1.1373541913926601,7,6,3,1,D S,West Ham,2,0.6154201049357653,5.472481181845069,3.738781973719597,2015
938,Carl Jenkinson,1,84,0,0,0,0,0,0,0,0,D,Arsenal,0,0,0.012359900400042534,0.012359900400042534,2016
938,Carl Jenkinson,3,166,0,0,0,0.05560529977083206,0,1,0,0,D M S,Arsenal,0,0,1.2273359894752502,1.2273359894752502,2018
