id,player_name,games,time,goals,xG,assists,xA,shots,key_passes,yellow_cards,red_cards,position,team_title,npg,npxG,xGChain,xGBuildup,season
742,Billy Jones,14,1257,0,0.5008383113890886,0,0.7923552002757788,4,6,7,0,D M,Sunderland,0,0.5008383113890886,3.8573647774755955,2.7196772508323193,2014
742,Billy Jones,24,2039,1,2.414166036993265,1,1.1011948119848967,14,12,8,0,D S,Sunderland,1,2.414166036993265,2.430672410875559,1.0449427906423807,2015
742,Billy Jones,27,2273,1,1.838329615071416,0,2.115543740801513,15,29,8,0,D M S,Sunderland,1,1.838329615071416,3.7382692210376263,2.0610161889344454,2016
