id,player_name,games,time,goals,xG,assists,xA,shots,key_passes,yellow_cards,red_cards,position,team_title,npg,npxG,xGChain,xGBuildup,season
6326,Ibrahima Konaté,11,990,0,0.20516260154545307,0,0,4,0,2,0,D,Liverpool,0,0.20516260154545307,3.758265731856227,3.758265731856227,2021
6326,Ibrahima Konaté,18,1545,0,1.5610232884064317,0,0.26672855019569397,11,1,5,0,D S,Liverpool,0,1.5610232884064317,4.783836133778095,4.113892234861851,2022
6326,Ibrahima Konaté,22,1555,0,0.5480835782364011,0,0.5098369065672159,11,8,3,1,D S,Liverpool,0,0.5480835782364011,10.232070155441761,10.100398369133472,2023
6326,Ibrahima Konaté,16,1316,1,1.3065635934472084,2,0.8937152083963156,11,7,4,0,D S,Liverpool,1,1.3065635934472084,11.25883586704731,10.677083298563957,2024
6326,Ibrahima Konaté,16,1316,1,1.3065635934472084,2,0.8937152083963156,11,7,4,0,D S,Liverpool,1,1.3065635934472084,11.25883586704731,10.677083298563957,2025
