id,player_name,games,time,goals,xG,assists,xA,shots,key_passes,yellow_cards,red_cards,position,team_title,npg,npxG,xGChain,xGBuildup,season
1735,Jack Stephens,17,1468,0,0.3511767014861107,1,0.9190052039921284,4,4,1,0,D S,Southampton,0,0.3511767014861107,3.6211595591157675,2.5788360144943,2016
1735,Jack Stephens,22,1980,2,1.3008270058780909,0,0.23919738922268152,11,4,6,1,D,Southampton,2,1.3008270058780909,2.780479608103633,2.557242624461651,2017
1735,Jack Stephens,24,1695,1,1.4581488966941833,0,0.22872400376945734,7,5,4,0,D S,Southampton,1,1.4581488966941833,3.6447635516524315,3.2035262109711766,2018
1735,Jack Stephens,28,2456,1,0.9333298057317734,3,1.1747866906225681,6,8,4,1,D S,Southampton,1,0.9333298057317734,5.805270466953516,4.6531886495649815,2019
1735,Jack Stephens,18,1544,0,0.8943026959896088,0,0.4556563999503851,6,6,2,0,D M S,Southampton,0,0.8943026959896088,3.0810884833335876,2.751403979025781,2020
1735,Jack Stephens,11,806,0,0,0,0.2442820966243744,0,4,3,0,D S,Southampton,0,0,1.7434164825826883,1.6893003806471825,2021
1735,Jack Stephens,17,1215,0,0.22259140014648438,0,0.25881170853972435,2,3,3,0,D S,"Bournemouth,Southampton",0,0.22259140014648438,1.8634248562157154,1.6748883500695229,2022
1735,Jack Stephens,10,809,0,0.20616795867681503,0,0.26126205921173096,2,2,2,2,D,Southampton,0,0.20616795867681503,2.2069589905440807,2.2069589905440807,2024
1735,Jack Stephens,10,809,0,0.20616795867681503,0,0.26126205921173096,2,2,2,2,D,Southampton,0,0.20616795867681503,2.2069589905440807,2.2069589905440807,2025
