id,player_name,games,time,goals,xG,assists,xA,shots,key_passes,yellow_cards,red_cards,position,team_title,npg,npxG,xGChain,xGBuildup,season
887,Erik Pieters,31,2571,0,0.4686110718175769,2,1.1495825964957476,8,17,8,0,D S,Stoke,0,0.4686110718175769,4.224028600379825,3.1595727670937777,2014
887,Erik Pieters,35,3101,0,0.1312969047576189,1,2.1706457482650876,5,19,10,0,D,Stoke,0,0.1312969047576189,9.07139937672764,8.080488102510571,2015
887,Erik Pieters,36,3151,0,0.7645714906975627,1,1.5609517879784107,9,18,4,0,D M S,Stoke,0,0.7645714906975627,9.09391677705571,7.22167808143422,2016
887,Erik Pieters,31,2726,0,0.09129739925265312,1,1.9800724918022752,3,14,5,0,D S,Stoke,0,0.09129739925265312,5.009238246828318,3.0785814095288515,2017
887,Erik Pieters,24,1880,0,0.4510196018964052,4,2.6981899132952094,14,18,2,0,D M S,Burnley,0,0.4510196018964052,5.004479072056711,2.330094227567315,2019
887,Erik Pieters,20,1259,0,0.15116787049919367,1,0.36361539363861084,4,5,1,0,D M S,Burnley,0,0.15116787049919367,1.9328868268057704,1.5527143124490976,2020
887,Erik Pieters,12,722,0,0.1498642023652792,1,0.7618360780179501,7,2,1,0,D S,Burnley,0,0.1498642023652792,2.1208457928150892,1.256538325920701,2021
