id,player_name,games,time,goals,xG,assists,xA,shots,key_passes,yellow_cards,red_cards,position,team_title,npg,npxG,xGChain,xGBuildup,season
13066,Ferdi Kadioglu,6,401,1,0.6023932620882988,0,0.16455989610403776,4,5,1,0,D M S,Brighton,1,0.6023932620882988,2.1883304491639137,1.5457853525877,2024
13066,Ferdi Kadioglu,6,401,1,0.6023932620882988,0,0.16455989610403776,4,5,1,0,D M S,Brighton,1,0.6023932620882988,2.1883304491639137,1.5457853525877,2025
