id,player_name,games,time,goals,xG,assists,xA,shots,key_passes,yellow_cards,red_cards,position,team_title,npg,npxG,xGChain,xGBuildup,season
841,Graziano Pellè,38,3291,12,18.616504695266485,2,4.481623421423137,123,43,6,0,F S,Southampton,12,18.616504695266485,24.78565558232367,5.5981659553945065,2014
841,Graziano Pellè,30,2167,11,7.350180992856622,6,3.987356685101986,80,37,6,0,F S,Southampton,11,7.350180992856622,13.013471713289618,3.8928181966766715,2015
