id,player_name,games,time,goals,xG,assists,xA,shots,key_passes,yellow_cards,red_cards,position,team_title,npg,npxG,xGChain,xGBuildup,season
6048,Lewis Dunk,38,3420,1,3.1596591221168637,1,1.3649564906954765,27,11,7,0,D,Brighton,1,3.1596591221168637,3.4880324164405465,3.0344476150348783,2017
6048,Lewis Dunk,36,3154,2,1.7627595756202936,1,0.7536890767514706,20,11,5,1,D,Brighton,2,1.7627595756202936,3.7396427830681205,3.523732009343803,2018
6048,Lewis Dunk,36,3233,3,3.7192770410329103,3,1.2634231951087713,31,14,9,0,D,Brighton,3,3.7192770410329103,8.553323849104345,8.34768467117101,2019
6048,Lewis Dunk,33,2934,5,2.7090756595134735,0,0.8306384868919849,32,10,5,2,D,Brighton,5,2.7090756595134735,8.376231810078025,7.971444236114621,2020
6048,Lewis Dunk,29,2574,1,1.4920963048934937,0,0.40558080095797777,19,3,3,1,D,Brighton,1,1.4920963048934937,6.847901510074735,6.832657502964139,2021
6048,Lewis Dunk,36,3240,1,2.0407250970602036,0,0.8655232125893235,22,9,4,0,D,Brighton,1,2.0407250970602036,14.347089774906635,14.096927545964718,2022
6048,Lewis Dunk,33,2895,3,2.9649088978767395,1,1.1697372319176793,34,13,7,1,D,Brighton,3,2.9649088978767395,13.593212680891156,13.529502967372537,2023
6048,Lewis Dunk,18,1470,0,0.9858944397419691,0,0.5168026331812143,10,5,4,0,D S,Brighton,0,0.9858944397419691,8.182548966258764,8.087984766811132,2024
6048,Lewis Dunk,18,1470,0,0.9858944397419691,0,0.5168026331812143,10,5,4,0,D S,Brighton,0,0.9858944397419691,8.182548966258764,8.087984766811132,2025
