id,player_name,games,time,goals,xG,assists,xA,shots,key_passes,yellow_cards,red_cards,position,team_title,npg,npxG,xGChain,xGBuildup,season
8942,Aaron Hickey,26,1958,0,0.3167129307985306,1,0.6221226900815964,11,6,7,0,D S,Brentford,0,0.3167129307985306,2.5498968306928873,2.0008020736277103,2022
8942,Aaron Hickey,9,749,0,0.19348732568323612,0,0.04746435210108757,7,1,5,0,D,Brentford,0,0.19348732568323612,1.1258890461176634,0.9994768127799034,2023
