id,player_name,games,time,goals,xG,assists,xA,shots,key_passes,yellow_cards,red_cards,position,team_title,npg,npxG,xGChain,xGBuildup,season
655,James Collins,27,1870,0,1.042383598163724,0,0.2978098038583994,9,5,5,1,D S,West Ham,0,1.042383598163724,4.842167384922504,3.9829263240098953,2014
655,James Collins,19,1437,0,0.8689481904730201,0,0.1897890940308571,13,2,3,1,D S,West Ham,0,0.8689481904730201,2.1810180377215147,2.0857710596174,2015
655,James Collins,22,1649,2,1.055944075807929,0,0.19634490087628365,11,4,3,0,D S,West Ham,2,1.055944075807929,1.3343894919380546,1.1541633950546384,2016
655,James Collins,13,1051,1,0.47779067791998386,0,0.5068465899676085,4,2,3,0,D S,West Ham,1,0.47779067791998386,1.5656725019216537,1.5656725019216537,2017
