id,player_name,games,time,goals,xG,assists,xA,shots,key_passes,yellow_cards,red_cards,position,team_title,npg,npxG,xGChain,xGBuildup,season
9339,Joe Gelhardt,20,700,2,3.8046448081731796,2,1.8083356712013483,23,9,4,0,F S,Leeds,2,3.8046448081731796,5.506509491242468,0.7224636012688279,2021
9339,Joe Gelhardt,15,177,0,0.9828338120132685,2,0.731904000043869,10,2,1,0,F S,Leeds,0,0.9828338120132685,1.7896137908101082,0.8910369034856558,2022
