id,player_name,games,time,goals,xG,assists,xA,shots,key_passes,yellow_cards,red_cards,position,team_title,npg,npxG,xGChain,xGBuildup,season
7240,Benoit Badiashile Mukinayi,11,901,1,1.2135351449251175,0,0.6913552954792976,6,3,2,0,D S,Chelsea,1,1.2135351449251175,3.3061133548617363,3.162499390542507,2022
7240,Benoit Badiashile Mukinayi,18,1338,0,0.5172926671802998,1,1.5548250479623675,6,6,2,0,D S,Chelsea,0,0.5172926671802998,8.460209622979164,8.366715781390667,2023
7240,Benoit Badiashile Mukinayi,4,234,0,0,0,0,0,0,0,0,D S,Chelsea,0,0,0.6909528523683548,0.6909528523683548,2024
7240,Benoit Badiashile Mukinayi,4,234,0,0,0,0,0,0,0,0,D S,Chelsea,0,0,0.6909528523683548,0.6909528523683548,2025
