id,player_name,games,time,goals,xG,assists,xA,shots,key_passes,yellow_cards,red_cards,position,team_title,npg,npxG,xGChain,xGBuildup,season
881,Harry Arter,21,1692,1,0.9920001598075032,0,1.0252581341192126,36,25,7,0,M,Bournemouth,1,0.9920001598075032,7.356461178511381,5.81093068793416,2015
881,Harry Arter,35,2963,1,3.2334471782669425,4,2.1219808543100953,54,32,11,1,M S,Bournemouth,1,2.4722785903140903,12.483044397085905,9.375528384931386,2016
881,Harry Arter,13,961,1,0.2998598013073206,0,0.2067215032875538,11,3,4,0,M S,Bournemouth,1,0.2998598013073206,2.202578656375408,1.789842389523983,2017
881,Harry Arter,25,2033,0,0.8048400022089481,1,0.7227912936359644,23,10,10,0,M S,Cardiff,0,0.8048400022089481,3.2769734151661396,2.345461707562208,2018
