id,player_name,games,time,goals,xG,assists,xA,shots,key_passes,yellow_cards,red_cards,position,team_title,npg,npxG,xGChain,xGBuildup,season
6050,Davy Pröpper,35,3122,0,1.792492805980146,4,1.4330479949712753,36,20,2,1,M,Brighton,0,1.792492805980146,7.106950214132667,4.563934660516679,2017
6050,Davy Pröpper,30,2554,1,0.950316408649087,1,1.2174459975212812,15,19,2,0,M,Brighton,1,0.950316408649087,5.61499360203743,4.9498950727283955,2018
6050,Davy Pröpper,35,2826,1,1.8662209268659353,2,2.9777762684971094,29,29,4,0,M S,Brighton,1,1.8662209268659353,11.89282389357686,8.669301722198725,2019
6050,Davy Pröpper,7,201,0,0.13856259733438492,0,0,4,0,0,0,M S,Brighton,0,0.13856259733438492,0.2699490040540695,0.1942277029156685,2020
