id,player_name,games,time,goals,xG,assists,xA,shots,key_passes,yellow_cards,red_cards,position,team_title,npg,npxG,xGChain,xGBuildup,season
13133,Harry Clarke,7,378,0,0.056514352560043335,0,0.06540583074092865,1,1,1,1,D S,Ipswich,0,0.056514352560043335,1.269033445045352,1.269033445045352,2024
13133,Harry Clarke,7,378,0,0.056514352560043335,0,0.06540583074092865,1,1,1,1,D S,Ipswich,0,0.056514352560043335,1.269033445045352,1.269033445045352,2025
