id,player_name,games,time,goals,xG,assists,xA,shots,key_passes,yellow_cards,red_cards,position,team_title,npg,npxG,xGChain,xGBuildup,season
818,Victor Anichebe,21,1019,3,1.8499117121100426,1,1.331590000540018,25,18,0,0,F S,West Bromwich Albion,3,1.8499117121100426,3.206710606813431,1.0943197682499886,2014
818,Victor Anichebe,10,355,0,1.1712062265723944,0,0.31019119545817375,13,5,0,0,F S,West Bromwich Albion,0,1.1712062265723944,1.362776305526495,0.3371986970305443,2015
818,Victor Anichebe,18,1212,3,2.426557875238359,0,0.7153269127011299,30,11,2,0,F M S,Sunderland,3,2.426557875238359,3.6320533752441406,0.8847618978470564,2016
