id,player_name,games,time,goals,xG,assists,xA,shots,key_passes,yellow_cards,red_cards,position,team_title,npg,npxG,xGChain,xGBuildup,season
1203,Wesley Hoedt,28,2520,0,1.8477474050596356,1,0.780554105527699,15,10,7,0,D,Southampton,0,1.8477474050596356,5.310729691758752,4.884635778144002,2017
1203,Wesley Hoedt,13,1170,0,0.5851070946082473,0,0.017267899587750435,6,1,2,0,D,Southampton,0,0.5851070946082473,1.9396598106250167,1.9285388058051467,2018
