id,player_name,games,time,goals,xG,assists,xA,shots,key_passes,yellow_cards,red_cards,position,team_title,npg,npxG,xGChain,xGBuildup,season
902,Sam Byram,4,286,0,0,0,0.1970272921025753,0,2,3,0,D S,West Ham,0,0,0.26757609471678734,0.07054819911718369,2015
902,Sam Byram,18,1237,0,0.2568340031430125,1,0.923184284940362,8,7,5,1,D M S,West Ham,0,0.2568340031430125,5.036810629069805,4.577837476506829,2016
902,Sam Byram,5,250,0,0.27880852296948433,0,0.1510169953107834,4,2,1,0,D S,West Ham,0,0.27880852296948433,0.516131229698658,0.10153699666261673,2017
902,Sam Byram,17,1292,0,2.192290347069502,0,0.36209359765052795,15,6,4,0,D S,Norwich,0,2.192290347069502,2.703713111579418,1.7859539240598679,2019
902,Sam Byram,15,1019,0,0.3631415069103241,0,0.25589700043201447,7,4,3,0,D S,Norwich,0,0.3631415069103241,1.2248425083234906,1.041966606862843,2021
