id,player_name,games,time,goals,xG,assists,xA,shots,key_passes,yellow_cards,red_cards,position,team_title,npg,npxG,xGChain,xGBuildup,season
5565,Josh Sims,7,199,0,0.5632529966533184,1,0.8554522916674614,5,2,0,0,F S,Southampton,0,0.5632529966533184,1.81204342097044,0.7710541114211082,2016
5565,Josh Sims,6,158,0,0.5660226009786129,0,0.1332263983786106,11,2,0,0,M S,Southampton,0,0.5660226009786129,0.8202590048313141,0.21902499347925186,2017
5565,Josh Sims,7,205,0,0.7687907218933105,1,0.6989210247993469,5,1,0,0,M S,Southampton,0,0.7687907218933105,1.8799326419830322,0.41221699118614197,2018
