id,player_name,games,time,goals,xG,assists,xA,shots,key_passes,yellow_cards,red_cards,position,team_title,npg,npxG,xGChain,xGBuildup,season
7430,Emerson,31,2296,1,2.020111955702305,1,2.450624798424542,15,28,5,0,D S,Tottenham,1,2.020111955702305,12.576655813492835,9.261143207550049,2021
7430,Emerson,26,1733,2,1.7453065998852253,1,0.48395898938179016,17,9,2,1,D S,Tottenham,2,1.7453065998852253,7.7816263027489185,5.672533370554447,2022
7430,Emerson,22,1145,1,0.17714704759418964,0,0.4156769150868058,6,3,4,0,D S,Tottenham,1,0.17714704759418964,4.4803829826414585,4.325593873858452,2023
