id,player_name,games,time,goals,xG,assists,xA,shots,key_passes,yellow_cards,red_cards,position,team_title,npg,npxG,xGChain,xGBuildup,season
751,N&#039;Golo Kanté,37,3011,1,0.5621250942349434,4,2.7279574144631624,21,30,3,0,M S,Leicester,1,0.5621250942349434,11.133838042616844,8.64429540000856,2015
751,N&#039;Golo Kanté,35,3141,1,2.1681482857093215,1,1.8752306448295712,27,22,9,0,M,Chelsea,1,2.1681482857093215,14.04937507584691,11.896485097706318,2016
751,N&#039;Golo Kanté,34,3005,1,0.7318645026534796,1,3.633253114297986,25,41,3,0,M,Chelsea,1,0.7318645026534796,15.902164779603481,13.823775827884674,2017
751,N&#039;Golo Kanté,36,3103,4,3.0337284123525023,4,3.732989713549614,29,46,3,0,M,Chelsea,4,3.0337284123525023,17.044977359473705,12.484971459954977,2018
751,N&#039;Golo Kanté,22,1733,3,1.543913054279983,0,1.5202725995332003,18,27,4,0,M S,Chelsea,3,1.543913054279983,7.209239611402154,4.837984642013907,2019
751,N&#039;Golo Kanté,30,2142,0,0.7004625108093023,2,1.2067134976387024,10,22,7,0,M S,Chelsea,0,0.7004625108093023,10.102663565427065,8.441410657018423,2020
751,N&#039;Golo Kanté,26,1787,2,1.7649728190153837,4,2.2009877003729343,17,24,2,0,M S,Chelsea,2,1.7649728190153837,12.655163131654263,8.97931701876223,2021
751,N&#039;Golo Kanté,7,526,0,0.308291532099247,1,2.0793348141014576,8,13,1,0,M S,Chelsea,0,0.308291532099247,4.500326216220856,2.9872678965330124,2022
