id,player_name,games,time,goals,xG,assists,xA,shots,key_passes,yellow_cards,red_cards,position,team_title,npg,npxG,xGChain,xGBuildup,season
9501,Fabio Carvalho,4,255,1,0.9974309951066971,0,0.5002102106809616,9,2,0,0,F M S,Fulham,1,0.9974309951066971,1.4961069524288177,0.28626900911331177,2020
9501,Fabio Carvalho,13,330,2,1.1579107120633125,0,0.10462799668312073,11,1,0,0,F M S,Liverpool,2,1.1579107120633125,1.4301361963152885,0.7474121823906898,2022
9501,Fabio Carvalho,16,380,1,2.1135762371122837,1,0.5770240947604179,10,3,1,0,F M S,Brentford,1,2.1135762371122837,4.144353773444891,1.4537533968687057,2024
9501,Fabio Carvalho,16,380,1,2.1135762371122837,1,0.5770240947604179,10,3,1,0,F M S,Brentford,1,2.1135762371122837,4.144353773444891,1.4537533968687057,2025
