id,player_name,games,time,goals,xG,assists,xA,shots,key_passes,yellow_cards,red_cards,position,team_title,npg,npxG,xGChain,xGBuildup,season
12911,Abdul Fatawu,11,571,0,0.46604868955910206,2,1.4724965319037437,13,6,0,0,D F M S,Leicester,0,0.46604868955910206,2.3615895370021462,1.3566849753260612,2024
12911,Abdul Fatawu,11,571,0,0.46604868955910206,2,1.4724965319037437,13,6,0,0,D F M S,Leicester,0,0.46604868955910206,2.3615895370021462,1.3566849753260612,2025
