id,player_name,games,time,goals,xG,assists,xA,shots,key_passes,yellow_cards,red_cards,position,team_title,npg,npxG,xGChain,xGBuildup,season
13021,Ramón Sosa,14,203,1,1.067722212523222,0,0.6437860690057278,10,7,1,0,M S,Nottingham Forest,1,1.067722212523222,1.9056951645761728,0.19418691098690033,2024
13021,Ramón Sosa,14,203,1,1.067722212523222,0,0.6437860690057278,10,7,1,0,M S,Nottingham Forest,1,1.067722212523222,1.9056951645761728,0.19418691098690033,2025
