id,player_name,games,time,goals,xG,assists,xA,shots,key_passes,yellow_cards,red_cards,position,team_title,npg,npxG,xGChain,xGBuildup,season
598,Bryan Oviedo,6,306,0,0.05968699883669615,0,0.536017395555973,3,3,3,0,D S,Everton,0,0.05968699883669615,0.11871130298823118,0.08170350268483162,2014
598,Bryan Oviedo,14,1001,0,0.4693509079515934,1,1.525049313902855,5,13,0,0,D M S,Everton,0,0.4693509079515934,4.925051087513566,3.127897271886468,2015
598,Bryan Oviedo,16,1325,0,0.1306107034906745,0,0.9008791986852884,4,10,4,0,D,"Everton,Sunderland",0,0.1306107034906745,2.6977152042090893,1.9681013962253928,2016
