id,player_name,games,time,goals,xG,assists,xA,shots,key_passes,yellow_cards,red_cards,position,team_title,npg,npxG,xGChain,xGBuildup,season
605,Jordan Henderson,37,3253,6,4.29442591406405,9,6.793559268116951,50,67,6,0,M S,Liverpool,5,3.533257396891713,16.3108734767884,8.795098267495632,2014
605,Jordan Henderson,17,1300,2,1.527289591729641,3,1.300453895702958,26,18,1,0,M S,Liverpool,2,1.527289591729641,5.802723690867424,4.533579096198082,2015
605,Jordan Henderson,24,2122,1,0.7973979115486145,4,2.5793107841163874,17,32,8,0,M,Liverpool,1,0.7973979115486145,12.209278754889965,10.577190160751343,2016
605,Jordan Henderson,27,2172,1,1.1374372886493802,1,1.953770898282528,15,25,1,0,M S,Liverpool,1,1.1374372886493802,12.625802513211966,10.510949815623462,2017
605,Jordan Henderson,32,1979,1,1.5131638869643211,3,1.6871289992704988,16,15,1,1,D M S,Liverpool,1,1.5131638869643211,14.520337954163551,11.579451527446508,2018
605,Jordan Henderson,30,2254,4,1.184689113870263,5,4.108061358332634,20,27,2,0,M S,Liverpool,4,1.184689113870263,15.858562499284744,12.152120873332024,2019
605,Jordan Henderson,21,1710,1,1.1357970889657736,1,1.4837088845670223,14,14,0,0,D M S,Liverpool,1,1.1357970889657736,11.494373463094234,10.461348321288824,2020
605,Jordan Henderson,35,2616,2,1.3726868210360408,5,4.195082722231746,31,37,3,0,M S,Liverpool,2,1.3726868210360408,18.98278469592333,15.453528169542551,2021
605,Jordan Henderson,35,2084,0,0.8594531016424298,2,3.5926097091287374,23,31,2,0,M S,Liverpool,0,0.8594531016424298,13.003664009273052,10.28102646395564,2022
