id,player_name,games,time,goals,xG,assists,xA,shots,key_passes,yellow_cards,red_cards,position,team_title,npg,npxG,xGChain,xGBuildup,season
1723,Roberto Pereyra,13,1044,2,1.3779955133795738,2,1.700189407914877,9,15,2,1,F M S,Watford,2,1.3779955133795738,4.251549381762743,2.0729248002171516,2016
1723,Roberto Pereyra,32,1618,5,3.9139166036620736,2,2.6690995041280985,33,23,3,0,F M S,Watford,5,3.9139166036620736,7.71702276635915,2.890405587852001,2017
1723,Roberto Pereyra,33,2837,6,5.37857623398304,1,3.538153797388077,57,34,3,0,M,Watford,6,5.37857623398304,12.572237838059664,6.263587266206741,2018
1723,Roberto Pereyra,28,1656,3,3.146886095404625,0,1.3600246058776975,21,20,4,0,F M S,Watford,2,2.385717086493969,4.776893042959273,1.625991907902062,2019
