id,player_name,games,time,goals,xG,assists,xA,shots,key_passes,yellow_cards,red_cards,position,team_title,npg,npxG,xGChain,xGBuildup,season
10012,Jakub Kiwior,7,426,1,0.09843707829713821,0,0.027377869933843613,1,1,0,0,D S,Arsenal,1,0.09843707829713821,2.2725219037383795,2.245144000276923,2022
10012,Jakub Kiwior,20,953,1,1.1961752735078335,3,0.9080287516117096,6,6,1,0,D S,Arsenal,1,1.1961752735078335,5.180064149200916,3.9905764758586884,2023
10012,Jakub Kiwior,8,307,0,0,0,0.0577365979552269,0,1,0,0,D S,Arsenal,0,0,0.11562897637486458,0.05789237841963768,2024
10012,Jakub Kiwior,8,307,0,0,0,0.0577365979552269,0,1,0,0,D S,Arsenal,0,0,0.11562897637486458,0.05789237841963768,2025
