id,player_name,games,time,goals,xG,assists,xA,shots,key_passes,yellow_cards,red_cards,position,team_title,npg,npxG,xGChain,xGBuildup,season
812,Craig Gardner,35,2697,3,3.340116017498076,4,3.3437892766669393,56,35,10,0,M S,West Bromwich Albion,3,3.340116017498076,8.155050222761929,4.230648763477802,2014
812,Craig Gardner,34,2037,3,4.136256244033575,3,3.0203902954235673,46,24,5,0,M S,West Bromwich Albion,3,3.3750872425734997,5.1864875964820385,1.7018211791291833,2015
812,Craig Gardner,9,207,0,0.10909420251846313,1,1.5410642689093947,2,10,1,0,M S,West Bromwich Albion,0,0.10909420251846313,0.44919081032276154,0.3119710087776184,2016
