id,player_name,games,time,goals,xG,assists,xA,shots,key_passes,yellow_cards,red_cards,position,team_title,npg,npxG,xGChain,xGBuildup,season
6033,Aaron Mooy,36,3077,4,2.863142983056605,3,4.150494369678199,29,50,4,0,M S,Huddersfield,3,2.101973013021052,7.69504867400974,4.615362114273012,2017
6033,Aaron Mooy,29,2326,3,2.420329000800848,1,2.7453818414360285,43,43,4,0,M S,Huddersfield,2,1.6591599844396114,5.216702068224549,3.481635826639831,2018
6033,Aaron Mooy,31,2095,2,2.5181911941617727,2,3.7491019684821367,33,39,1,1,F M S,Brighton,2,2.5181911941617727,8.611671870574355,4.264197228476405,2019
