id,player_name,games,time,goals,xG,assists,xA,shots,key_passes,yellow_cards,red_cards,position,team_title,npg,npxG,xGChain,xGBuildup,season
736,Younes Kaboul,11,990,0,0.909060325473547,0,0.3147166967391968,5,4,2,0,D,Tottenham,0,0.909060325473547,2.502238906919956,2.4191391095519066,2014
736,Younes Kaboul,23,2014,0,0.777892111800611,1,0.8246368728578091,12,6,3,1,D S,Sunderland,0,0.777892111800611,2.9098432417958975,2.7035042252391577,2015
736,Younes Kaboul,23,1919,2,1.4167460016906261,0,0.06752640102058649,12,2,2,0,D,"Sunderland,Watford",2,1.4167460016906261,0.7621026076376438,0.6498812045902014,2016
736,Younes Kaboul,2,153,0,0,0,0,0,0,0,0,D,Watford,0,0,0.1497541032731533,0.1497541032731533,2017
