id,player_name,games,time,goals,xG,assists,xA,shots,key_passes,yellow_cards,red_cards,position,team_title,npg,npxG,xGChain,xGBuildup,season
520,Bakary Sako,20,1073,2,2.3595071816816926,1,1.8894953643903136,34,9,1,0,F M S,Crystal Palace,2,2.3595071816816926,4.876719728112221,1.9568675085902214,2015
520,Bakary Sako,7,121,0,0.13087019883096218,0,0.09001059830188751,4,1,0,0,S,Crystal Palace,0,0.13087019883096218,0.13712540082633495,0.0881837997585535,2016
520,Bakary Sako,16,446,3,2.2703607995063066,0,0.7738896021619439,17,7,0,0,F M S,Crystal Palace,3,2.2703607995063066,2.393583637662232,0.5047072134912014,2017
520,Bakary Sako,4,19,0,0,0,0,0,0,0,0,S,Crystal Palace,0,0,0,0,2018
