id,player_name,games,time,goals,xG,assists,xA,shots,key_passes,yellow_cards,red_cards,position,team_title,npg,npxG,xGChain,xGBuildup,season
4430,Joey Barton,28,2347,1,2.055411926470697,3,5.228928584605455,35,58,11,1,M S,Queens Park Rangers,1,2.055411926470697,7.560516483150423,5.23019561637193,2014
4430,Joey Barton,14,1104,1,0.41184460185468197,0,0.6195554044097662,12,8,4,0,M S,Burnley,1,0.41184460185468197,2.629542449489236,2.048955015838146,2016
