id,player_name,games,time,goals,xG,assists,xA,shots,key_passes,yellow_cards,red_cards,position,team_title,npg,npxG,xGChain,xGBuildup,season
5073,Florian Lejeune,24,2103,0,0.3279310492798686,2,1.53646370023489,13,7,3,0,D,Newcastle United,0,0.3279310492798686,2.682085182517767,2.616800971329212,2017
5073,Florian Lejeune,12,1057,0,0.27656339574605227,0,0.2914360947906971,7,6,0,0,D,Newcastle United,0,0.27656339574605227,2.3515912909060717,2.2786528896540403,2018
5073,Florian Lejeune,6,442,2,0.3811471899971366,0,0.051249198615550995,4,1,0,0,D S,Newcastle United,2,0.3811471899971366,0.2689419984817505,0.20648420602083206,2019
