id,player_name,games,time,goals,xG,assists,xA,shots,key_passes,yellow_cards,red_cards,position,team_title,npg,npxG,xGChain,xGBuildup,season
2383,André Gomes,27,2001,1,1.3925831858068705,1,0.664130412042141,21,6,7,0,M S,Everton,1,1.3925831858068705,6.85144978761673,5.686358939856291,2018
2383,André Gomes,19,1457,0,0.2068475028499961,1,1.1045076744630933,5,11,6,0,M S,Everton,0,0.2068475028499961,5.090313262306154,3.9429836943745613,2019
2383,André Gomes,28,1574,0,0.42712836526334286,1,1.0544498888775706,14,15,3,0,M S,Everton,0,0.42712836526334286,5.508418911136687,4.3762846030294895,2020
2383,André Gomes,14,621,0,0.9899690942838788,1,0.15643610153347254,14,4,3,0,M S,Everton,0,0.9899690942838788,1.5198938827961683,0.4981835959479213,2021
2383,André Gomes,12,476,1,0.31534918770194054,0,0.26019739359617233,8,3,4,0,M S,Everton,1,0.31534918770194054,1.3486489057540894,0.9295541495084763,2023
