id,player_name,games,time,goals,xG,assists,xA,shots,key_passes,yellow_cards,red_cards,position,team_title,npg,npxG,xGChain,xGBuildup,season
657,Alexandre Song,28,2258,0,0.723948891274631,3,2.3790941443294287,12,28,4,0,M S,West Ham,0,0.723948891274631,9.307583212852478,7.033517295029014,2014
657,Alexandre Song,12,658,0,0.1801397018134594,0,0.2122628018260002,6,8,1,0,M S,West Ham,0,0.1801397018134594,1.8867263868451118,1.602582685649395,2015
