id,player_name,games,time,goals,xG,assists,xA,shots,key_passes,yellow_cards,red_cards,position,team_title,npg,npxG,xGChain,xGBuildup,season
8239,Takumi Minamino,10,233,0,0.8382361009716988,0,0.01614289917051792,8,1,0,0,F S,Liverpool,0,0.8382361009716988,1.2121315188705921,0.43118881061673164,2019
8239,Takumi Minamino,19,1004,3,2.9247402772307396,0,0.810821782797575,20,5,1,0,F M S,"Liverpool,Southampton",3,2.9247402772307396,6.542063135653734,2.9392822682857513,2020
8239,Takumi Minamino,11,162,3,1.763352945446968,0,0.5603136941790581,7,2,1,0,F S,Liverpool,3,1.763352945446968,2.6374892964959145,0.3138282969594002,2021
