id,player_name,games,time,goals,xG,assists,xA,shots,key_passes,yellow_cards,red_cards,position,team_title,npg,npxG,xGChain,xGBuildup,season
8020,Steven Alzate,19,1175,0,1.0576836168766022,0,0.8152610920369625,13,14,1,0,D M S,Brighton,0,1.0576836168766022,3.4897162094712257,1.8680191319435835,2019
8020,Steven Alzate,15,905,1,0.8340353071689606,0,0.9228017721325159,7,11,2,0,D M S,Brighton,1,0.8340353071689606,3.5195548171177506,2.386690203100443,2020
8020,Steven Alzate,9,410,0,0.081243596971035,0,0.14678999781608582,1,2,0,0,M S,Brighton,0,0.081243596971035,0.919185608625412,0.919185608625412,2021
