id,player_name,games,time,goals,xG,assists,xA,shots,key_passes,yellow_cards,red_cards,position,team_title,npg,npxG,xGChain,xGBuildup,season
6174,Nikola Milenkovic,22,1980,2,3.020196009427309,1,0.5814476609230042,22,4,2,0,D,Nottingham Forest,2,3.020196009427309,4.354571525007486,3.460764851421118,2024
6174,Nikola Milenkovic,22,1980,2,3.020196009427309,1,0.5814476609230042,22,4,2,0,D,Nottingham Forest,2,3.020196009427309,4.354571525007486,3.460764851421118,2025
