id,player_name,games,time,goals,xG,assists,xA,shots,key_passes,yellow_cards,red_cards,position,team_title,npg,npxG,xGChain,xGBuildup,season
11070,Jørgen Strand Larsen,23,1867,7,6.765518218278885,2,2.000893833115697,35,12,2,0,F S,Wolverhampton Wanderers,7,6.765518218278885,10.346828168258071,2.5339677687734365,2024
11070,Jørgen Strand Larsen,23,1867,7,6.765518218278885,2,2.000893833115697,35,12,2,0,F S,Wolverhampton Wanderers,7,6.765518218278885,10.346828168258071,2.5339677687734365,2025
