id,player_name,games,time,goals,xG,assists,xA,shots,key_passes,yellow_cards,red_cards,position,team_title,npg,npxG,xGChain,xGBuildup,season
7768,Mason Mount,37,2894,7,7.497828083112836,5,5.258457243442535,78,52,3,0,F M S,Chelsea,7,7.497828083112836,16.875008672475815,8.520661786198616,2019
7768,Mason Mount,36,2891,6,6.884881563484669,5,9.847691288217902,82,87,2,0,F M S,Chelsea,5,6.123712250962853,21.69607226829976,12.443154769949615,2020
7768,Mason Mount,32,2367,11,8.522430308163166,10,7.21291824337095,76,58,4,0,F M S,Chelsea,10,7.7612572982907295,18.23220883309841,7.473151002079248,2021
7768,Mason Mount,24,1682,3,2.1364672761410475,2,3.0019248109310865,33,29,4,0,F M S,Chelsea,3,2.1364672761410475,7.29792560543865,4.2961919931694865,2022
7768,Mason Mount,14,501,1,0.6238168478012085,0,0.37420978117734194,5,6,2,0,M S,Manchester United,1,0.6238168478012085,3.08113169670105,2.231110103428364,2023
7768,Mason Mount,8,250,0,0.5243264678865671,0,0.096683818846941,3,4,2,0,F M S,Manchester United,0,0.5243264678865671,1.2057784078642726,0.6110557680949569,2024
7768,Mason Mount,8,250,0,0.5243264678865671,0,0.096683818846941,3,4,2,0,F M S,Manchester United,0,0.5243264678865671,1.2057784078642726,0.6110557680949569,2025
