id,player_name,games,time,goals,xG,assists,xA,shots,key_passes,yellow_cards,red_cards,position,team_title,npg,npxG,xGChain,xGBuildup,season
12603,Mikey Moore,2,2,0,0,0,0,0,0,0,0,S,Tottenham,0,0,0,0,2023
12603,Mikey Moore,6,123,0,0.16382673382759094,1,0.5499570965766907,3,1,0,0,F S,Tottenham,0,0.16382673382759094,0.5211682915687561,0.35734155774116516,2024
12603,Mikey Moore,6,123,0,0.16382673382759094,1,0.5499570965766907,3,1,0,0,F S,Tottenham,0,0.16382673382759094,0.5211682915687561,0.35734155774116516,2025
