id,player_name,games,time,goals,xG,assists,xA,shots,key_passes,yellow_cards,red_cards,position,team_title,npg,npxG,xGChain,xGBuildup,season
2280,Jonny,33,2792,1,1.8485937872901559,1,1.7633734866976738,25,31,6,0,D M S,Wolverhampton Wanderers,1,1.8485937872901559,6.935839602723718,4.472828894853592,2018
2280,Jonny,35,2907,2,1.6140431929379702,2,1.5668130051344633,19,23,4,0,D M S,Wolverhampton Wanderers,2,1.6140431929379702,10.034510375000536,7.451252195052803,2019
2280,Jonny,7,505,0,0.05170470103621483,0,0.05090080015361309,1,2,0,0,D,Wolverhampton Wanderers,0,0.05170470103621483,0.3334942162036896,0.2308886107057333,2020
2280,Jonny,13,1020,2,0.8668940085917711,0,1.1285741068422794,10,11,1,0,D S,Wolverhampton Wanderers,2,0.8668940085917711,3.1494782511144876,1.741608222015202,2021
2280,Jonny,18,1257,1,0.18713400978595018,0,0.5784888137131929,9,5,3,1,D S,Wolverhampton Wanderers,1,0.18713400978595018,4.236576620489359,3.6351590380072594,2022
2280,Jonny,1,1,0,0,0,0,0,0,0,0,S,Wolverhampton Wanderers,0,0,0,0,2023
