id,player_name,games,time,goals,xG,assists,xA,shots,key_passes,yellow_cards,red_cards,position,team_title,npg,npxG,xGChain,xGBuildup,season
2335,Pablo Fornals,36,2190,2,2.643428330309689,5,2.299053318798542,36,19,3,0,M S,West Ham,2,2.643428330309689,7.556357577443123,4.669498210772872,2019
2335,Pablo Fornals,33,2603,5,6.749409511685371,4,2.5329946326091886,50,31,3,0,F M S,West Ham,5,6.749409511685371,16.320038326084614,8.427109494805336,2020
2335,Pablo Fornals,36,2805,6,5.137447626329958,3,5.967042115516961,44,47,4,0,F M S,West Ham,6,5.137447626329958,17.674583863466978,8.343821020796895,2021
2335,Pablo Fornals,32,1507,3,1.7289359364658594,1,2.018738079816103,27,19,0,0,F M S,West Ham,3,1.7289359364658594,6.236087362281978,2.813890845514834,2022
2335,Pablo Fornals,15,392,0,0.2919035069644451,0,0.5666238348931074,7,5,0,0,M S,West Ham,0,0.2919035069644451,1.4481733404099941,0.9896499309688807,2023
