id,player_name,games,time,goals,xG,assists,xA,shots,key_passes,yellow_cards,red_cards,position,team_title,npg,npxG,xGChain,xGBuildup,season
768,Vurnon Anita,19,1291,0,0.14411458000540733,0,0.2418053038418293,8,6,3,0,D M S,Newcastle United,0,0.14411458000540733,1.8163302429020405,1.5396105162799358,2014
768,Vurnon Anita,28,2112,1,0.22509299963712692,3,0.6107363002374768,8,13,6,0,D M S,Newcastle United,1,0.22509299963712692,4.6412940211594105,4.246871806681156,2015
