id,player_name,games,time,goals,xG,assists,xA,shots,key_passes,yellow_cards,red_cards,position,team_title,npg,npxG,xGChain,xGBuildup,season
8941,Jacob Ramsey,22,593,0,0.5745481103658676,0,0.21190819889307022,11,6,0,0,M S,Aston Villa,0,0.5745481103658676,2.2276439275592566,1.694883331656456,2020
8941,Jacob Ramsey,34,2493,6,3.8228819873183966,1,2.036960480734706,34,21,6,0,F M S,Aston Villa,6,3.8228819873183966,11.246643111109734,6.333872018381953,2021
8941,Jacob Ramsey,35,2675,6,5.228078290820122,7,5.728406075388193,33,42,5,0,M S,Aston Villa,6,5.228078290820122,14.287118025124073,6.712041646242142,2022
8941,Jacob Ramsey,16,824,1,2.316869243979454,1,0.9168627075850964,19,9,2,0,M S,Aston Villa,1,2.316869243979454,5.194736570119858,2.25878119841218,2023
8941,Jacob Ramsey,15,973,1,1.0745110791176558,2,2.026249178685248,13,11,1,0,M S,Aston Villa,1,1.0745110791176558,6.701916687190533,4.237995717674494,2024
8941,Jacob Ramsey,15,973,1,1.0745110791176558,2,2.026249178685248,13,11,1,0,M S,Aston Villa,1,1.0745110791176558,6.701916687190533,4.237995717674494,2025
