id,player_name,games,time,goals,xG,assists,xA,shots,key_passes,yellow_cards,red_cards,position,team_title,npg,npxG,xGChain,xGBuildup,season
526,Lee Chung-yong,3,86,0,0.09530609846115112,0,0,2,0,0,0,M S,Crystal Palace,0,0.09530609846115112,0.2059495933353901,0.15196869894862175,2014
526,Lee Chung-yong,13,375,1,0.15825050324201584,0,0.4583900086581707,5,6,0,0,M S,Crystal Palace,1,0.15825050324201584,0.7814945951104164,0.6394797302782536,2015
526,Lee Chung-yong,15,463,0,0.2505840854719281,1,0.9072551284916699,4,7,0,0,M S,Crystal Palace,0,0.2505840854719281,0.8395034978166223,0.30344199389219284,2016
526,Lee Chung-yong,7,126,0,0.017771299928426743,0,0.09782540053129196,1,2,0,0,F S,Crystal Palace,0,0.017771299928426743,0.5603450015187263,0.500810794532299,2017
