id,player_name,games,time,goals,xG,assists,xA,shots,key_passes,yellow_cards,red_cards,position,team_title,npg,npxG,xGChain,xGBuildup,season
8816,Liam Cooper,25,2189,1,2.0945085920393467,0,0,15,0,4,1,D,Leeds,1,2.0945085920393467,7.379914786666632,7.379914786666632,2020
8816,Liam Cooper,21,1814,0,0.2801405992358923,1,0.13216600194573402,6,4,5,0,D,Leeds,0,0.2801405992358923,3.4019787572324276,3.3240342624485493,2021
8816,Liam Cooper,18,1421,1,0.9520196840167046,0,0.4224689118564129,10,5,5,0,D S,Leeds,1,0.9520196840167046,3.1956543028354645,3.0356351882219315,2022
