id,player_name,games,time,goals,xG,assists,xA,shots,key_passes,yellow_cards,red_cards,position,team_title,npg,npxG,xGChain,xGBuildup,season
5590,Tosin Adarabioyo,33,2955,0,1.560731110163033,0,0.3087306385859847,18,5,1,0,D,Fulham,0,1.560731110163033,5.666260660625994,5.607973066158593,2020
5590,Tosin Adarabioyo,25,2081,1,0.5782807385548949,0,0.2267771176993847,17,6,4,0,D S,Fulham,1,0.5782807385548949,3.6261736676096916,3.482117474079132,2022
5590,Tosin Adarabioyo,20,1618,2,0.9477480566129088,0,0.13653935492038727,14,2,2,0,D S,Fulham,2,0.9477480566129088,5.4755807258188725,5.466204304248095,2023
5590,Tosin Adarabioyo,11,734,1,0.7454337636008859,0,0.01392056792974472,6,1,2,0,D S,Chelsea,1,0.7454337636008859,3.66605282202363,3.66605282202363,2024
5590,Tosin Adarabioyo,11,734,1,0.7454337636008859,0,0.01392056792974472,6,1,2,0,D S,Chelsea,1,0.7454337636008859,3.66605282202363,3.66605282202363,2025
