id,player_name,games,time,goals,xG,assists,xA,shots,key_passes,yellow_cards,red_cards,position,team_title,npg,npxG,xGChain,xGBuildup,season
872,Peter Crouch,33,1648,8,6.730622369796038,2,1.883066506125033,59,15,4,0,F S,Stoke,8,6.730622369796038,9.373052059672773,3.5920453937724233,2014
872,Peter Crouch,11,446,0,0.3046404980123043,1,0.3946677977219224,7,4,0,0,F S,Stoke,0,0.3046404980123043,1.2113898899406195,0.6094104927033186,2015
872,Peter Crouch,27,1319,7,5.874591821338981,2,3.2038370687514544,37,17,3,0,F S,Stoke,7,5.874591821338981,7.918542893603444,1.76161540299654,2016
872,Peter Crouch,31,1532,5,4.21564557403326,2,3.1475227996706963,23,21,4,0,F S,Stoke,5,4.21564557403326,7.294580956920981,1.3116847816854715,2017
872,Peter Crouch,6,73,0,0.6116740070283413,0,0,5,0,1,0,S,Burnley,0,0.6116740070283413,0.9484357982873917,0.473037987947464,2018
