id,player_name,games,time,goals,xG,assists,xA,shots,key_passes,yellow_cards,red_cards,position,team_title,npg,npxG,xGChain,xGBuildup,season
6835,Tom Cairney,31,2207,1,1.1451944131404161,1,3.0039899302646518,24,40,0,0,F M S,Fulham,1,1.1451944131404161,8.619476376101375,6.14206922147423,2018
6835,Tom Cairney,10,762,1,0.5839640917256474,1,0.9888519793748856,12,17,2,0,M S,Fulham,1,0.5839640917256474,3.385561529546976,2.849907993339002,2020
6835,Tom Cairney,33,929,2,1.5491938758641481,0,1.6246961504220963,21,12,2,0,M S,Fulham,2,1.5491938758641481,5.840297954156995,3.5059372931718826,2022
6835,Tom Cairney,34,1427,1,1.009905599988997,4,3.1143901832401752,17,25,3,0,M S,Fulham,1,1.009905599988997,9.088703569956124,7.377049610950053,2023
6835,Tom Cairney,17,355,1,0.13131439313292503,0,1.4053654335439205,4,6,2,1,M S,Fulham,1,0.13131439313292503,4.732547236606479,4.699987653642893,2024
6835,Tom Cairney,17,355,1,0.13131439313292503,0,1.4053654335439205,4,6,2,1,M S,Fulham,1,0.13131439313292503,4.732547236606479,4.699987653642893,2025
