id,player_name,games,time,goals,xG,assists,xA,shots,key_passes,yellow_cards,red_cards,position,team_title,npg,npxG,xGChain,xGBuildup,season
6037,Danny Williams,20,1108,0,0.30300805903971195,0,0.23594889417290688,12,4,2,0,M S,Huddersfield,0,0.30300805903971195,1.8722028359770775,1.469663480296731,2017
6037,Danny Williams,5,94,0,0.015552599914371967,0,0.031034700572490692,1,1,1,0,M S,Huddersfield,0,0.015552599914371967,0.08398550096899271,0.06843290105462074,2018
