id,player_name,games,time,goals,xG,assists,xA,shots,key_passes,yellow_cards,red_cards,position,team_title,npg,npxG,xGChain,xGBuildup,season
604,Emre Can,27,2068,1,0.4509779969230294,0,1.2752419114112854,15,12,2,1,D M S,Liverpool,1,0.4509779969230294,6.675915222615004,5.865422680974007,2014
604,Emre Can,30,2501,1,1.2145628472790122,0,3.202119203284383,30,32,9,0,D M S,Liverpool,1,1.2145628472790122,11.935751177370548,10.14760448411107,2015
604,Emre Can,32,2360,5,3.2143853222951293,2,2.0903315898030996,45,32,6,0,M S,Liverpool,5,3.2143853222951293,12.054565090686083,7.728923436254263,2016
604,Emre Can,26,2099,3,1.5114368125796318,4,3.046363800764084,27,24,8,0,D M S,Liverpool,3,1.5114368125796318,15.16836328804493,12.476833879947662,2017
