id,player_name,games,time,goals,xG,assists,xA,shots,key_passes,yellow_cards,red_cards,position,team_title,npg,npxG,xGChain,xGBuildup,season
5602,Sam Surridge,2,9,0,0.3793915882706642,0,0.037856798619031906,2,1,0,0,S,Bournemouth,0,0.3793915882706642,0.41724858433008194,0,2018
5602,Sam Surridge,4,20,0,0.8971610069274902,0,0.06571190059185028,2,1,0,0,S,Bournemouth,0,0.8971610069274902,0.48576490581035614,0,2019
5602,Sam Surridge,20,275,1,1.692672897130251,0,0.051858801394701004,9,1,2,0,F S,Nottingham Forest,1,1.692672897130251,2.3841308541595936,0.7316878624260426,2022
