id,player_name,games,time,goals,xG,assists,xA,shots,key_passes,yellow_cards,red_cards,position,team_title,npg,npxG,xGChain,xGBuildup,season
6840,Neeskens Kebano,7,93,0,0.049745600670576096,0,0,1,0,0,0,S,Fulham,0,0.049745600670576096,0.09372854884713888,0.043982948176562786,2018
6840,Neeskens Kebano,5,112,0,0.2724295035004616,0,0,6,0,0,0,M S,Fulham,0,0.2724295035004616,0.24167200177907944,0.02052750065922737,2020
6840,Neeskens Kebano,17,770,0,0.7552167885005474,3,1.5724477292969823,9,13,0,0,M S,Fulham,0,0.7552167885005474,2.504967577755451,0.7153982073068619,2022
