id,player_name,games,time,goals,xG,assists,xA,shots,key_passes,yellow_cards,red_cards,position,team_title,npg,npxG,xGChain,xGBuildup,season
10050,Micky van de Ven,27,2345,3,0.9709036685526371,0,0.03540848568081856,8,1,5,0,D,Tottenham,3,0.9709036685526371,10.605861792340875,10.423011044040322,2023
10050,Micky van de Ven,9,797,0,0.35075991228222847,2,1.1784075498580933,5,2,4,0,D,Tottenham,0,0.35075991228222847,4.654985398054123,3.4765779078006744,2024
10050,Micky van de Ven,9,797,0,0.35075991228222847,2,1.1784075498580933,5,2,4,0,D,Tottenham,0,0.35075991228222847,4.654985398054123,3.4765779078006744,2025
