id,player_name,games,time,goals,xG,assists,xA,shots,key_passes,yellow_cards,red_cards,position,team_title,npg,npxG,xGChain,xGBuildup,season
1749,Rob Holding,9,810,0,0.5570453740656376,0,0.10546769946813583,5,3,3,0,D,Arsenal,0,0.5570453740656376,2.7223821710795164,2.608095182105899,2016
1749,Rob Holding,12,816,0,0.10694999992847443,0,0.03383919969201088,1,2,3,0,D S,Arsenal,0,0.10694999992847443,3.4701873436570168,3.4503049477934837,2017
1749,Rob Holding,10,807,0,0.12041040230542421,0,0.1658618003129959,2,2,1,0,D S,Arsenal,0,0.12041040230542421,2.4310919605195522,2.418538983911276,2018
1749,Rob Holding,8,576,0,0.10935600101947784,0,0,2,0,1,0,D S,Arsenal,0,0.10935600101947784,0.4436413124203682,0.4436413124203682,2019
1749,Rob Holding,30,2548,0,0.7339214868843555,1,0.20068280026316643,14,4,2,0,D S,Arsenal,0,0.7339214868843555,7.403348095715046,7.163188092410564,2020
1749,Rob Holding,15,824,1,0.5605965945869684,0,0,4,0,2,1,D S,Arsenal,1,0.5605965945869684,2.167426660656929,2.167426660656929,2021
1749,Rob Holding,14,556,1,0.37418198585510254,0,0,5,0,0,0,D S,Arsenal,1,0.37418198585510254,3.300787255167961,3.20217327773571,2022
