id,player_name,games,time,goals,xG,assists,xA,shots,key_passes,yellow_cards,red_cards,position,team_title,npg,npxG,xGChain,xGBuildup,season
7699,Adam Webster,31,2668,3,1.5777925020083785,1,1.0943772848695517,16,10,4,0,D,Brighton,3,1.5777925020083785,6.390758313238621,6.152599917724729,2019
7699,Adam Webster,29,2596,1,1.2729560993611813,0,0.2532154992222786,25,5,4,0,D,Brighton,1,1.2729560993611813,7.724679803475738,7.582416407763958,2020
7699,Adam Webster,22,1419,2,1.486678946763277,0,0.03690589964389801,8,1,5,0,D S,Brighton,2,1.486678946763277,3.169359415769577,3.152342416346073,2021
7699,Adam Webster,27,2000,0,1.5340027026832104,0,0.5189482178539038,18,6,2,0,D S,Brighton,0,1.5340027026832104,9.7150968182832,9.189998405054212,2022
7699,Adam Webster,15,1146,0,0.4553392454981804,0,0.21061718463897705,8,5,1,0,D S,Brighton,0,0.4553392454981804,6.527007706463337,6.405847318470478,2023
7699,Adam Webster,6,168,0,0.011697596870362759,0,0,1,0,0,0,D S,Brighton,0,0.011697596870362759,0.6533444374799728,0.6533444374799728,2024
7699,Adam Webster,6,168,0,0.011697596870362759,0,0,1,0,0,0,D S,Brighton,0,0.011697596870362759,0.6533444374799728,0.6533444374799728,2025
