id,player_name,games,time,goals,xG,assists,xA,shots,key_passes,yellow_cards,red_cards,position,team_title,npg,npxG,xGChain,xGBuildup,season
7187,Sergio Reguilón,27,2258,0,1.1595534086227417,3,2.099100701510906,20,17,5,0,D M S,Tottenham,0,1.1595534086227417,8.52995277568698,6.11448260769248,2020
7187,Sergio Reguilón,25,1929,2,2.971682120114565,3,3.5308931674808264,21,28,4,0,D S,Tottenham,2,2.971682120114565,9.459169758483768,4.919268406927586,2021
7187,Sergio Reguilón,25,1539,0,1.177430784329772,4,3.6384903844445944,17,28,7,1,D S,"Brentford,Manchester United",0,1.177430784329772,6.459852248430252,3.6084673702716827,2023
7187,Sergio Reguilón,3,112,0,0.07086511701345444,0,0.0298521239310503,1,1,2,0,S,Tottenham,0,0.07086511701345444,0.33560509979724884,0.23488786071538925,2024
7187,Sergio Reguilón,3,112,0,0.07086511701345444,0,0.0298521239310503,1,1,2,0,S,Tottenham,0,0.07086511701345444,0.33560509979724884,0.23488786071538925,2025
