id,player_name,games,time,goals,xG,assists,xA,shots,key_passes,yellow_cards,red_cards,position,team_title,npg,npxG,xGChain,xGBuildup,season
607,Martin Skrtel,33,2970,1,0.9992613941431046,0,0.4422789104282856,19,5,8,0,D,Liverpool,1,0.9992613941431046,6.885371437296271,6.7324364092200994,2014
607,Martin Skrtel,22,1882,1,0.635306098498404,0,0.809040131047368,10,5,5,0,D S,Liverpool,1,0.635306098498404,5.071173986420035,5.071173986420035,2015
