id,player_name,games,time,goals,xG,assists,xA,shots,key_passes,yellow_cards,red_cards,position,team_title,npg,npxG,xGChain,xGBuildup,season
7698,Leandro Trossard,31,2018,5,5.354306818917394,3,4.625107796862721,41,42,0,0,F M S,Brighton,5,5.354306818917394,12.011701306328177,4.779168190434575,2019
7698,Leandro Trossard,35,2647,5,5.41275604814291,5,5.398416018113494,58,51,2,0,F M S,Brighton,5,5.41275604814291,15.99893388338387,7.631561153568327,2020
7698,Leandro Trossard,34,2830,8,7.961571488529444,3,5.277916149236262,73,47,2,0,D F M S,Brighton,7,7.20040250197053,16.139060961082578,5.856930652633309,2021
7698,Leandro Trossard,36,2263,8,7.068454213440418,12,6.358577378094196,55,47,1,0,D F M S,"Arsenal,Brighton",8,7.068454213440418,16.329788200557232,6.749516544863582,2022
7698,Leandro Trossard,34,1649,12,9.575767548754811,1,3.252073733136058,60,24,2,0,F M S,Arsenal,12,9.575767548754811,16.976479506120086,5.5028668232262135,2023
7698,Leandro Trossard,23,1381,4,4.836379691958427,4,4.901606358587742,36,26,1,1,F M S,Arsenal,4,4.836379691958427,11.777526170015335,4.081000730395317,2024
7698,Leandro Trossard,23,1381,4,4.836379691958427,4,4.901606358587742,36,26,1,1,F M S,Arsenal,4,4.836379691958427,11.777526170015335,4.081000730395317,2025
