id,player_name,games,time,goals,xG,assists,xA,shots,key_passes,yellow_cards,red_cards,position,team_title,npg,npxG,xGChain,xGBuildup,season
1822,Antonio Rüdiger,27,2337,2,2.0695582795888186,1,0.5013577099889517,16,3,4,0,D S,Chelsea,2,2.0695582795888186,9.169892122969031,9.077282639220357,2017
1822,Antonio Rüdiger,33,2875,1,2.6610578699037433,0,0.904785618185997,27,8,7,0,D,Chelsea,1,2.6610578699037433,8.752738546580076,7.824800149537623,2018
1822,Antonio Rüdiger,20,1710,2,0.9304551919922233,0,1.177512563765049,12,5,3,0,D S,Chelsea,2,0.9304551919922233,6.220142510719597,6.190629817545414,2019
1822,Antonio Rüdiger,19,1710,1,1.1399358808994293,0,0.3058072980493307,14,4,0,0,D,Chelsea,1,1.1399358808994293,9.13764899969101,9.04483500123024,2020
1822,Antonio Rüdiger,34,3036,3,2.6754944901913404,0,0.7367037087678909,48,12,9,0,D,Chelsea,3,2.6754944901913404,17.81282993219793,17.00517813488841,2021
