id,player_name,games,time,goals,xG,assists,xA,shots,key_passes,yellow_cards,red_cards,position,team_title,npg,npxG,xGChain,xGBuildup,season
7943,Igor Julio,24,1640,0,0.21774271875619888,0,0.623787728138268,5,7,4,0,D S,Brighton,0,0.21774271875619888,10.448413725942373,10.266164284199476,2023
7943,Igor Julio,12,898,0,0.08350001275539398,0,0.12492169439792633,1,1,4,0,D S,Brighton,0,0.08350001275539398,4.736426521092653,4.611504841595888,2024
7943,Igor Julio,12,898,0,0.08350001275539398,0,0.12492169439792633,1,1,4,0,D S,Brighton,0,0.08350001275539398,4.736426521092653,4.611504841595888,2025
