id,player_name,games,time,goals,xG,assists,xA,shots,key_passes,yellow_cards,red_cards,position,team_title,npg,npxG,xGChain,xGBuildup,season
499,Mesut Özil,22,1861,4,3.8600258827209473,5,6.656995788216591,29,69,0,0,F M S,Arsenal,4,3.8600258827209473,16.41658142209053,9.916838062927127,2014
499,Mesut Özil,35,3065,6,7.9231729451566935,19,17.618861105293036,48,146,4,0,M,Arsenal,6,7.9231729451566935,32.78600429929793,18.351203271187842,2015
499,Mesut Özil,33,2856,8,5.606561478227377,9,8.070462390780449,40,100,2,0,M S,Arsenal,8,5.606561478227377,22.84276197478175,14.728370394557714,2016
499,Mesut Özil,26,2166,4,4.391981052234769,8,9.12885046750307,39,84,4,0,F M S,Arsenal,4,4.391981052234769,21.609494753181934,14.733471548184752,2017
499,Mesut Özil,24,1751,5,2.226022094488144,2,4.290137607604265,11,45,2,0,M S,Arsenal,5,2.226022094488144,11.982878969982266,8.06083625741303,2018
499,Mesut Özil,18,1472,1,1.708274181932211,2,2.2874074801802635,9,37,1,0,M,Arsenal,1,1.708274181932211,8.399060912430286,6.210026806220412,2019
