id,player_name,games,time,goals,xG,assists,xA,shots,key_passes,yellow_cards,red_cards,position,team_title,npg,npxG,xGChain,xGBuildup,season
8476,Jarrad Branthwaite,4,296,0,0,0,0,0,0,0,0,D S,Everton,0,0,1.4716931469738483,1.4716931469738483,2019
8476,Jarrad Branthwaite,6,384,1,0.6022208128124475,0,0,3,0,0,1,D S,Everton,1,0.6022208128124475,0.06461069919168949,0.06461069919168949,2021
8476,Jarrad Branthwaite,35,3122,3,1.9108920088037848,0,0.9319860828109086,14,4,8,0,D,Everton,3,1.9108920088037848,6.321832184214145,6.261263381689787,2023
8476,Jarrad Branthwaite,15,1174,0,0.2036730870604515,0,0.028923185542225838,4,1,3,0,D S,Everton,0,0.2036730870604515,1.4826749470084906,1.3664400037378073,2024
8476,Jarrad Branthwaite,15,1174,0,0.2036730870604515,0,0.028923185542225838,4,1,3,0,D S,Everton,0,0.2036730870604515,1.4826749470084906,1.3664400037378073,2025
