id,player_name,games,time,goals,xG,assists,xA,shots,key_passes,yellow_cards,red_cards,position,team_title,npg,npxG,xGChain,xGBuildup,season
507,Per Mertesacker,35,3150,0,0.8197573097422719,1,0.23774650320410728,13,3,2,0,D,Arsenal,0,0.8197573097422719,7.7452923487871885,7.591860653832555,2014
507,Per Mertesacker,24,2050,0,1.3489637859165668,0,0.3447166942059994,8,2,1,1,D,Arsenal,0,1.3489637859165668,6.381493804976344,6.381493804976344,2015
507,Per Mertesacker,1,35,0,0,0,0,0,0,0,0,S,Arsenal,0,0,0,0,2016
507,Per Mertesacker,6,360,1,0.08774549700319767,0,0,2,0,0,0,D S,Arsenal,1,0.08774549700319767,1.8337987288832664,1.8337987288832664,2017
