id,player_name,games,time,goals,xG,assists,xA,shots,key_passes,yellow_cards,red_cards,position,team_title,npg,npxG,xGChain,xGBuildup,season
2498,Aymeric Laporte,9,808,0,0.07802070025354624,0,0.13911429978907108,3,2,1,0,D,Manchester City,0,0.07802070025354624,5.3426550552248955,5.125519059598446,2017
2498,Aymeric Laporte,35,3059,3,3.7521955305710435,3,0.8390768077224493,26,13,3,0,D S,Manchester City,3,3.7521955305710435,22.0732327606529,21.05890560336411,2018
2498,Aymeric Laporte,15,1112,1,0.7192277908325195,0,0.17903700098395348,4,3,1,0,D S,Manchester City,1,0.7192277908325195,7.432041570544243,7.252393588423729,2019
2498,Aymeric Laporte,16,1335,0,0.8423398248851299,0,0.5778952986001968,6,5,1,0,D S,Manchester City,0,0.8423398248851299,6.2438118904829025,6.2438118904829025,2020
2498,Aymeric Laporte,33,2848,4,4.454536762088537,0,0.6116274017840624,35,9,5,1,D,Manchester City,4,4.454536762088537,18.63745391741395,18.220567310228944,2021
2498,Aymeric Laporte,12,993,0,0.7524237418547273,0,0.212882986292243,10,6,0,0,D S,Manchester City,0,0.7524237418547273,3.6240071300417185,3.525606259703636,2022
2498,Aymeric Laporte,1,6,0,0.11228246241807938,0,0,1,0,0,0,S,Manchester City,0,0.11228246241807938,0,0,2023
