id,player_name,games,time,goals,xG,assists,xA,shots,key_passes,yellow_cards,red_cards,position,team_title,npg,npxG,xGChain,xGBuildup,season
4441,Matthew James,27,1884,0,1.7331535071134567,1,2.196557796560228,27,37,2,1,M S,Leicester,0,1.7331535071134567,5.696065437048674,3.5342563427984715,2014
4441,Matthew James,1,1,0,0,0,0,0,0,0,0,S,Leicester,0,0,0,0,2016
4441,Matthew James,13,997,0,0.866982389241457,0,0.11408549919724464,11,2,2,0,M S,Leicester,0,0.866982389241457,1.3232965245842934,0.9102421179413795,2017
4441,Matthew James,1,3,0,0,0,0,0,0,0,0,S,Leicester,0,0,0,0,2019
