id,player_name,games,time,goals,xG,assists,xA,shots,key_passes,yellow_cards,red_cards,position,team_title,npg,npxG,xGChain,xGBuildup,season
8497,Cole Palmer,4,123,0,0.2807210087776184,0,0.4464449882507324,4,2,0,0,F S,Manchester City,0,0.2807210087776184,2.009626030921936,1.3054470047354698,2021
8497,Cole Palmer,14,336,0,0.913382014259696,1,0.6336369244381785,11,5,1,0,F M S,Manchester City,0,0.913382014259696,2.081893088296056,0.8175896219909191,2022
8497,Cole Palmer,34,2640,22,17.83224501274526,11,11.869294486939907,108,72,7,0,F M S,"Chelsea,Manchester City",13,10.981725485995412,31.036520244553685,15.302413104102015,2023
8497,Cole Palmer,23,2040,14,10.88297026231885,6,9.12651402503252,78,61,3,0,M,Chelsea,11,8.599463667720556,19.94865725375712,6.436722133308649,2024
8497,Cole Palmer,23,2040,14,10.88297026231885,6,9.12651402503252,78,61,3,0,M,Chelsea,11,8.599463667720556,19.94865725375712,6.436722133308649,2025
