id,player_name,games,time,goals,xG,assists,xA,shots,key_passes,yellow_cards,red_cards,position,team_title,npg,npxG,xGChain,xGBuildup,season
816,Rickie Lambert,25,798,2,1.8370392173528671,2,0.8429333930835128,19,11,2,0,F S,Liverpool,2,1.8370392173528671,4.115938443690538,1.7272390127182007,2014
816,Rickie Lambert,19,604,1,1.4416358908638358,1,0.9207850070670247,14,11,2,0,F S,West Bromwich Albion,0,0.6804667999967933,1.3934175092726946,0.212576094083488,2015
816,Rickie Lambert,1,9,0,0.17312699556350708,0,0.13494999706745148,2,1,0,0,S,West Bromwich Albion,0,0.17312699556350708,0.17312699556350708,0,2016
