id,player_name,games,time,goals,xG,assists,xA,shots,key_passes,yellow_cards,red_cards,position,team_title,npg,npxG,xGChain,xGBuildup,season
599,Oumar Niasse,5,139,0,0.13481169939041138,0,0.45863500237464905,2,3,0,0,F S,Everton,0,0.13481169939041138,0.33827800303697586,0.15317000448703766,2015
599,Oumar Niasse,17,1083,4,3.604678697884083,1,0.807890597730875,26,10,3,1,F S,Hull,4,3.604678697884083,4.442887634038925,0.24271529726684093,2016
599,Oumar Niasse,22,1075,8,7.417299885302782,2,1.5471328031271696,37,11,2,0,F S,Everton,8,7.417299885302782,9.197526972740889,1.3837397173047066,2017
599,Oumar Niasse,18,1014,0,3.3880703896284103,0,0.7695336919277906,20,6,0,0,F S,"Cardiff,Everton",0,3.3880703896284103,4.59677910245955,0.839549895375967,2018
599,Oumar Niasse,3,17,0,0,0,0,0,0,0,0,S,Everton,0,0,0.03237200155854225,0.03237200155854225,2019
