id,player_name,games,time,goals,xG,assists,xA,shots,key_passes,yellow_cards,red_cards,position,team_title,npg,npxG,xGChain,xGBuildup,season
9691,Nuno Tavares,22,1162,1,1.7562966123223305,1,1.064530422911048,23,10,2,0,D S,Arsenal,1,1.7562966123223305,6.060938712209463,3.757681142538786,2021
9691,Nuno Tavares,8,447,0,0.17316641379147768,0,0.24934393167495728,7,2,2,0,D S,Nottingham Forest,0,0.17316641379147768,0.6703841388225555,0.3541552796959877,2023
