id,player_name,games,time,goals,xG,assists,xA,shots,key_passes,yellow_cards,red_cards,position,team_title,npg,npxG,xGChain,xGBuildup,season
7814,Taiwo Awoniyi,27,1426,10,8.0510318800807,1,1.02802275121212,35,10,2,0,F S,Nottingham Forest,10,8.0510318800807,7.681166335940361,0.7168999258428812,2022
7814,Taiwo Awoniyi,20,1066,6,5.060870740562677,3,1.6294344998896122,22,10,2,0,F S,Nottingham Forest,6,5.060870740562677,6.060688458383083,1.5500111253932118,2023
7814,Taiwo Awoniyi,18,213,1,2.0879088267683983,0,0.08859707228839397,8,2,0,0,F S,Nottingham Forest,1,2.0879088267683983,2.3390844967216253,0.16257860697805882,2024
7814,Taiwo Awoniyi,18,213,1,2.0879088267683983,0,0.08859707228839397,8,2,0,0,F S,Nottingham Forest,1,2.0879088267683983,2.3390844967216253,0.16257860697805882,2025
