id,player_name,games,time,goals,xG,assists,xA,shots,key_passes,yellow_cards,red_cards,position,team_title,npg,npxG,xGChain,xGBuildup,season
459,Charlie Daniels,37,3288,3,2.930394820868969,5,2.489581812173128,20,37,2,0,D,Bournemouth,1,1.408056490123272,7.959776259958744,5.750342682003975,2015
459,Charlie Daniels,34,3060,4,1.6076873922720551,3,2.1656230110675097,19,29,1,0,D,Bournemouth,4,1.6076873922720551,9.365667060017586,7.032921178266406,2016
459,Charlie Daniels,35,3012,1,0.5691780680790544,3,2.4838927080854774,20,30,0,0,D M S,Bournemouth,1,0.5691780680790544,5.587671730667353,4.4223194103688,2017
459,Charlie Daniels,21,1587,1,0.6230829888954759,0,0.4582164054736495,12,11,4,0,D S,Bournemouth,1,0.6230829888954759,5.916822295635939,5.410698838531971,2018
459,Charlie Daniels,2,126,0,0,0,0.14172199368476868,0,2,0,0,D,Bournemouth,0,0,0.49434399604797363,0.4184969961643219,2019
