id,player_name,games,time,goals,xG,assists,xA,shots,key_passes,yellow_cards,red_cards,position,team_title,npg,npxG,xGChain,xGBuildup,season
909,Brendan Galloway,2,175,0,0,0,0.0945373997092247,0,2,1,0,D,Everton,0,0,0.13886309787631035,0.08104079961776733,2014
909,Brendan Galloway,15,1230,0,0.4483555927872658,1,0.5782207902520895,8,4,2,0,D S,Everton,0,0.4483555927872658,3.398559760302305,2.901043578982353,2015
909,Brendan Galloway,3,251,0,0.08444029837846756,0,0.07369480282068253,2,1,0,0,D,West Bromwich Albion,0,0.08444029837846756,0.9288630187511444,0.8444230109453201,2016
