id,player_name,games,time,goals,xG,assists,xA,shots,key_passes,yellow_cards,red_cards,position,team_title,npg,npxG,xGChain,xGBuildup,season
8940,Antonee Robinson,28,2158,0,0.4677492957562208,0,2.0327451694756746,10,29,4,1,D M S,Fulham,0,0.4677492957562208,7.802952338010073,6.396044296212494,2020
8940,Antonee Robinson,35,3088,0,0.05792669951915741,1,1.0235916152596474,3,21,8,0,D,Fulham,0,0.05792669951915741,8.392814400605857,7.63532301876694,2022
8940,Antonee Robinson,37,3290,0,0.8533244347199798,6,3.767484251409769,16,31,6,0,D,Fulham,0,0.8533244347199798,13.781186819076538,11.46092726662755,2023
8940,Antonee Robinson,23,2070,0,0.9947398044168949,9,3.0631434358656406,13,32,5,0,D M,Fulham,0,0.9947398044168949,13.433059489354491,11.682778045535088,2024
8940,Antonee Robinson,23,2070,0,0.9947398044168949,9,3.0631434358656406,13,32,5,0,D M,Fulham,0,0.9947398044168949,13.433059489354491,11.682778045535088,2025
