id,player_name,games,time,goals,xG,assists,xA,shots,key_passes,yellow_cards,red_cards,position,team_title,npg,npxG,xGChain,xGBuildup,season
640,Jan Vertonghen,32,2807,0,0.5924338614568114,0,0.07967460062354803,13,3,6,0,D S,Tottenham,0,0.5924338614568114,5.4297733679413795,5.408010371029377,2014
640,Jan Vertonghen,29,2596,0,0.5788122043013573,0,0.3509038984775543,11,6,5,0,D,Tottenham,0,0.5788122043013573,7.5232261680066586,7.1232375502586365,2015
640,Jan Vertonghen,33,2902,0,0.5898440014570951,0,0.31422930024564266,14,7,5,0,D,Tottenham,0,0.5898440014570951,9.54089672677219,9.190996760502458,2016
640,Jan Vertonghen,36,3209,0,0.8095573652535677,0,1.020745286718011,24,12,4,0,D,Tottenham,0,0.8095573652535677,11.754873703233898,11.007562739774585,2017
640,Jan Vertonghen,22,1925,1,1.0099762049503624,0,0.24384960159659386,15,4,3,1,D,Tottenham,1,1.0099762049503624,7.900005076080561,7.626768160611391,2018
640,Jan Vertonghen,23,1651,1,0.6377484891563654,1,1.017920970916748,4,3,2,0,D S,Tottenham,1,0.6377484891563654,4.369382468983531,3.7159955482929945,2019
