id,player_name,games,time,goals,xG,assists,xA,shots,key_passes,yellow_cards,red_cards,position,team_title,npg,npxG,xGChain,xGBuildup,season
661,Josh Onomah,8,69,0,0.17886470071971416,0,0.03543829917907715,3,1,0,0,S,Tottenham,0,0.17886470071971416,0.6771609913557768,0.4982962068170309,2015
661,Josh Onomah,5,11,0,0.08651959896087646,0,0,1,0,0,0,S,Tottenham,0,0.08651959896087646,0.11043559946119785,0.023916000500321388,2016
661,Josh Onomah,11,368,0,0.5561954909935594,0,0.032975900918245316,6,1,1,0,M S,Fulham,0,0.5561954909935594,1.3664662055671215,0.8782036043703556,2020
661,Josh Onomah,2,11,0,0,0,0,0,0,0,0,S,Fulham,0,0,0,0,2022
