id,player_name,games,time,goals,xG,assists,xA,shots,key_passes,yellow_cards,red_cards,position,team_title,npg,npxG,xGChain,xGBuildup,season
10766,Joe Ayodele-Aribo,21,1224,2,2.054455615580082,0,0.9876715950667858,14,9,2,0,F M S,Southampton,2,2.054455615580082,3.7902291137725115,0.947960801422596,2022
10766,Joe Ayodele-Aribo,22,1379,2,2.4780809860676527,0,1.6376276556402445,12,14,1,0,M S,Southampton,2,2.4780809860676527,5.390617374330759,2.5451312698423862,2024
10766,Joe Ayodele-Aribo,22,1379,2,2.4780809860676527,0,1.6376276556402445,12,14,1,0,M S,Southampton,2,2.4780809860676527,5.390617374330759,2.5451312698423862,2025
