id,player_name,games,time,goals,xG,assists,xA,shots,key_passes,yellow_cards,red_cards,position,team_title,npg,npxG,xGChain,xGBuildup,season
3491,Romain Saiss,19,1133,2,1.2892464557662606,0,0.7273802049458027,11,4,7,0,D M S,Wolverhampton Wanderers,2,1.2892464557662606,3.860409795306623,2.933738235384226,2018
3491,Romain Saiss,33,2702,2,3.6698413603007793,1,1.2324705859646201,23,12,10,1,D M S,Wolverhampton Wanderers,2,3.6698413603007793,10.521785717457533,9.557376256212592,2019
3491,Romain Saiss,27,2409,3,3.169141403399408,0,0.6693506045266986,28,5,2,0,D,Wolverhampton Wanderers,3,3.169141403399408,4.751172102987766,3.912272027693689,2020
3491,Romain Saiss,31,2721,2,3.1987725156359375,0,0.3212678972631693,18,7,6,0,D,Wolverhampton Wanderers,2,3.1987725156359375,5.640757723711431,5.433617138303816,2021
