id,player_name,games,time,goals,xG,assists,xA,shots,key_passes,yellow_cards,red_cards,position,team_title,npg,npxG,xGChain,xGBuildup,season
826,Benik Afobe,15,950,4,3.3959609642624855,0,0.6378889800980687,14,12,0,0,F M S,Bournemouth,4,3.3959609642624855,3.453082635998726,0.5902240071445704,2015
826,Benik Afobe,31,1436,6,8.921731073409319,3,1.8278376227244735,39,23,1,0,F S,Bournemouth,6,8.160559136420488,8.775064839050174,1.2637336254119873,2016
826,Benik Afobe,17,524,0,1.4485037550330162,0,0.11218349635601044,7,2,0,0,F S,Bournemouth,0,1.4485037550330162,1.9634350836277008,0.590020690113306,2017
