id,player_name,games,time,goals,xG,assists,xA,shots,key_passes,yellow_cards,red_cards,position,team_title,npg,npxG,xGChain,xGBuildup,season
623,Martín Demichelis,31,2554,1,0.38149650022387505,0,0.26282710395753384,8,5,6,0,D S,Manchester City,1,0.38149650022387505,10.527683798223734,10.460409764200449,2014
623,Martín Demichelis,20,999,0,0.29870820976793766,0,0.38325950130820274,5,4,3,0,D S,Manchester City,0,0.29870820976793766,3.0463088527321815,2.663048978894949,2015
