id,player_name,games,time,goals,xG,assists,xA,shots,key_passes,yellow_cards,red_cards,position,team_title,npg,npxG,xGChain,xGBuildup,season
11003,Ryan Yates,26,1842,0,1.7420261716470122,2,1.0617644041776657,26,7,5,0,M S,Nottingham Forest,0,1.7420261716470122,3.5049553960561752,1.5388160664588213,2022
11003,Ryan Yates,35,1967,1,2.6223334167152643,1,1.0064595751464367,32,7,6,0,M S,Nottingham Forest,1,2.6223334167152643,7.967897219583392,5.582980010658503,2023
11003,Ryan Yates,22,1450,1,2.0260879080742598,0,0.5518427155911922,24,12,6,0,M S,Nottingham Forest,1,2.0260879080742598,4.521970201283693,3.1637349538505077,2024
11003,Ryan Yates,22,1450,1,2.0260879080742598,0,0.5518427155911922,24,12,6,0,M S,Nottingham Forest,1,2.0260879080742598,4.521970201283693,3.1637349538505077,2025
