id,player_name,games,time,goals,xG,assists,xA,shots,key_passes,yellow_cards,red_cards,position,team_title,npg,npxG,xGChain,xGBuildup,season
568,José Holebas,11,948,0,0.5325350929051638,0,0.09013739787042141,13,6,2,0,D,Watford,0,0.5325350929051638,0.8886936912313104,0.6776373898610473,2015
568,José Holebas,33,2917,2,0.9236078038811684,4,2.9176323590800166,28,36,14,0,D M,Watford,2,0.9236078038811684,5.528829487040639,4.063428420573473,2016
568,José Holebas,28,2385,0,0.4316608998924494,4,3.7131323516368866,17,37,7,0,D S,Watford,0,0.4316608998924494,3.8699897844344378,3.213603099808097,2017
568,José Holebas,28,2395,3,0.9423710945993662,6,4.580443293787539,17,38,12,1,D S,Watford,3,0.9423710945993662,7.107872102409601,5.283564519137144,2018
568,José Holebas,14,1019,0,0.2385539012029767,0,0.5429349038749933,6,11,5,0,D S,Watford,0,0.2385539012029767,2.609514666721225,2.2376914685592055,2019
