id,player_name,games,time,goals,xG,assists,xA,shots,key_passes,yellow_cards,red_cards,position,team_title,npg,npxG,xGChain,xGBuildup,season
12963,Evanilson,19,1419,5,7.532139113172889,0,1.3566087801009417,43,15,0,0,F S,Bournemouth,5,6.770970253273845,9.135362718254328,1.7321063037961721,2024
12963,Evanilson,19,1419,5,7.532139113172889,0,1.3566087801009417,43,15,0,0,F S,Bournemouth,5,6.770970253273845,9.135362718254328,1.7321063037961721,2025
