id,player_name,games,time,goals,xG,assists,xA,shots,key_passes,yellow_cards,red_cards,position,team_title,npg,npxG,xGChain,xGBuildup,season
10291,Vitalii Mykolenko,13,1059,1,0.545275991782546,0,0.49699430726468563,8,8,0,0,D S,Everton,1,0.545275991782546,1.9282748885452747,1.1917393822222948,2021
10291,Vitalii Mykolenko,34,2651,0,0.6954699149355292,0,1.0392506159842014,10,18,4,0,D S,Everton,0,0.6954699149355292,5.121129205450416,3.6664649173617363,2022
10291,Vitalii Mykolenko,28,2482,2,1.9085629284381866,0,1.246465403586626,26,13,0,0,D,Everton,2,1.9085629284381866,7.135594544932246,5.507095940411091,2023
10291,Vitalii Mykolenko,20,1735,0,0.5289314170368016,0,0.7493438720703125,11,13,2,0,D,Everton,0,0.5289314170368016,4.289210854098201,3.2616840340197086,2024
10291,Vitalii Mykolenko,20,1735,0,0.5289314170368016,0,0.7493438720703125,11,13,2,0,D,Everton,0,0.5289314170368016,4.289210854098201,3.2616840340197086,2025
