id,player_name,games,time,goals,xG,assists,xA,shots,key_passes,yellow_cards,red_cards,position,team_title,npg,npxG,xGChain,xGBuildup,season
965,Santiago Cazorla,37,2999,7,10.590725313872099,11,9.755182644352317,93,78,5,0,M S,Arsenal,1,6.023707624524832,24.657841611653566,16.91333621367812,2014
965,Santiago Cazorla,15,1297,0,1.8686606083065271,3,4.38658672105521,24,38,2,1,M,Arsenal,0,1.1074920073151588,11.918342888355255,10.464280039072037,2015
965,Santiago Cazorla,8,621,2,1.6693916991353035,2,0.8027662038803101,8,10,2,0,M S,Arsenal,0,0.14705369994044304,3.2815439254045486,2.7705690264701843,2016
