id,player_name,games,time,goals,xG,assists,xA,shots,key_passes,yellow_cards,red_cards,position,team_title,npg,npxG,xGChain,xGBuildup,season
8119,Boubacar Traore,10,399,0,0.04580090008676052,1,0.33299198746681213,3,1,2,0,M S,Wolverhampton Wanderers,0,0.04580090008676052,1.037588693201542,0.6710336841642857,2022
8119,Boubacar Traore,24,760,0,0.2670730333775282,0,0.28133357409387827,11,5,4,0,M S,Wolverhampton Wanderers,0,0.2670730333775282,3.788605699315667,3.4077476616948843,2023
