id,player_name,games,time,goals,xG,assists,xA,shots,key_passes,yellow_cards,red_cards,position,team_title,npg,npxG,xGChain,xGBuildup,season
7546,Harvey Elliott,2,16,0,0.056498199701309204,0,0,1,0,0,0,S,Fulham,0,0.056498199701309204,0.09627900272607803,0.03978079929947853,2018
7546,Harvey Elliott,2,5,0,0,0,0,0,0,0,0,S,Liverpool,0,0,0,0,2019
7546,Harvey Elliott,6,348,0,0.6139416918158531,0,0.5197128988802433,10,9,0,0,M S,Liverpool,0,0.6139416918158531,3.1572379767894745,2.2090619802474976,2021
7546,Harvey Elliott,32,1602,1,2.0270798355340958,2,3.9797140900045633,36,26,2,0,F M S,Liverpool,1,2.0270798355340958,14.912637444213033,10.783384276553988,2022
7546,Harvey Elliott,34,1268,3,2.5765033923089504,6,4.262343382462859,49,36,2,0,F M S,Liverpool,3,2.5765033923089504,14.047137239947915,9.563051972538233,2023
7546,Harvey Elliott,9,53,0,0.15452184155583382,1,0.8010304570198059,2,4,0,0,S,Liverpool,0,0.15452184155583382,1.1579514518380165,0.9551144056022167,2024
7546,Harvey Elliott,9,53,0,0.15452184155583382,1,0.8010304570198059,2,4,0,0,S,Liverpool,0,0.15452184155583382,1.1579514518380165,0.9551144056022167,2025
