id,player_name,games,time,goals,xG,assists,xA,shots,key_passes,yellow_cards,red_cards,position,team_title,npg,npxG,xGChain,xGBuildup,season
800,Matthew Jarvis,11,409,0,0.3824862018227577,0,1.025754403322935,5,10,0,0,M S,West Ham,0,0.3824862018227577,1.5946353152394295,0.5290609039366245,2014
800,Matthew Jarvis,22,1100,1,1.0162738040089607,1,1.5426131635904312,10,18,0,0,M S,"Norwich,West Ham",1,1.0162738040089607,3.5617774659767747,1.2532362882047892,2015
