id,player_name,games,time,goals,xG,assists,xA,shots,key_passes,yellow_cards,red_cards,position,team_title,npg,npxG,xGChain,xGBuildup,season
11360,Paul Onuachu,11,390,0,0.9351124968379736,0,0.3200107105076313,11,4,0,0,F S,Southampton,0,0.9351124968379736,1.3479153849184513,0.10098399594426155,2022
11360,Paul Onuachu,13,446,1,2.093974190764129,0,0.3043322153389454,16,5,1,0,F S,Southampton,1,2.093974190764129,2.2219735756516457,0.29235287941992283,2024
11360,Paul Onuachu,13,446,1,2.093974190764129,0,0.3043322153389454,16,5,1,0,F S,Southampton,1,2.093974190764129,2.2219735756516457,0.29235287941992283,2025
