id,player_name,games,time,goals,xG,assists,xA,shots,key_passes,yellow_cards,red_cards,position,team_title,npg,npxG,xGChain,xGBuildup,season
8778,Fabio Silva,32,1341,4,6.136157924309373,3,1.1684247087687254,48,11,2,0,F S,Wolverhampton Wanderers,3,5.374989124014974,5.087810844182968,1.0827531218528748,2020
8778,Fabio Silva,22,558,0,2.7407572958618402,0,0.4091929914429784,19,3,0,0,F S,Wolverhampton Wanderers,0,2.7407572958618402,3.1683833450078964,0.36884760297834873,2021
8778,Fabio Silva,8,257,0,0.913575079292059,0,0.2420392744243145,7,4,2,0,F S,Wolverhampton Wanderers,0,0.913575079292059,1.1997973173856735,0.16965851187705994,2023
