id,player_name,games,time,goals,xG,assists,xA,shots,key_passes,yellow_cards,red_cards,position,team_title,npg,npxG,xGChain,xGBuildup,season
9739,Kiernan Dewsbury-Hall,28,2101,1,1.2946152910590172,2,3.0290627162903547,20,34,4,0,M S,Leicester,1,1.2946152910590172,9.695718803443015,6.9314601151272655,2021
9739,Kiernan Dewsbury-Hall,31,2334,2,1.8549880683422089,2,3.0710923951119184,26,39,3,1,F M S,Leicester,2,1.8549880683422089,9.722595304250717,5.314303573220968,2022
9739,Kiernan Dewsbury-Hall,6,117,0,0.08943549543619156,1,0.7403019294142723,1,2,0,0,M S,Chelsea,0,0.08943549543619156,1.0110135227441788,0.18127604573965073,2024
9739,Kiernan Dewsbury-Hall,6,117,0,0.08943549543619156,1,0.7403019294142723,1,2,0,0,M S,Chelsea,0,0.08943549543619156,1.0110135227441788,0.18127604573965073,2025
