id,player_name,games,time,goals,xG,assists,xA,shots,key_passes,yellow_cards,red_cards,position,team_title,npg,npxG,xGChain,xGBuildup,season
602,Dejan Lovren,26,2032,0,0.8934371117502451,0,0.07186233997344971,18,2,4,0,D S,Liverpool,0,0.8934371117502451,4.946633271872997,4.789024580270052,2014
602,Dejan Lovren,24,1901,0,1.1265994105488062,0,0.28306090272963047,22,8,2,0,D S,Liverpool,0,1.1265994105488062,3.093039101921022,2.94524082634598,2015
602,Dejan Lovren,29,2559,2,1.136596292257309,1,0.44400050304830074,15,7,6,0,D,Liverpool,2,1.136596292257309,7.753830149769783,7.697475947439671,2016
602,Dejan Lovren,29,2121,2,2.011371836066246,1,1.327236097306013,13,7,4,0,D S,Liverpool,2,2.011371836066246,7.262029349803925,7.163059294223785,2017
602,Dejan Lovren,13,988,1,0.910198088735342,0,0.10816600173711777,6,1,1,0,D S,Liverpool,1,0.910198088735342,3.4448107108473778,3.3214407190680504,2018
602,Dejan Lovren,10,774,0,0.20414010155946016,1,0.30198800563812256,5,1,1,0,D S,Liverpool,0,0.20414010155946016,3.0910919941961765,3.0910919941961765,2019
