id,player_name,games,time,goals,xG,assists,xA,shots,key_passes,yellow_cards,red_cards,position,team_title,npg,npxG,xGChain,xGBuildup,season
936,Ramires,23,1089,2,1.8734565190970898,4,2.0800595618784428,17,10,4,0,M S,Chelsea,2,1.8734565190970898,7.3506391905248165,3.9573690686374903,2014
936,Ramires,12,612,2,1.3262329697608948,0,0.05816140025854111,10,1,1,0,M S,Chelsea,2,1.3262329697608948,1.8094922974705696,0.8054331913590431,2015
