id,player_name,games,time,goals,xG,assists,xA,shots,key_passes,yellow_cards,red_cards,position,team_title,npg,npxG,xGChain,xGBuildup,season
8288,Tomas Soucek,13,1042,3,2.418373892083764,0,0.3432556027546525,20,5,0,0,M S,West Ham,3,2.418373892083764,3.8731955541297793,2.1858298731967807,2019
8288,Tomas Soucek,38,3420,10,8.98297917842865,1,2.444754745811224,64,18,7,1,M,West Ham,10,8.98297917842865,16.998424904420972,8.716955738142133,2020
8288,Tomas Soucek,35,3062,5,5.503859954886138,1,2.1671802196651697,44,21,3,0,M S,West Ham,5,5.503859954886138,9.545725675299764,5.433625217527151,2021
8288,Tomas Soucek,36,2839,2,3.82576912175864,3,1.9310189355164766,34,15,3,0,M S,West Ham,2,3.82576912175864,8.626211040653288,5.910706527531147,2022
8288,Tomas Soucek,37,2885,7,7.466816443949938,2,2.1494441609829664,42,20,7,0,M S,West Ham,7,7.466816443949938,12.123065176419914,6.039048316888511,2023
8288,Tomas Soucek,21,1618,5,4.436443634331226,1,0.9034475088119507,37,13,7,0,M S,West Ham,5,4.436443634331226,8.838257748633623,4.130380442366004,2024
8288,Tomas Soucek,21,1618,5,4.436443634331226,1,0.9034475088119507,37,13,7,0,M S,West Ham,5,4.436443634331226,8.838257748633623,4.130380442366004,2025
