id,player_name,games,time,goals,xG,assists,xA,shots,key_passes,yellow_cards,red_cards,position,team_title,npg,npxG,xGChain,xGBuildup,season
1748,Lys Mousset,11,254,0,1.5235898848623037,0,0.08857709914445877,10,3,0,0,F S,Bournemouth,0,1.5235898848623037,2.5133804231882095,1.0303764343261719,2016
1748,Lys Mousset,23,569,2,1.1464906251057982,0,1.1066882945597172,22,4,1,0,F M S,Bournemouth,2,1.1464906251057982,1.826578488573432,0.7021867018193007,2017
1748,Lys Mousset,24,308,1,1.527458317577839,0,0.2928340993821621,12,4,1,0,F S,Bournemouth,1,1.527458317577839,2.117037858814001,0.6616325862705708,2018
1748,Lys Mousset,30,1220,6,6.072984084486961,4,3.6121045984327793,37,12,1,0,F S,Sheffield United,6,6.072984084486961,9.621276477351785,2.463756689801812,2019
1748,Lys Mousset,11,284,0,0.8426321223378181,0,0.43718890100717545,4,3,0,0,F S,Sheffield United,0,0.8426321223378181,1.5403051599860191,0.2604870945215225,2020
