id,player_name,games,time,goals,xG,assists,xA,shots,key_passes,yellow_cards,red_cards,position,team_title,npg,npxG,xGChain,xGBuildup,season
7688,Max Aarons,36,3240,0,0.6508807009086013,1,3.8951182030141354,14,23,7,0,D,Norwich,0,0.6508807009086013,10.055002326145768,7.378265496343374,2019
7688,Max Aarons,34,2882,0,0.8394248560070992,2,1.7876457879319787,13,20,8,0,D S,Norwich,0,0.8394248560070992,4.762461667880416,2.484261809848249,2021
7688,Max Aarons,20,1219,0,0.047610869631171227,1,0.8764500692486763,2,7,1,0,D S,Bournemouth,0,0.047610869631171227,3.960431007668376,3.3971939999610186,2023
7688,Max Aarons,3,78,0,0,0,0,0,0,0,0,D S,Bournemouth,0,0,0.9639191627502441,0.9639191627502441,2024
7688,Max Aarons,3,78,0,0,0,0,0,0,0,0,D S,Bournemouth,0,0,0.9639191627502441,0.9639191627502441,2025
