id,player_name,games,time,goals,xG,assists,xA,shots,key_passes,yellow_cards,red_cards,position,team_title,npg,npxG,xGChain,xGBuildup,season
10301,Jens Cajuste,16,1000,0,0.09963395074009895,0,0.2591027822345495,3,6,2,0,M S,Ipswich,0,0.09963395074009895,2.547254554927349,2.2919747456908226,2024
10301,Jens Cajuste,16,1000,0,0.09963395074009895,0,0.2591027822345495,3,6,2,0,M S,Ipswich,0,0.09963395074009895,2.547254554927349,2.2919747456908226,2025
