id,player_name,games,time,goals,xG,assists,xA,shots,key_passes,yellow_cards,red_cards,position,team_title,npg,npxG,xGChain,xGBuildup,season
1691,Robert Snodgrass,1,39,0,0,0,0,0,0,0,0,M,Hull,0,0,0.02248240076005459,0.02248240076005459,2014
1691,Robert Snodgrass,35,2563,7,4.383588116616011,5,4.324671380221844,50,61,2,0,F M S,"Hull,West Ham",5,2.861250091344118,5.55282723903656,3.4333369340747595,2016
1691,Robert Snodgrass,33,2230,2,2.2604663837701082,5,5.175442606210709,30,59,10,0,M S,West Ham,2,2.2604663837701082,9.507942620664835,5.754653742536902,2018
1691,Robert Snodgrass,24,1522,5,2.3865076191723347,5,3.732902128249407,21,33,4,0,F M S,West Ham,5,2.3865076191723347,6.512243639677763,3.524156339466572,2019
1691,Robert Snodgrass,11,533,0,0.20636729523539543,0,0.540032409131527,4,3,2,0,M S,"West Bromwich Albion,West Ham",0,0.20636729523539543,0.8308931086212397,0.16630879789590836,2020
