id,player_name,games,time,goals,xG,assists,xA,shots,key_passes,yellow_cards,red_cards,position,team_title,npg,npxG,xGChain,xGBuildup,season
798,Martin Olsson,24,1767,1,0.1644793003797531,2,0.9000751879066229,7,7,2,0,D S,Norwich,1,0.1644793003797531,3.353635421022773,2.440692376345396,2015
798,Martin Olsson,15,1252,2,0.70154869556427,0,0.39556800201535225,9,7,2,0,D S,Swansea,2,0.70154869556427,3.1216078102588654,2.286035118624568,2016
798,Martin Olsson,36,3159,0,0.8586820987984538,1,0.6865647071972489,17,13,7,0,D M,Swansea,0,0.8586820987984538,4.866445885039866,3.767029187642038,2017
