id,player_name,games,time,goals,xG,assists,xA,shots,key_passes,yellow_cards,red_cards,position,team_title,npg,npxG,xGChain,xGBuildup,season
844,Jay Rodriguez,12,328,0,1.6927368082106113,0,0.09738940093666315,17,3,1,0,M S,Southampton,0,1.6927368082106113,2.270274292677641,0.5728924982249737,2015
844,Jay Rodriguez,24,866,5,4.763505078852177,2,0.5137137975543737,33,7,0,0,F S,Southampton,5,4.763505078852177,4.87988443300128,0.5103846080601215,2016
844,Jay Rodriguez,37,2845,7,7.642788392491639,1,1.8346650106832385,69,21,2,0,F M S,West Bromwich Albion,6,6.8816204043105245,8.146989199332893,1.5642684027552605,2017
844,Jay Rodriguez,36,1987,8,8.956886642612517,1,0.7683106064796448,67,6,1,0,F S,Burnley,7,8.195717656053603,7.035942684859037,1.257896514609456,2019
844,Jay Rodriguez,31,1237,1,2.977034335024655,2,1.210919912904501,31,6,3,0,F M S,Burnley,1,2.977034335024655,4.231585918925703,0.913431984372437,2020
844,Jay Rodriguez,29,1356,2,4.855192940682173,2,1.9018799848854542,41,12,3,0,F M S,Burnley,2,4.855192940682173,5.373036352917552,1.0446629952639341,2021
844,Jay Rodriguez,21,781,2,4.621791888028383,1,0.17110992223024368,22,4,0,0,F S,Burnley,1,3.860623050481081,3.988340836018324,0.8826676225289702,2023
