id,player_name,games,time,goals,xG,assists,xA,shots,key_passes,yellow_cards,red_cards,position,team_title,npg,npxG,xGChain,xGBuildup,season
6615,Trevoh Chalobah,20,1459,3,1.1775850867852569,1,0.26596400141716003,9,4,2,0,D M S,Chelsea,3,1.1775850867852569,7.682923499494791,7.4314879067242146,2021
6615,Trevoh Chalobah,25,1598,0,0.7949223592877388,0,0.1997714750468731,9,4,4,0,D S,Chelsea,0,0.7949223592877388,7.1020578518509865,7.018729008734226,2022
6615,Trevoh Chalobah,13,944,1,0.35911528021097183,0,0.07494096830487251,2,2,1,0,D S,Chelsea,1,0.35911528021097183,4.417237082496285,4.417237082496285,2023
6615,Trevoh Chalobah,14,1253,3,1.8573071286082268,1,2.1233962811529636,13,6,1,0,D,"Chelsea,Crystal Palace",3,1.8573071286082268,3.766018107533455,3.237314999103546,2024
6615,Trevoh Chalobah,14,1253,3,1.8573071286082268,1,2.1233962811529636,13,6,1,0,D,"Chelsea,Crystal Palace",3,1.8573071286082268,3.766018107533455,3.237314999103546,2025
