id,player_name,games,time,goals,xG,assists,xA,shots,key_passes,yellow_cards,red_cards,position,team_title,npg,npxG,xGChain,xGBuildup,season
970,Mikel Arteta,7,451,0,0.036514160223305225,1,0.06850949861109257,2,3,1,0,M S,Arsenal,0,0.036514160223305225,1.0064908862113953,0.9221099093556404,2014
970,Mikel Arteta,9,157,0,0.516431987285614,0,0.4725930094718933,1,1,1,0,S,Arsenal,0,0.516431987285614,1.9849794134497643,1.4685523733496666,2015
