id,player_name,games,time,goals,xG,assists,xA,shots,key_passes,yellow_cards,red_cards,position,team_title,npg,npxG,xGChain,xGBuildup,season
1785,Nampalys Mendy,4,277,0,0,0,0.12993699312210083,0,2,1,0,M,Leicester,0,0,0.16637669876217842,0.11327220126986504,2016
1785,Nampalys Mendy,31,2085,0,0.0669059008359909,0,0.21521659567952156,2,5,5,0,M S,Leicester,0,0.0669059008359909,3.1266149915754795,2.9962816536426544,2018
1785,Nampalys Mendy,7,295,0,0.013872300274670124,0,0.08900730032473803,1,3,0,0,M S,Leicester,0,0.013872300274670124,1.877275738865137,1.789330393075943,2019
1785,Nampalys Mendy,23,1463,0,0.07761360052973032,1,0.18315480276942253,4,5,5,0,M S,Leicester,0,0.07761360052973032,3.4879588214680552,3.3244200833141804,2020
1785,Nampalys Mendy,14,1041,0,0.022391699254512787,0,0.027185900136828423,1,1,3,0,M S,Leicester,0,0.022391699254512787,2.4793485878035426,2.4793485878035426,2021
1785,Nampalys Mendy,19,743,1,0.0925476998090744,0,0.027258019894361496,2,2,1,0,M S,Leicester,1,0.0925476998090744,2.870108552277088,2.8029084466397762,2022
