id,player_name,games,time,goals,xG,assists,xA,shots,key_passes,yellow_cards,red_cards,position,team_title,npg,npxG,xGChain,xGBuildup,season
707,Angel Rangel,27,2036,0,0.1650554994121194,0,1.4722545929253101,7,13,1,1,D S,Swansea,0,0.1650554994121194,6.861091006547213,6.046136010438204,2014
707,Angel Rangel,23,1824,0,0.850328590720892,0,0.6480673085898161,14,12,6,0,D S,Swansea,0,0.850328590720892,4.8985338900238276,4.435109935700893,2015
707,Angel Rangel,18,811,1,0.2413316024467349,0,0.6948097981512547,5,7,1,0,D S,Swansea,1,0.2413316024467349,2.6399309150874615,2.4480347856879234,2016
707,Angel Rangel,4,154,0,0,0,0.12047600001096725,0,1,0,0,D S,Swansea,0,0,0.4973075967282057,0.4973075967282057,2017
