id,player_name,games,time,goals,xG,assists,xA,shots,key_passes,yellow_cards,red_cards,position,team_title,npg,npxG,xGChain,xGBuildup,season
8327,Bruno Guimarães,17,1031,5,4.093199659138918,1,1.7428607121109962,23,12,4,0,M S,Newcastle United,5,4.093199659138918,5.316410129889846,2.585114572197199,2021
8327,Bruno Guimarães,32,2762,4,2.726729958318174,5,3.8061026968061924,28,42,7,0,M,Newcastle United,4,2.726729958318174,16.498836187645793,13.379123143851757,2022
8327,Bruno Guimarães,37,3292,7,4.978310074657202,8,7.888791332021356,48,62,8,0,M,Newcastle United,7,4.978310074657202,23.880530774593353,18.56961396895349,2023
8327,Bruno Guimarães,23,2026,2,2.087037520483136,6,4.785081146284938,27,35,3,0,M,Newcastle United,2,2.087037520483136,11.403556771576405,7.259646527469158,2024
8327,Bruno Guimarães,23,2026,2,2.087037520483136,6,4.785081146284938,27,35,3,0,M,Newcastle United,2,2.087037520483136,11.403556771576405,7.259646527469158,2025
