id,player_name,games,time,goals,xG,assists,xA,shots,key_passes,yellow_cards,red_cards,position,team_title,npg,npxG,xGChain,xGBuildup,season
1776,Jarrod Bowen,7,168,0,0.3194136917591095,0,0,3,0,0,0,M S,Hull,0,0.3194136917591095,0.4158182144165039,0.0964042991399765,2016
1776,Jarrod Bowen,13,935,1,2.3164746090769768,4,2.61239730194211,24,15,0,0,M S,West Ham,1,2.3164746090769768,5.648858577013016,2.02986803650856,2019
1776,Jarrod Bowen,38,2599,8,7.988896971568465,5,5.229475359432399,55,29,0,0,F M S,West Ham,8,7.988896971568465,14.171945477835834,3.0969946375116706,2020
1776,Jarrod Bowen,36,3003,12,12.92943012341857,10,5.819746069610119,80,41,6,0,F M S,West Ham,12,12.92943012341857,21.70068991370499,6.549722044728696,2021
1776,Jarrod Bowen,38,3245,6,10.004229810088873,5,6.90739019960165,75,48,2,0,F M S,West Ham,5,8.48189047165215,15.171011984348297,3.6215272583067417,2022
1776,Jarrod Bowen,34,3026,16,13.498636420816183,6,6.437707958742976,85,32,2,0,F M,West Ham,16,13.498636420816183,17.76942592486739,2.457054629921913,2023
1776,Jarrod Bowen,19,1667,5,5.154568174853921,4,5.054011292755604,50,37,1,0,F M,West Ham,4,4.393399337306619,8.468971982598305,1.869670607149601,2024
1776,Jarrod Bowen,19,1667,5,5.154568174853921,4,5.054011292755604,50,37,1,0,F M,West Ham,4,4.393399337306619,8.468971982598305,1.869670607149601,2025
