id,player_name,games,time,goals,xG,assists,xA,shots,key_passes,yellow_cards,red_cards,position,team_title,npg,npxG,xGChain,xGBuildup,season
686,Cesc Fàbregas,34,2895,3,3.2493744967505336,18,10.149339623749256,43,95,11,1,M S,Chelsea,3,3.2493744967505336,23.013181414455175,16.971006333827972,2014
686,Cesc Fàbregas,37,2901,5,3.8695380529388785,7,8.421028561890125,45,67,5,0,M S,Chelsea,3,2.3472050121054053,19.53798940964043,14.364742593839765,2015
686,Cesc Fàbregas,29,1294,5,2.8095389008522034,12,7.848821707069874,26,62,8,0,M S,Chelsea,5,2.8095389008522034,11.544593039900064,6.12983924895525,2016
686,Cesc Fàbregas,32,2314,2,2.5169959999620914,4,6.851440900936723,38,90,5,1,M S,Chelsea,2,2.5169959999620914,14.97907830402255,10.848990377038717,2017
686,Cesc Fàbregas,6,167,0,0.05984099954366684,0,0.21524160169065,1,3,1,0,M S,Chelsea,0,0.05984099954366684,2.3723045960068703,2.188558615744114,2018
