id,player_name,games,time,goals,xG,assists,xA,shots,key_passes,yellow_cards,red_cards,position,team_title,npg,npxG,xGChain,xGBuildup,season
873,Charlie Adam,29,1482,7,3.407766289077699,1,2.6491484716534615,62,33,5,0,M S,Stoke,6,2.6466013556346297,6.18358803447336,3.741003192961216,2014
873,Charlie Adam,22,1050,1,0.8703569914214313,1,0.8281959071755409,29,10,6,1,M S,Stoke,1,0.8703569914214313,3.0730838221497834,2.392736531794071,2015
873,Charlie Adam,24,1504,1,2.73026436381042,3,2.478656131774187,40,29,7,0,M S,Stoke,0,1.9690957078710198,7.209516323171556,4.998237669467926,2016
873,Charlie Adam,11,402,0,1.2797173215076327,0,1.5309424251317978,10,6,2,1,M S,Stoke,0,0.5185483051463962,1.92625442892313,1.1118020098656416,2017
