id,player_name,games,time,goals,xG,assists,xA,shots,key_passes,yellow_cards,red_cards,position,team_title,npg,npxG,xGChain,xGBuildup,season
11735,Sávio,18,1111,1,2.945715267211199,5,4.828971542418003,36,29,2,0,F M S,Manchester City,1,2.945715267211199,9.919428989291191,3.4218951985239983,2024
11735,Sávio,18,1111,1,2.945715267211199,5,4.828971542418003,36,29,2,0,F M S,Manchester City,1,2.945715267211199,9.919428989291191,3.4218951985239983,2025
