id,player_name,games,time,goals,xG,assists,xA,shots,key_passes,yellow_cards,red_cards,position,team_title,npg,npxG,xGChain,xGBuildup,season
857,Phil Bardsley,25,2079,0,0.6633689710870385,1,1.611687340773642,22,17,6,0,D S,Stoke,0,0.6633689710870385,3.909186717122793,2.805656020529568,2014
857,Phil Bardsley,11,813,0,0.1287099989131093,1,0.6606273846700788,7,4,1,0,D S,Stoke,0,0.1287099989131093,2.7825201405212283,2.59415116161108,2015
857,Phil Bardsley,15,1177,0,0.2093588998541236,0,1.0495597086846828,11,9,4,1,D S,Stoke,0,0.2093588998541236,3.4351272778585553,2.362387888133526,2016
857,Phil Bardsley,13,1130,0,0.028994289226830006,0,0.2951515009626746,2,5,5,0,D,Burnley,0,0.028994289226830006,1.8881107233464718,1.640146303921938,2017
857,Phil Bardsley,19,1677,0,0.25243240036070347,0,1.2935342267155647,12,7,9,0,D,Burnley,0,0.25243240036070347,3.9139327304437757,2.8458809331059456,2018
857,Phil Bardsley,21,1890,0,0.2909776996821165,1,1.5795670915395021,11,9,6,0,D,Burnley,0,0.2909776996821165,3.418901002034545,1.8510114159435034,2019
857,Phil Bardsley,4,272,0,0.06341449916362762,0,0,3,0,2,0,D S,Burnley,0,0.06341449916362762,0.12669399939477444,0.10160529986023903,2020
