id,player_name,games,time,goals,xG,assists,xA,shots,key_passes,yellow_cards,red_cards,position,team_title,npg,npxG,xGChain,xGBuildup,season
5232,Alexander Isak,22,1530,10,8.784851711243391,1,1.7707323329523206,51,15,3,0,F S,Newcastle United,8,7.262516763061285,11.15905637666583,2.8647358743473887,2022
5232,Alexander Isak,30,2305,21,22.07426631450653,2,3.6520401313900948,78,27,1,0,F S,Newcastle United,16,17.507253035902977,24.041151970624924,5.754798140376806,2023
5232,Alexander Isak,21,1737,17,14.029999461025,5,4.812612857669592,63,34,1,0,F,Newcastle United,16,13.268830623477697,19.054314240813255,2.4544501900672913,2024
5232,Alexander Isak,21,1737,17,14.029999461025,5,4.812612857669592,63,34,1,0,F,Newcastle United,16,13.268830623477697,19.054314240813255,2.4544501900672913,2025
