id,player_name,games,time,goals,xG,assists,xA,shots,key_passes,yellow_cards,red_cards,position,team_title,npg,npxG,xGChain,xGBuildup,season
10866,Luis Sinisterra,19,891,5,3.3617069628089666,0,0.38904310017824173,28,9,1,1,F M S,Leeds,5,3.3617069628089666,5.349757798016071,2.453906362876296,2022
10866,Luis Sinisterra,20,670,2,2.296443399041891,2,2.3218660429120064,27,19,0,0,M S,Bournemouth,2,2.296443399041891,4.859211741015315,2.420190142467618,2023
10866,Luis Sinisterra,8,200,1,1.6596052329987288,1,1.237250255420804,12,7,0,0,M S,Bournemouth,1,1.6596052329987288,2.3513959273695946,0.011425375007092953,2024
10866,Luis Sinisterra,8,200,1,1.6596052329987288,1,1.237250255420804,12,7,0,0,M S,Bournemouth,1,1.6596052329987288,2.3513959273695946,0.011425375007092953,2025
