id,player_name,games,time,goals,xG,assists,xA,shots,key_passes,yellow_cards,red_cards,position,team_title,npg,npxG,xGChain,xGBuildup,season
775,Andros Townsend,17,767,2,1.7839630078524351,2,0.9517875052988529,16,13,2,0,M S,Tottenham,1,1.0227939914911985,2.9315958321094513,1.8411776442080736,2014
775,Andros Townsend,16,1149,4,1.4662211015820503,2,2.820960408076644,29,28,0,0,M S,"Newcastle United,Tottenham",4,1.4662211015820503,5.2248354479670525,2.2661433229222894,2015
775,Andros Townsend,36,2542,3,3.331525790505111,4,5.83449300378561,56,51,4,0,F M S,Crystal Palace,3,3.331525790505111,9.206503234803677,2.9004562785848975,2016
775,Andros Townsend,36,3141,2,3.11042121052742,7,8.643183490261436,62,66,3,0,F M S,Crystal Palace,2,3.11042121052742,14.719996206462383,5.970379665493965,2017
775,Andros Townsend,38,3030,6,4.878754872828722,4,3.699903182685375,63,61,1,0,F M S,Crystal Palace,6,4.878754872828722,11.944321019575,4.850389486178756,2018
775,Andros Townsend,24,1272,1,0.39566210098564625,1,1.7137902155518532,12,13,0,0,M S,Crystal Palace,1,0.39566210098564625,2.36252611130476,1.2008680794388056,2019
775,Andros Townsend,34,2255,1,2.471999518573284,5,4.1464946530759335,36,40,0,0,F M S,Crystal Palace,1,2.471999518573284,7.262481946498156,3.630241433158517,2020
775,Andros Townsend,21,1463,3,2.262585835531354,2,2.849117113277316,21,31,3,0,D F M S,Everton,2,1.501416826620698,5.317550402134657,2.756819086149335,2021
775,Andros Townsend,27,1211,1,1.4216714538633823,3,1.456837410107255,20,18,1,0,F M S,Luton,1,1.4216714538633823,2.8022335171699524,1.2012790031731129,2023
