id,player_name,games,time,goals,xG,assists,xA,shots,key_passes,yellow_cards,red_cards,position,team_title,npg,npxG,xGChain,xGBuildup,season
9667,Amadou Onana,33,2529,1,3.0847347732633352,2,2.063957966864109,34,22,9,0,M S,Everton,1,3.0847347732633352,8.601867258548737,5.032614782452583,2022
9667,Amadou Onana,30,2093,2,2.553437914699316,0,2.4138805400580168,29,18,5,0,M S,Everton,2,2.553437914699316,10.676468232646585,8.992594484239817,2023
9667,Amadou Onana,16,1063,2,2.4306247010827065,0,0.11732264701277018,14,3,4,0,M S,Aston Villa,2,2.4306247010827065,3.996638129465282,3.6565952887758613,2024
9667,Amadou Onana,16,1063,2,2.4306247010827065,0,0.11732264701277018,14,3,4,0,M S,Aston Villa,2,2.4306247010827065,3.996638129465282,3.6565952887758613,2025
