id,player_name,games,time,goals,xG,assists,xA,shots,key_passes,yellow_cards,red_cards,position,team_title,npg,npxG,xGChain,xGBuildup,season
9098,Robert Sánchez,27,2430,0,0,0,0.025614900514483452,0,1,2,0,GK,Brighton,0,0,3.148129854351282,3.122514847666025,2020
9098,Robert Sánchez,37,3330,0,0,0,0.6362469159066677,0,3,3,1,GK,Brighton,0,0,5.044877408072352,4.756718395277858,2021
9098,Robert Sánchez,23,2070,0,0,0,0,0,0,2,0,GK,Brighton,0,0,2.587134573608637,2.587134573608637,2022
9098,Robert Sánchez,16,1438,0,0,0,0,0,0,2,0,GK,Chelsea,0,0,4.148339273408055,4.148339273408055,2023
9098,Robert Sánchez,21,1890,0,0,0,0,0,0,5,0,GK,Chelsea,0,0,4.6244911681860685,4.6244911681860685,2024
9098,Robert Sánchez,21,1890,0,0,0,0,0,0,5,0,GK,Chelsea,0,0,4.6244911681860685,4.6244911681860685,2025
