id,player_name,games,time,goals,xG,assists,xA,shots,key_passes,yellow_cards,red_cards,position,team_title,npg,npxG,xGChain,xGBuildup,season
6521,Yerry Mina,13,891,1,0.7469826955348253,0,0.13738670200109482,4,3,3,0,D S,Everton,1,0.7469826955348253,1.9195991959422827,1.90275820158422,2018
6521,Yerry Mina,29,2276,2,3.0817247480154037,1,1.717646636068821,30,7,3,0,D S,Everton,2,3.0817247480154037,4.244192216545343,3.931436311453581,2019
6521,Yerry Mina,24,1941,2,1.7494332194328308,0,0.019598999992012978,17,1,2,0,D S,Everton,2,1.7494332194328308,4.313140327110887,4.212718518450856,2020
6521,Yerry Mina,13,842,0,0.23676499910652637,0,0.025555599480867386,6,1,3,0,D S,Everton,0,0.23676499910652637,0.9664667006582022,0.8685788009315729,2021
6521,Yerry Mina,7,606,2,1.6610938757658005,0,0.08433612436056137,8,1,2,0,D,Everton,2,1.6610938757658005,0.7217651586979628,0.1148442979902029,2022
