id,player_name,games,time,goals,xG,assists,xA,shots,key_passes,yellow_cards,red_cards,position,team_title,npg,npxG,xGChain,xGBuildup,season
8918,Max Lowe,8,554,0,0.08675809763371944,0,0.18749800324440002,2,2,1,0,D S,Sheffield United,0,0.08675809763371944,1.3047473207116127,1.0304902158677578,2020
8918,Max Lowe,10,499,0,0.9397587776184082,0,0.012994728051126003,2,1,1,0,D S,Sheffield United,0,0.9397587776184082,1.840770854614675,0.8880173694342375,2023
