id,player_name,games,time,goals,xG,assists,xA,shots,key_passes,yellow_cards,red_cards,position,team_title,npg,npxG,xGChain,xGBuildup,season
2199,Pablo Sarabia,13,788,1,2.5362928099930286,0,0.7747617959976196,20,11,3,0,F M S,Wolverhampton Wanderers,1,2.5362928099930286,3.5684401094913483,1.4430569261312485,2022
2199,Pablo Sarabia,30,1763,4,5.981299871578813,7,6.066077848896384,46,52,5,0,F M S,Wolverhampton Wanderers,2,4.458962256088853,10.232647370547056,3.582952373661101,2023
2199,Pablo Sarabia,9,349,1,1.5980636551976204,0,0.27860961854457855,8,4,0,0,M S,Wolverhampton Wanderers,1,1.5980636551976204,1.9955851584672928,0.39752147905528545,2024
2199,Pablo Sarabia,9,349,1,1.5980636551976204,0,0.27860961854457855,8,4,0,0,M S,Wolverhampton Wanderers,1,1.5980636551976204,1.9955851584672928,0.39752147905528545,2025
