id,player_name,games,time,goals,xG,assists,xA,shots,key_passes,yellow_cards,red_cards,position,team_title,npg,npxG,xGChain,xGBuildup,season
6035,Collin Quaner,26,1255,0,1.350244278088212,4,2.532941090874374,16,17,4,0,M S,Huddersfield,0,1.350244278088212,4.634313620626926,2.863914128392935,2017
6035,Collin Quaner,2,34,0,0,0,0.09769169986248016,0,1,0,0,S,Huddersfield,0,0,0.10857199970632792,0.10857199970632792,2018
