id,player_name,games,time,goals,xG,assists,xA,shots,key_passes,yellow_cards,red_cards,position,team_title,npg,npxG,xGChain,xGBuildup,season
10586,Tyler Dibling,20,1222,2,2.3285063840448856,0,1.695606280118227,23,14,6,0,F M S,Southampton,2,2.3285063840448856,6.912887305021286,3.2809464149177074,2024
10586,Tyler Dibling,20,1222,2,2.3285063840448856,0,1.695606280118227,23,14,6,0,F M S,Southampton,2,2.3285063840448856,6.912887305021286,3.2809464149177074,2025
