id,player_name,games,time,goals,xG,assists,xA,shots,key_passes,yellow_cards,red_cards,position,team_title,npg,npxG,xGChain,xGBuildup,season
1545,Emil Krafth,17,1024,0,0.35268750693649054,1,0.7032870054244995,4,1,0,0,D S,Newcastle United,0,0.35268750693649054,1.7957277791574597,0.7397528942674398,2019
1545,Emil Krafth,16,1297,1,0.15091237984597683,0,0.4345155991613865,7,6,4,0,D S,Newcastle United,1,0.15091237984597683,3.9109030421823263,3.4270467199385166,2020
1545,Emil Krafth,20,1636,0,0.22956649865955114,1,1.0393318198621273,6,6,5,0,D S,Newcastle United,0,0.22956649865955114,3.7981242947280407,3.6667932979762554,2021
1545,Emil Krafth,1,1,0,0,0,0,0,0,0,0,S,Newcastle United,0,0,0,0,2022
1545,Emil Krafth,17,912,0,0.22536493092775345,0,0.9704459868371487,4,9,2,0,D S,Newcastle United,0,0.22536493092775345,4.405003933236003,3.7778926361352205,2023
1545,Emil Krafth,3,241,0,0.027688954025506973,0,0.05894070118665695,1,1,0,0,D S,Newcastle United,0,0.027688954025506973,0.7825783044099808,0.7825783044099808,2024
1545,Emil Krafth,3,241,0,0.027688954025506973,0,0.05894070118665695,1,1,0,0,D S,Newcastle United,0,0.027688954025506973,0.7825783044099808,0.7825783044099808,2025
