id,player_name,games,time,goals,xG,assists,xA,shots,key_passes,yellow_cards,red_cards,position,team_title,npg,npxG,xGChain,xGBuildup,season
7603,Marc Guehi,36,3227,2,2.491802053526044,1,1.2006488796323538,19,6,4,0,D,Crystal Palace,2,2.491802053526044,7.82427760027349,7.775645872578025,2021
7603,Marc Guehi,37,3330,1,1.6622220277786255,0,0.6576718036085367,14,10,8,0,D,Crystal Palace,1,1.6622220277786255,4.7370849046856165,4.268240002915263,2022
7603,Marc Guehi,25,2021,0,0.4888940155506134,1,0.962568361312151,5,7,2,0,D M S,Crystal Palace,0,0.4888940155506134,6.667929092422128,6.454947093501687,2023
7603,Marc Guehi,22,1980,3,2.1354062855243683,1,0.6918814685195684,10,7,5,0,D M,Crystal Palace,3,2.1354062855243683,5.495665833353996,5.23556456156075,2024
7603,Marc Guehi,22,1980,3,2.1354062855243683,1,0.6918814685195684,10,7,5,0,D M,Crystal Palace,3,2.1354062855243683,5.495665833353996,5.23556456156075,2025
