id,player_name,games,time,goals,xG,assists,xA,shots,key_passes,yellow_cards,red_cards,position,team_title,npg,npxG,xGChain,xGBuildup,season
342,Sead Kolasinac,27,2154,2,2.5496985241770744,4,4.005558914504945,21,19,3,0,D S,Arsenal,2,2.5496985241770744,15.234833128750324,11.601472035050392,2017
342,Sead Kolasinac,24,1897,0,0.41107499599456787,5,6.741933006793261,9,31,5,0,D M S,Arsenal,0,0.41107499599456787,11.890894275158644,9.11537922732532,2018
342,Sead Kolasinac,26,1687,0,0.2549881963059306,2,1.334304090589285,4,10,4,0,D M S,Arsenal,0,0.2549881963059306,8.02809800952673,7.041230961680412,2019
342,Sead Kolasinac,1,90,0,0,0,0,0,0,0,0,D,Arsenal,0,0,0.42935800552368164,0.42935800552368164,2020
342,Sead Kolasinac,2,91,0,0,0,0,0,0,1,0,D S,Arsenal,0,0,0,0,2021
