id,player_name,games,time,goals,xG,assists,xA,shots,key_passes,yellow_cards,red_cards,position,team_title,npg,npxG,xGChain,xGBuildup,season
5675,Ismaila Sarr,28,2038,5,5.968195581808686,4,4.351110962219536,43,25,1,0,F M S,Watford,5,5.968195581808686,11.652327962219715,3.3667894899845123,2019
5675,Ismaila Sarr,22,1872,5,4.251841200515628,2,2.9239715188741684,39,21,2,0,F M S,Watford,5,3.49067216925323,7.595654848963022,2.0602030968293548,2021
5675,Ismaila Sarr,23,1505,4,5.394817471504211,3,5.7443761471658945,33,24,3,0,F M S,Crystal Palace,4,5.394817471504211,13.109347531571984,4.187551124021411,2024
5675,Ismaila Sarr,23,1505,4,5.394817471504211,3,5.7443761471658945,33,24,3,0,F M S,Crystal Palace,4,5.394817471504211,13.109347531571984,4.187551124021411,2025
