id,player_name,games,time,goals,xG,assists,xA,shots,key_passes,yellow_cards,red_cards,position,team_title,npg,npxG,xGChain,xGBuildup,season
945,Marc Wilson,27,2127,0,0.26359690353274345,0,0.24080339819192886,6,6,4,1,D S,Stoke,0,0.26359690353274345,2.2582533471286297,2.010907541960478,2014
945,Marc Wilson,4,257,0,0,0,0.06554070115089417,0,1,0,0,D S,Stoke,0,0,0.4531539976596832,0.3876129984855652,2015
945,Marc Wilson,4,258,0,0.014089199714362621,0,0.12041010335087776,1,2,3,0,D S,West Bromwich Albion,0,0.014089199714362621,0.09940390288829803,0.09940390288829803,2016
