id,player_name,games,time,goals,xG,assists,xA,shots,key_passes,yellow_cards,red_cards,position,team_title,npg,npxG,xGChain,xGBuildup,season
848,Charlie Austin,35,3078,18,17.88185734860599,5,2.5487459590658545,131,23,4,1,F,Queens Park Rangers,15,14.076048335060477,13.718284981325269,3.0413201358169317,2014
848,Charlie Austin,7,203,1,1.193167395889759,0,0.02674020081758499,8,1,0,0,F S,Southampton,1,1.193167395889759,0.9220673143863678,0.08945389837026596,2015
848,Charlie Austin,15,946,6,6.6213467717170715,1,1.6202973239123821,37,8,1,0,F S,Southampton,4,5.099007815122604,6.864499174058437,1.5632205940783024,2016
848,Charlie Austin,24,1023,7,7.720579285174608,0,0.6937103793025017,47,4,2,0,F S,Southampton,6,6.959410268813372,6.51756776496768,1.2118304818868637,2017
848,Charlie Austin,25,983,2,3.795151405967772,2,1.006912223994732,32,9,1,0,F S,Southampton,2,3.033984356559813,3.3629559502005577,0.41668350249528885,2018
848,Charlie Austin,5,126,0,0.41296299546957016,0,0,3,0,0,0,S,West Bromwich Albion,0,0.41296299546957016,0.41296299546957016,0,2020
