id,player_name,games,time,goals,xG,assists,xA,shots,key_passes,yellow_cards,red_cards,position,team_title,npg,npxG,xGChain,xGBuildup,season
8026,Raphinha,30,2369,6,6.219142932444811,9,9.524861674755812,67,65,3,0,M S,Leeds,6,6.219142932444811,16.79277704656124,6.679692381992936,2020
8026,Raphinha,35,2940,11,10.23054376989603,3,6.939143891446292,87,64,7,0,F M S,Leeds,7,7.1858687195926905,17.002546676434577,6.288568283431232,2021
