id,player_name,games,time,goals,xG,assists,xA,shots,key_passes,yellow_cards,red_cards,position,team_title,npg,npxG,xGChain,xGBuildup,season
12748,Sam Morsy,21,1816,1,0.22311743814498186,1,0.7025868110358715,8,13,6,0,M S,Ipswich,1,0.22311743814498186,5.553459279239178,5.066469642333686,2024
12748,Sam Morsy,21,1816,1,0.22311743814498186,1,0.7025868110358715,8,13,6,0,M S,Ipswich,1,0.22311743814498186,5.553459279239178,5.066469642333686,2025
