id,player_name,games,time,goals,xG,assists,xA,shots,key_passes,yellow_cards,red_cards,position,team_title,npg,npxG,xGChain,xGBuildup,season
8821,Donny van de Beek,19,486,1,0.29472880251705647,1,1.0433878228068352,2,3,1,0,M S,Manchester United,1,0.29472880251705647,3.546600326895714,2.208483774214983,2020
8821,Donny van de Beek,15,545,2,1.5110082859173417,0,0.43753098882734776,7,5,1,0,M S,"Everton,Manchester United",2,1.5110082859173417,2.91588216740638,1.0413423106074333,2021
8821,Donny van de Beek,7,157,0,0.08036869764328003,0,0.12883769907057285,2,3,0,0,M S,Manchester United,0,0.08036869764328003,1.0236492864787579,0.8748480901122093,2022
8821,Donny van de Beek,1,1,0,0.03228488191962242,0,0.06568886339664459,1,1,0,0,S,Manchester United,0,0.03228488191962242,0.09797374159097672,0,2023
