id,player_name,games,time,goals,xG,assists,xA,shots,key_passes,yellow_cards,red_cards,position,team_title,npg,npxG,xGChain,xGBuildup,season
12409,Adam Wharton,16,1333,0,0.35551161505281925,3,2.5562784411013126,10,20,2,0,M S,Crystal Palace,0,0.35551161505281925,6.304625790566206,4.828129124827683,2023
12409,Adam Wharton,8,635,0,0.2038054820150137,0,0.6202060170471668,9,8,0,0,M,Crystal Palace,0,0.2038054820150137,2.200185479596257,1.6853581918403506,2024
12409,Adam Wharton,8,635,0,0.2038054820150137,0,0.6202060170471668,9,8,0,0,M,Crystal Palace,0,0.2038054820150137,2.200185479596257,1.6853581918403506,2025
