id,player_name,games,time,goals,xG,assists,xA,shots,key_passes,yellow_cards,red_cards,position,team_title,npg,npxG,xGChain,xGBuildup,season
10717,Rodrigo Muniz,26,1602,9,8.481916300952435,1,1.3883774541318417,72,16,1,0,F S,Fulham,9,8.481916300952435,9.755544383078814,2.1016076635569334,2023
10717,Rodrigo Muniz,22,620,3,3.350446565076709,1,0.6833489611744881,25,6,1,0,F S,Fulham,3,3.350446565076709,4.390159118920565,0.7606509197503328,2024
10717,Rodrigo Muniz,22,620,3,3.350446565076709,1,0.6833489611744881,25,6,1,0,F S,Fulham,3,3.350446565076709,4.390159118920565,0.7606509197503328,2025
