id,player_name,games,time,goals,xG,assists,xA,shots,key_passes,yellow_cards,red_cards,position,team_title,npg,npxG,xGChain,xGBuildup,season
6122,Douglas Luiz,36,2602,3,2.2777960058301687,2,2.0041150031611323,38,17,8,0,M S,Aston Villa,3,2.2777960058301687,5.5698155630379915,3.396518010646105,2019
6122,Douglas Luiz,33,2807,0,1.3188335429877043,2,2.41814873740077,26,19,8,1,M S,Aston Villa,0,1.3188335429877043,9.615896521136165,7.108104381710291,2020
6122,Douglas Luiz,34,2733,2,2.220371574163437,3,2.44307017326355,23,36,7,0,M S,Aston Villa,2,2.220371574163437,10.234683318063617,8.437496514990926,2021
6122,Douglas Luiz,37,2947,6,3.191290902905166,6,4.567880779504776,34,45,6,1,M S,Aston Villa,6,3.191290902905166,15.93928093276918,11.555413709953427,2022
6122,Douglas Luiz,35,3043,9,7.572099968791008,5,5.288189608603716,48,53,12,0,M,Aston Villa,5,4.527424611151218,17.31126916781068,13.624405791983008,2023
