id,player_name,games,time,goals,xG,assists,xA,shots,key_passes,yellow_cards,red_cards,position,team_title,npg,npxG,xGChain,xGBuildup,season
2163,Diego Llorente,15,1208,1,0.9071680884808302,0,0.461230605840683,8,4,1,0,D S,Leeds,1,0.9071680884808302,3.1332230530679226,2.109321676194668,2020
2163,Diego Llorente,28,2351,3,1.977920237928629,0,0.04781210049986839,10,2,7,0,D,Leeds,3,1.977920237928629,2.175657069310546,2.175657069310546,2021
2163,Diego Llorente,8,646,0,0.301153801381588,0,0,6,0,1,0,D S,Leeds,0,0.301153801381588,0.9053538031876087,0.9053538031876087,2022
