id,player_name,games,time,goals,xG,assists,xA,shots,key_passes,yellow_cards,red_cards,position,team_title,npg,npxG,xGChain,xGBuildup,season
5789,Boubacar Kamara,24,1790,0,0.08354028034955263,1,0.6932991156354547,4,7,4,0,M S,Aston Villa,0,0.08354028034955263,4.049316678196192,3.7586113028228283,2022
5789,Boubacar Kamara,20,1686,0,0.14352729450911283,1,1.0960499802604318,5,20,7,1,M,Aston Villa,0,0.14352729450911283,9.230381686240435,8.439194424077868,2023
5789,Boubacar Kamara,14,959,0,0.18810445442795753,0,0.30472875013947487,4,6,2,0,M S,Aston Villa,0,0.18810445442795753,3.423044165596366,3.0917744990438223,2024
5789,Boubacar Kamara,14,959,0,0.18810445442795753,0,0.30472875013947487,4,6,2,0,M S,Aston Villa,0,0.18810445442795753,3.423044165596366,3.0917744990438223,2025
