id,player_name,games,time,goals,xG,assists,xA,shots,key_passes,yellow_cards,red_cards,position,team_title,npg,npxG,xGChain,xGBuildup,season
8496,Tommy Doyle,1,13,0,0.07760050147771835,0,0,1,0,0,0,S,Manchester City,0,0.07760050147771835,0.07760050147771835,0,2019
8496,Tommy Doyle,26,1175,0,0.4136425852775574,0,0.6756884949281812,14,8,2,0,M S,Wolverhampton Wanderers,0,0.4136425852775574,4.574842236936092,4.24587644636631,2023
8496,Tommy Doyle,18,400,0,0.2778598750010133,1,0.3475889293476939,8,7,1,0,M S,Wolverhampton Wanderers,0,0.2778598750010133,2.1030837008729577,1.6141937281936407,2024
8496,Tommy Doyle,18,400,0,0.2778598750010133,1,0.3475889293476939,8,7,1,0,M S,Wolverhampton Wanderers,0,0.2778598750010133,2.1030837008729577,1.6141937281936407,2025
