id,player_name,games,time,goals,xG,assists,xA,shots,key_passes,yellow_cards,red_cards,position,team_title,npg,npxG,xGChain,xGBuildup,season
656,Diafra Sakho,23,1765,10,9.070379790849984,2,2.615855161100626,66,23,2,0,F M S,West Ham,10,9.070379790849984,9.083618108183146,0.9128177799284458,2014
656,Diafra Sakho,21,1539,5,7.360721768811345,1,1.8989981887862086,48,14,3,0,F M S,West Ham,5,7.360721768811345,8.050178641453385,1.3451794032007456,2015
656,Diafra Sakho,4,183,1,0.6023831851780415,0,0.05729740113019943,3,1,0,0,F S,West Ham,1,0.6023831851780415,0.142238799482584,0.02287380024790764,2016
656,Diafra Sakho,14,264,2,1.7452047057449818,0,0.025693699717521667,9,1,2,0,S,West Ham,2,1.7452047057449818,1.9794154865667224,0.5864611892029643,2017
