id,player_name,games,time,goals,xG,assists,xA,shots,key_passes,yellow_cards,red_cards,position,team_title,npg,npxG,xGChain,xGBuildup,season
734,Wahbi Khazri,14,1087,2,0.8625685963779688,1,2.2329065892845392,24,27,3,0,M S,Sunderland,2,0.8625685963779688,2.4898463152348995,1.3282623123377562,2015
734,Wahbi Khazri,21,824,1,1.1389319077134132,0,1.9164743106812239,23,21,6,0,F M S,Sunderland,1,1.1389319077134132,2.0931110847741365,0.4761797972023487,2016
