id,player_name,games,time,goals,xG,assists,xA,shots,key_passes,yellow_cards,red_cards,position,team_title,npg,npxG,xGChain,xGBuildup,season
628,Chris Smalling,25,1881,4,1.8635455332696438,0,0.39187060575932264,17,5,1,1,D S,Manchester United,4,1.8635455332696438,4.172038706950843,4.005904505960643,2014
628,Chris Smalling,35,3150,0,1.587316076271236,1,0.6364649888128042,18,6,8,0,D,Manchester United,0,1.587316076271236,5.663531249389052,5.317793456837535,2015
628,Chris Smalling,18,1212,1,0.40389780048280954,1,0.6390482895076275,7,3,0,0,D S,Manchester United,1,0.40389780048280954,2.615398531779647,2.543783551082015,2016
628,Chris Smalling,29,2533,4,2.170547580346465,0,0.17691750079393387,13,2,4,0,D S,Manchester United,4,2.170547580346465,5.587085722014308,5.35075774602592,2017
628,Chris Smalling,24,2130,1,1.114168887026608,0,0.12397489696741104,11,2,1,0,D,Manchester United,1,1.114168887026608,3.7084142826497555,3.7084142826497555,2018
