id,player_name,games,time,goals,xG,assists,xA,shots,key_passes,yellow_cards,red_cards,position,team_title,npg,npxG,xGChain,xGBuildup,season
8981,Jéremy Doku,29,1616,3,3.7698520198464394,8,5.476052410900593,56,45,3,0,D M S,Manchester City,3,3.7698520198464394,14.622362297028303,7.702265929430723,2023
8981,Jéremy Doku,15,802,3,1.130354542285204,4,2.1857266034930944,17,16,0,0,F M S,Manchester City,3,1.130354542285204,5.749445449560881,3.1297814901918173,2024
8981,Jéremy Doku,15,802,3,1.130354542285204,4,2.1857266034930944,17,16,0,0,F M S,Manchester City,3,1.130354542285204,5.749445449560881,3.1297814901918173,2025
