id,player_name,games,time,goals,xG,assists,xA,shots,key_passes,yellow_cards,red_cards,position,team_title,npg,npxG,xGChain,xGBuildup,season
832,Cuco Martina,15,1076,1,0.11175310425460339,1,1.3458772003650665,3,12,1,0,D S,Southampton,1,0.11175310425460339,4.38199639134109,3.5813585072755814,2015
832,Cuco Martina,9,595,0,0.03454339876770973,0,0.22358029708266258,1,5,0,0,D S,Southampton,0,0.03454339876770973,1.1436997018754482,0.9092466998845339,2016
832,Cuco Martina,21,1830,0,0.08532999828457832,2,1.5226872907951474,2,13,2,0,D M S,Everton,0,0.08532999828457832,4.137885705567896,3.4761389419436455,2017
