id,player_name,games,time,goals,xG,assists,xA,shots,key_passes,yellow_cards,red_cards,position,team_title,npg,npxG,xGChain,xGBuildup,season
8222,Japhet Tanganga,6,528,0,0.05346819758415222,0,0.029117800295352936,3,1,1,0,D,Tottenham,0,0.05346819758415222,0.7489592954516411,0.7084564007818699,2019
8222,Japhet Tanganga,6,496,0,0.20077680051326752,0,0.5815759897232056,2,1,2,0,D,Tottenham,0,0.20077680051326752,1.3993397988379002,0.8177647925913334,2020
8222,Japhet Tanganga,11,751,0,0.44864410534501076,0,0.24557200074195862,7,2,2,1,D S,Tottenham,0,0.44864410534501076,1.5058241300284863,1.3856447152793407,2021
8222,Japhet Tanganga,4,153,0,0,0,0,0,0,0,0,D S,Tottenham,0,0,0.058575499802827835,0.058575499802827835,2022
