id,player_name,games,time,goals,xG,assists,xA,shots,key_passes,yellow_cards,red_cards,position,team_title,npg,npxG,xGChain,xGBuildup,season
8563,George Hirst,2,5,0,0.10060279862955213,0,0,3,0,0,0,S,Leicester,0,0.10060279862955213,0.021223099902272224,0,2019
8563,George Hirst,11,188,1,1.151898592710495,1,0.34214659593999386,4,3,1,0,F S,Ipswich,1,1.151898592710495,1.620799606665969,0.1679418459534645,2024
8563,George Hirst,11,188,1,1.151898592710495,1,0.34214659593999386,4,3,1,0,F S,Ipswich,1,1.151898592710495,1.620799606665969,0.1679418459534645,2025
