id,player_name,games,time,goals,xG,assists,xA,shots,key_passes,yellow_cards,red_cards,position,team_title,npg,npxG,xGChain,xGBuildup,season
6034,Philip Billing,16,755,0,0.12302299961447716,0,0.5159220099449158,7,2,3,0,M S,Huddersfield,0,0.12302299961447716,1.3330966038629413,1.193539086729288,2017
6034,Philip Billing,27,2199,2,1.6647705221548676,0,1.8249883875250816,42,22,7,0,M S,Huddersfield,2,1.6647705221548676,5.94055647496134,3.6992531660944223,2018
6034,Philip Billing,34,2542,1,2.2746941074728966,1,1.43443089351058,33,15,8,0,M S,Bournemouth,1,2.2746941074728966,6.998952125199139,5.092860587872565,2019
6034,Philip Billing,36,2822,7,4.894198485650122,1,3.457261343486607,38,27,5,0,F M S,Bournemouth,7,4.894198485650122,9.995119906961918,3.561682090163231,2022
6034,Philip Billing,29,1359,2,2.870723254047334,2,3.7171403001993895,30,23,3,1,M S,Bournemouth,2,2.870723254047334,7.183791579678655,2.8327820003032684,2023
6034,Philip Billing,10,152,0,0.3570811375975609,0,1.401890940964222,5,8,1,0,M S,Bournemouth,0,0.3570811375975609,1.9741406198590994,0.9171814527362585,2024
6034,Philip Billing,10,152,0,0.3570811375975609,0,1.401890940964222,5,8,1,0,M S,Bournemouth,0,0.3570811375975609,1.9741406198590994,0.9171814527362585,2025
