id,player_name,games,time,goals,xG,assists,xA,shots,key_passes,yellow_cards,red_cards,position,team_title,npg,npxG,xGChain,xGBuildup,season
7166,Mathias Jensen,31,1598,0,2.7016564928926528,1,3.1610329784452915,19,35,0,0,M S,Brentford,0,2.7016564928926528,7.237036062870175,2.972486024722457,2021
7166,Mathias Jensen,37,2898,5,1.9304941780865192,6,3.59164313133806,23,48,5,0,M,Brentford,5,1.9304941780865192,9.594746176153421,6.600326562300324,2022
7166,Mathias Jensen,32,2294,3,0.689183003269136,3,4.908007476478815,14,41,5,0,M S,Brentford,3,0.689183003269136,11.096407827921212,9.512499671429396,2023
7166,Mathias Jensen,13,675,0,0.25744552444666624,1,1.4713148027658463,5,13,1,0,M S,Brentford,0,0.25744552444666624,4.308491775766015,3.2035216446965933,2024
7166,Mathias Jensen,13,675,0,0.25744552444666624,1,1.4713148027658463,5,13,1,0,M S,Brentford,0,0.25744552444666624,4.308491775766015,3.2035216446965933,2025
