id,player_name,games,time,goals,xG,assists,xA,shots,key_passes,yellow_cards,red_cards,position,team_title,npg,npxG,xGChain,xGBuildup,season
7701,Moussa Djenepo,18,920,2,2.240284813567996,2,2.0511130169034004,20,11,4,1,D F M S,Southampton,2,2.240284813567996,5.601650357246399,2.5700224731117487,2019
7701,Moussa Djenepo,27,1236,1,0.792782393284142,0,0.40187229588627815,14,6,5,0,M S,Southampton,1,0.792782393284142,2.9883765131235123,1.9131248323246837,2020
7701,Moussa Djenepo,12,449,0,1.276968114078045,0,0.26977140083909035,11,6,3,0,M S,Southampton,0,1.276968114078045,2.4210695922374725,1.098878813907504,2021
7701,Moussa Djenepo,16,695,0,0.24337779730558395,2,0.5622396729886532,3,9,1,0,D M S,Southampton,0,0.24337779730558395,1.891867060214281,1.2555831149220467,2022
