id,player_name,games,time,goals,xG,assists,xA,shots,key_passes,yellow_cards,red_cards,position,team_title,npg,npxG,xGChain,xGBuildup,season
11386,Lewis Miley,1,10,0,0.06400494277477264,0,0,1,0,0,0,S,Newcastle United,0,0.06400494277477264,0.06400494277477264,0,2022
11386,Lewis Miley,17,1223,1,1.1169020980596542,3,1.546121459454298,13,12,1,0,M S,Newcastle United,1,1.1169020980596542,6.223425015807152,4.03523076325655,2023
11386,Lewis Miley,4,18,0,0,0,0,0,0,0,0,S,Newcastle United,0,0,0.02135624922811985,0.02135624922811985,2024
11386,Lewis Miley,4,18,0,0,0,0,0,0,0,0,S,Newcastle United,0,0,0.02135624922811985,0.02135624922811985,2025
