id,player_name,games,time,goals,xG,assists,xA,shots,key_passes,yellow_cards,red_cards,position,team_title,npg,npxG,xGChain,xGBuildup,season
9205,Jayden Bogle,16,1109,2,1.915019929409027,0,0.20855360105633736,17,4,2,0,D M S,Sheffield United,2,1.915019929409027,2.668701633810997,1.3656456880271435,2020
9205,Jayden Bogle,34,2817,3,2.6024017240852118,0,0.7326478343456984,32,10,8,0,D M S,Sheffield United,3,2.6024017240852118,5.202804431319237,2.6289064050652087,2023
