id,player_name,games,time,goals,xG,assists,xA,shots,key_passes,yellow_cards,red_cards,position,team_title,npg,npxG,xGChain,xGBuildup,season
1683,Ryan Fraser,28,1774,3,2.1123162023723125,5,3.622358724474907,24,32,3,0,D M S,Bournemouth,3,2.1123162023723125,6.436733680777252,2.6309686079621315,2016
1683,Ryan Fraser,26,2016,5,1.9803190175443888,3,2.735152375884354,31,43,0,0,D F M S,Bournemouth,5,1.9803190175443888,6.3851632848382,3.3411668054759502,2017
1683,Ryan Fraser,38,3185,7,4.763551549986005,14,16.18383568711579,51,93,2,0,F M S,Bournemouth,7,4.763551549986005,19.63154132477939,7.556321985088289,2018
1683,Ryan Fraser,28,2054,1,3.464269880205393,4,3.600613696500659,27,44,2,0,F M S,Bournemouth,1,3.464269880205393,9.42374673485756,4.503551006317139,2019
1683,Ryan Fraser,18,920,0,0.9030801933258772,2,2.1685299314558506,13,25,0,1,F M S,Newcastle United,0,0.9030801933258772,2.99426400475204,1.342214172706008,2020
1683,Ryan Fraser,27,1476,2,2.866719573736191,3,2.1547404266893864,24,25,3,0,F M S,Newcastle United,2,2.866719573736191,6.576188476756215,2.687837041914463,2021
1683,Ryan Fraser,8,309,0,0.3093165084719658,0,0.35542329400777817,6,5,1,0,F S,Newcastle United,0,0.3093165084719658,0.5467102974653244,0.19543549790978432,2022
1683,Ryan Fraser,8,314,0,0.025151601061224937,0,0.1558907814323902,1,2,0,1,D M S,Southampton,0,0.025151601061224937,2.0469524562358856,1.8659100458025932,2024
1683,Ryan Fraser,8,314,0,0.025151601061224937,0,0.1558907814323902,1,2,0,1,D M S,Southampton,0,0.025151601061224937,2.0469524562358856,1.8659100458025932,2025
