id,player_name,games,time,goals,xG,assists,xA,shots,key_passes,yellow_cards,red_cards,position,team_title,npg,npxG,xGChain,xGBuildup,season
6820,David Brooks,30,2317,7,6.465658405795693,5,5.877872094511986,41,30,3,0,F M S,Bournemouth,7,6.465658405795693,16.891731955111027,6.750990778207779,2018
6820,David Brooks,9,533,1,0.43261139281094074,0,0.534646600484848,6,6,1,0,M S,Bournemouth,1,0.43261139281094074,0.8643895983695984,0.13210549764335155,2019
6820,David Brooks,6,166,0,0.2445639120414853,0,0.1819901317358017,5,2,1,0,M S,Bournemouth,0,0.2445639120414853,0.5240764729678631,0.21339266747236252,2022
6820,David Brooks,13,241,1,2.2037018723785877,1,0.9074392039328814,13,8,1,0,M S,Bournemouth,1,2.2037018723785877,3.8162245713174343,0.9324527494609356,2023
6820,David Brooks,16,498,2,1.7588975243270397,0,1.2065386287868023,18,10,3,0,M S,Bournemouth,2,1.7588975243270397,4.077382078394294,1.7893438450992107,2024
6820,David Brooks,16,498,2,1.7588975243270397,0,1.2065386287868023,18,10,3,0,M S,Bournemouth,2,1.7588975243270397,4.077382078394294,1.7893438450992107,2025
