id,player_name,games,time,goals,xG,assists,xA,shots,key_passes,yellow_cards,red_cards,position,team_title,npg,npxG,xGChain,xGBuildup,season
6736,Ibrahima Diallo,22,999,0,0.608452707529068,0,0.6375490110367537,7,9,3,0,M S,Southampton,0,0.608452707529068,3.3023097794502974,2.5710399094969034,2020
6736,Ibrahima Diallo,23,1008,0,0.33658369816839695,2,1.0428851870819926,8,16,1,0,M S,Southampton,0,0.33658369816839695,3.8568216264247894,2.6416625948622823,2021
6736,Ibrahima Diallo,18,821,0,0.1378516973927617,0,0.10385100170969963,6,4,4,0,M S,Southampton,0,0.1378516973927617,1.5289212055504322,1.3642751909792423,2022
