id,player_name,games,time,goals,xG,assists,xA,shots,key_passes,yellow_cards,red_cards,position,team_title,npg,npxG,xGChain,xGBuildup,season
1304,Moise Kean,29,783,2,4.1403086595237255,2,2.337307918816805,30,10,1,0,F S,Everton,2,4.1403086595237255,6.865812292322516,1.0858365818858147,2019
1304,Moise Kean,2,10,0,0.02234569936990738,0,0,1,0,0,0,S,Everton,0,0.02234569936990738,0.02234569936990738,0,2020
1304,Moise Kean,1,1,0,0,0,0,0,0,0,0,S,Everton,0,0,0.017861999571323395,0.017861999571323395,2021
