id,player_name,games,time,goals,xG,assists,xA,shots,key_passes,yellow_cards,red_cards,position,team_title,npg,npxG,xGChain,xGBuildup,season
11728,Calvin Bassey,29,2278,1,0.3684718329459429,0,0.10597540438175201,5,2,4,1,D S,Fulham,1,0.3684718329459429,8.236559823155403,8.236559823155403,2023
11728,Calvin Bassey,22,1980,0,0.5852097375318408,0,0.059346637688577175,10,2,5,0,D,Fulham,0,0.5852097375318408,6.977421154268086,6.84008262027055,2024
11728,Calvin Bassey,22,1980,0,0.5852097375318408,0,0.059346637688577175,10,2,5,0,D,Fulham,0,0.5852097375318408,6.977421154268086,6.84008262027055,2025
