id,player_name,games,time,goals,xG,assists,xA,shots,key_passes,yellow_cards,red_cards,position,team_title,npg,npxG,xGChain,xGBuildup,season
7714,Ben Osborn,13,586,0,0.19521039724349976,0,0.8878787830471992,3,7,0,0,M S,Sheffield United,0,0.19521039724349976,2.3332080245018005,1.5885960310697556,2019
7714,Ben Osborn,24,1607,1,1.090726202353835,0,2.5220146737992764,10,17,1,0,D F M S,Sheffield United,1,1.090726202353835,6.371751420199871,4.42230891995132,2020
7714,Ben Osborn,24,1343,0,0.17907935101538897,2,1.0758813545107841,4,13,3,0,D M S,Sheffield United,0,0.17907935101538897,3.0705280490219593,2.045230019837618,2023
