id,player_name,games,time,goals,xG,assists,xA,shots,key_passes,yellow_cards,red_cards,position,team_title,npg,npxG,xGChain,xGBuildup,season
9689,Albert Sambi Lokonga,19,1125,0,0.585317600518465,0,0.8354285042732954,20,18,5,0,M S,Arsenal,0,0.585317600518465,5.447862323373556,4.692085664719343,2021
9689,Albert Sambi Lokonga,15,732,0,0.13070455193519592,0,0.04567850008606911,2,2,2,0,M S,"Arsenal,Crystal Palace",0,0.13070455193519592,0.7480293493717909,0.6000321935862303,2022
9689,Albert Sambi Lokonga,17,1331,1,0.7531502321362495,3,1.4872490242123604,8,9,4,0,M S,Luton,1,0.7531502321362495,4.319001622498035,3.1800113022327423,2023
