id,player_name,games,time,goals,xG,assists,xA,shots,key_passes,yellow_cards,red_cards,position,team_title,npg,npxG,xGChain,xGBuildup,season
5556,Ademola Lookman,8,289,1,1.1416975036263466,0,0,16,0,0,0,F S,Everton,1,1.1416975036263466,1.4896504878997803,0.4487139955163002,2016
5556,Ademola Lookman,7,145,0,0.14491680264472961,0,0.007786349859088659,3,1,0,0,M S,Everton,0,0.14491680264472961,0.7546356762759387,0.6210472229868174,2017
5556,Ademola Lookman,21,575,0,1.5689684599637985,2,1.6114375740289688,12,10,0,0,M S,Everton,0,1.5689684599637985,4.338542144745588,2.2015608362853527,2018
5556,Ademola Lookman,34,2765,4,6.251115549355745,4,5.258410016074777,69,61,5,0,F M S,Fulham,4,5.489946853369474,15.355226468294859,7.334160039201379,2020
5556,Ademola Lookman,26,1470,6,4.781360968947411,0,1.812361997552216,26,23,2,0,F M S,Leicester,6,4.781360968947411,11.409113086760044,5.64014358818531,2021
