id,player_name,games,time,goals,xG,assists,xA,shots,key_passes,yellow_cards,red_cards,position,team_title,npg,npxG,xGChain,xGBuildup,season
5759,Matteo Guendouzi,33,2132,0,0.48229069635272026,0,1.5040015205740929,16,17,9,0,M S,Arsenal,0,0.48229069635272026,13.771103780716658,12.147162380628288,2018
5759,Matteo Guendouzi,24,1744,0,0.5298995021730661,1,1.0633035972714424,11,12,6,0,M S,Arsenal,0,0.5298995021730661,6.531604591757059,5.212481122463942,2019
