id,player_name,games,time,goals,xG,assists,xA,shots,key_passes,yellow_cards,red_cards,position,team_title,npg,npxG,xGChain,xGBuildup,season
6163,Nélson Semedo,34,2994,1,1.3097365982830524,1,0.9027981068938971,23,20,5,0,D M,Wolverhampton Wanderers,1,1.3097365982830524,7.68634950555861,6.196272294968367,2020
6163,Nélson Semedo,25,2151,0,1.3901756666600704,1,1.3628809936344624,19,18,1,0,D,Wolverhampton Wanderers,0,1.3901756666600704,5.291687090881169,2.8525946140289307,2021
6163,Nélson Semedo,36,2646,0,0.7855268660932779,1,0.6530346218496561,9,11,11,1,D S,Wolverhampton Wanderers,0,0.7855268660932779,3.586114762350917,2.2665692791342735,2022
6163,Nélson Semedo,36,3127,0,1.232096817344427,1,2.0054253563284874,17,24,10,1,D M,Wolverhampton Wanderers,0,1.232096817344427,8.870165027678013,6.637749888934195,2023
6163,Nélson Semedo,19,1614,0,0.598631298635155,3,1.8289107270538807,9,16,7,0,D S,Wolverhampton Wanderers,0,0.598631298635155,5.334753794595599,3.2805394306778908,2024
6163,Nélson Semedo,19,1614,0,0.598631298635155,3,1.8289107270538807,9,16,7,0,D S,Wolverhampton Wanderers,0,0.598631298635155,5.334753794595599,3.2805394306778908,2025
