id,player_name,games,time,goals,xG,assists,xA,shots,key_passes,yellow_cards,red_cards,position,team_title,npg,npxG,xGChain,xGBuildup,season
1661,Sam Vokes,15,557,0,1.4532243087887764,0,0.15245828218758106,17,5,0,0,F S,Burnley,0,1.4532243087887764,1.571888916194439,0.512553583830595,2014
1661,Sam Vokes,37,2030,10,8.347450690343976,3,1.5290202079340816,57,15,0,0,F S,Burnley,8,6.825112214311957,7.930247075855732,1.693968071602285,2016
1661,Sam Vokes,29,953,4,3.0060578919947147,1,1.1516355201601982,30,9,3,0,F S,Burnley,4,3.0060578919947147,2.2015501018613577,0.07625439949333668,2017
1661,Sam Vokes,20,918,3,2.7301170863211155,0,0.8985748086124659,22,8,0,0,F S,Burnley,3,2.7301170863211155,1.624670173972845,0.2980603985488415,2018
