id,player_name,games,time,goals,xG,assists,xA,shots,key_passes,yellow_cards,red_cards,position,team_title,npg,npxG,xGChain,xGBuildup,season
76,Fabian Schär,24,2007,4,2.1653389893472195,1,0.7358659468591213,25,11,12,0,D S,Newcastle United,4,2.1653389893472195,5.651491337455809,4.65700698364526,2018
76,Fabian Schär,22,1675,2,1.0595886493101716,0,0.10137985600158572,20,4,5,0,D M S,Newcastle United,2,1.0595886493101716,2.5786611838266253,1.8653053613379598,2019
76,Fabian Schär,18,1252,1,1.4605767242610455,0,0,12,0,4,1,D S,Newcastle United,0,0.6994077078998089,0.9551224838942289,0.8735605869442225,2020
76,Fabian Schär,25,2167,2,0.8395391143858433,2,1.479282571002841,20,9,4,0,D,Newcastle United,2,0.8395391143858433,3.370413671247661,2.830271666869521,2021
76,Fabian Schär,36,3223,1,5.092751467600465,3,2.4296507444232702,56,19,7,0,D,Newcastle United,1,5.092751467600465,10.184462796896696,8.898998957127333,2022
76,Fabian Schär,36,3057,4,2.679914410226047,1,1.2247396316379309,35,9,5,0,D S,Newcastle United,4,2.679914410226047,13.900441944599152,13.216225143522024,2023
76,Fabian Schär,19,1595,2,1.2354812314733863,0,0.2121803928166628,19,3,5,1,D S,Newcastle United,2,1.2354812314733863,5.265796065330505,4.852129444479942,2024
76,Fabian Schär,19,1595,2,1.2354812314733863,0,0.2121803928166628,19,3,5,1,D S,Newcastle United,2,1.2354812314733863,5.265796065330505,4.852129444479942,2025
