id,player_name,games,time,goals,xG,assists,xA,shots,key_passes,yellow_cards,red_cards,position,team_title,npg,npxG,xGChain,xGBuildup,season
9554,Tim Iroegbunam,3,91,0,0.10066100209951401,0,0,1,0,1,0,M S,Aston Villa,0,0.10066100209951401,0.10236839950084686,0.10236839950084686,2021
9554,Tim Iroegbunam,9,136,0,0,0,0,0,0,0,0,M S,Aston Villa,0,0,0.08667697012424469,0.08667697012424469,2023
9554,Tim Iroegbunam,6,380,0,0.1938968524336815,0,0.09728063642978668,4,2,2,0,M S,Everton,0,0.1938968524336815,1.504760891199112,1.2135834842920303,2024
9554,Tim Iroegbunam,6,380,0,0.1938968524336815,0,0.09728063642978668,4,2,2,0,M S,Everton,0,0.1938968524336815,1.504760891199112,1.2135834842920303,2025
