id,player_name,games,time,goals,xG,assists,xA,shots,key_passes,yellow_cards,red_cards,position,team_title,npg,npxG,xGChain,xGBuildup,season
2517,Martin Odegaard,14,865,1,0.618740500882268,2,1.9558854773640633,15,19,0,0,M S,Arsenal,1,0.618740500882268,5.297232031822205,4.07069668546319,2020
2517,Martin Odegaard,36,2803,7,4.223581701517105,4,6.601951729506254,53,75,4,0,M S,Arsenal,7,4.223581701517105,18.23505182750523,10.91330983582884,2021
2517,Martin Odegaard,37,3203,15,9.137760860845447,7,9.209956639446318,93,77,4,0,M,Arsenal,15,9.137760860845447,27.893760193139315,15.047104069963098,2022
2517,Martin Odegaard,35,3117,8,7.670226177200675,10,11.577396512031555,77,102,2,0,M,Arsenal,6,6.147925289347768,29.81505699455738,18.138023640960455,2023
2517,Martin Odegaard,15,1221,1,3.739915292710066,3,3.9534566085785627,22,32,1,0,M S,Arsenal,0,2.978746425360441,11.792608372867107,7.40269273892045,2024
2517,Martin Odegaard,15,1221,1,3.739915292710066,3,3.9534566085785627,22,32,1,0,M S,Arsenal,0,2.978746425360441,11.792608372867107,7.40269273892045,2025
