id,player_name,games,time,goals,xG,assists,xA,shots,key_passes,yellow_cards,red_cards,position,team_title,npg,npxG,xGChain,xGBuildup,season
11310,Brajan Gruda,11,383,0,0.21586835384368896,0,0.47506946325302124,3,10,0,0,M S,Brighton,0,0.21586835384368896,1.563715573400259,1.1076743360608816,2024
11310,Brajan Gruda,11,383,0,0.21586835384368896,0,0.47506946325302124,3,10,0,0,M S,Brighton,0,0.21586835384368896,1.563715573400259,1.1076743360608816,2025
