id,player_name,games,time,goals,xG,assists,xA,shots,key_passes,yellow_cards,red_cards,position,team_title,npg,npxG,xGChain,xGBuildup,season
601,Arouna Koné,12,611,1,1.1284510809928179,1,0.7295571938157082,14,6,2,0,F S,Everton,1,1.1284510809928179,2.423886427655816,1.068481918424368,2014
601,Arouna Koné,25,1464,5,4.518551206216216,4,2.134571185335517,36,14,1,0,F M S,Everton,5,4.518551206216216,9.301979226991534,3.8450946109369397,2015
601,Arouna Koné,6,62,0,0.11362509801983833,0,0.022273199632763863,3,1,0,0,S,Everton,0,0.11362509801983833,0.1541763972491026,0.018278099596500397,2016
