id,player_name,games,time,goals,xG,assists,xA,shots,key_passes,yellow_cards,red_cards,position,team_title,npg,npxG,xGChain,xGBuildup,season
6231,José Izquierdo,32,1998,5,3.62331239040941,3,2.325506566092372,52,21,2,0,F M S,Brighton,5,3.62331239040941,7.212838351726532,3.1319346418604255,2017
6231,José Izquierdo,15,803,0,0.6221193987876177,1,0.4745672047138214,15,6,1,0,F M S,Brighton,0,0.6221193987876177,1.1379161980003119,0.30647999607026577,2018
6231,José Izquierdo,1,7,0,0.016806799918413162,0,0,1,0,0,0,S,Brighton,0,0.016806799918413162,0.06661350280046463,0.04980669915676117,2020
