id,player_name,games,time,goals,xG,assists,xA,shots,key_passes,yellow_cards,red_cards,position,team_title,npg,npxG,xGChain,xGBuildup,season
767,Jack Colback,35,3130,4,2.8249618243426085,6,2.3404141180217266,27,44,12,0,D M,Newcastle United,4,2.8249618243426085,7.598447484895587,4.668526872992516,2014
767,Jack Colback,29,2409,1,0.8832448916509748,1,1.2081099371425807,15,16,11,0,D M S,Newcastle United,1,0.8832448916509748,6.735097970813513,5.063955340534449,2015
767,Jack Colback,11,480,0,0,0,0.28224780410528183,0,2,0,0,M S,Nottingham Forest,0,0,0.5764240063726902,0.31810400262475014,2022
