id,player_name,games,time,goals,xG,assists,xA,shots,key_passes,yellow_cards,red_cards,position,team_title,npg,npxG,xGChain,xGBuildup,season
8456,Nathan Tella,1,1,0,0.07578609883785248,0,0,1,0,0,0,S,Southampton,0,0.07578609883785248,0.07578609883785248,0,2019
8456,Nathan Tella,18,734,1,1.9882364720106125,1,1.090901680290699,17,6,2,0,F M S,Southampton,1,1.9882364720106125,2.907419417053461,0.48396930284798145,2020
8456,Nathan Tella,14,831,0,0.6766912061721087,1,0.6299310103058815,12,8,2,0,D F M S,Southampton,0,0.6766912061721087,1.3331405092030764,0.2192915938794613,2021
