id,player_name,games,time,goals,xG,assists,xA,shots,key_passes,yellow_cards,red_cards,position,team_title,npg,npxG,xGChain,xGBuildup,season
11000,Matheus Nunes,34,2507,1,2.3803958501666784,1,2.0282051162794232,28,27,2,0,M S,Wolverhampton Wanderers,1,2.3803958501666784,6.00101482309401,2.8060512747615576,2022
11000,Matheus Nunes,19,817,0,0.9250318259000778,2,1.5578467566519976,10,12,0,1,M S,"Manchester City,Wolverhampton Wanderers",0,0.9250318259000778,6.406420938670635,4.531493496149778,2023
11000,Matheus Nunes,15,799,0,0.5679432824254036,4,2.5322804115712643,5,18,2,0,D M S,Manchester City,0,0.5679432824254036,5.487895332276821,3.3597552701830864,2024
11000,Matheus Nunes,15,799,0,0.5679432824254036,4,2.5322804115712643,5,18,2,0,D M S,Manchester City,0,0.5679432824254036,5.487895332276821,3.3597552701830864,2025
