id,player_name,games,time,goals,xG,assists,xA,shots,key_passes,yellow_cards,red_cards,position,team_title,npg,npxG,xGChain,xGBuildup,season
720,Modou Barrow,11,266,0,0.04451709985733032,1,0.8047116920351982,2,5,1,0,M S,Swansea,0,0.04451709985733032,1.188092790544033,1.027893990278244,2014
720,Modou Barrow,22,762,1,0.4563116068020463,2,1.181954595260322,11,13,0,0,F M S,Swansea,1,0.4563116068020463,2.616060396656394,1.5302879698574543,2015
720,Modou Barrow,18,1165,0,0.8852935042232275,2,2.2491155033931136,15,21,1,0,F M S,Swansea,0,0.8852935042232275,4.228257432579994,2.098295385017991,2016
