id,player_name,games,time,goals,xG,assists,xA,shots,key_passes,yellow_cards,red_cards,position,team_title,npg,npxG,xGChain,xGBuildup,season
952,Gastón Ramírez,23,997,1,1.0204174099490047,2,1.636369095183909,17,23,1,1,F M S,"Hull,Southampton",1,1.0204174099490047,3.1575863184407353,1.941877719014883,2014
952,Gastón Ramírez,3,25,0,0,1,0.97019281424582,0,2,0,0,S,Southampton,0,0,0,0,2015
952,Gastón Ramírez,24,1561,2,3.113752471283078,3,3.0068857222795486,32,31,8,1,F M S,Middlesbrough,2,3.113752471283078,7.360805071890354,3.585045713931322,2016
