id,player_name,games,time,goals,xG,assists,xA,shots,key_passes,yellow_cards,red_cards,position,team_title,npg,npxG,xGChain,xGBuildup,season
6853,Rúben Neves,35,3014,4,3.39373844768852,3,1.8831316716969013,74,24,8,0,M S,Wolverhampton Wanderers,2,1.8714010482653975,10.348723506554961,8.176534997299314,2018
6853,Rúben Neves,38,3081,2,1.6380842179059982,2,2.6060934849083424,61,29,9,0,M S,Wolverhampton Wanderers,2,1.6380842179059982,13.925793657079339,11.201464420184493,2019
6853,Rúben Neves,36,2681,5,4.744082765653729,1,2.061172278597951,67,33,7,0,M S,Wolverhampton Wanderers,2,2.4605759885162115,6.995870877057314,4.6739716026932,2020
6853,Rúben Neves,33,2674,4,1.1209032889455557,2,2.2435877406969666,42,25,9,0,M S,Wolverhampton Wanderers,4,1.1209032889455557,8.249836585484445,6.51626112498343,2021
6853,Rúben Neves,35,3022,6,5.0062854727730155,1,1.8384296027943492,67,32,12,0,D M S,Wolverhampton Wanderers,3,2.7227791724726558,10.452420154586434,8.169478697702289,2022
