id,player_name,games,time,goals,xG,assists,xA,shots,key_passes,yellow_cards,red_cards,position,team_title,npg,npxG,xGChain,xGBuildup,season
12123,Murillo,32,2813,0,1.6653295904397964,2,1.2170642092823982,17,8,5,0,D,Nottingham Forest,0,1.6653295904397964,8.485122511163354,7.43321305885911,2023
12123,Murillo,22,1961,1,1.580248162150383,0,0.9941742941737175,18,10,4,0,D,Nottingham Forest,1,1.580248162150383,4.099588368088007,3.681215927004814,2024
12123,Murillo,22,1961,1,1.580248162150383,0,0.9941742941737175,18,10,4,0,D,Nottingham Forest,1,1.580248162150383,4.099588368088007,3.681215927004814,2025
