id,player_name,games,time,goals,xG,assists,xA,shots,key_passes,yellow_cards,red_cards,position,team_title,npg,npxG,xGChain,xGBuildup,season
9558,Hannibal Mejbri,1,3,0,0,0,0,0,0,0,0,S,Manchester United,0,0,0,0,2020
9558,Hannibal Mejbri,2,68,0,0.04541569948196411,0,0,1,0,2,0,M S,Manchester United,0,0.04541569948196411,0.04541569948196411,0,2021
9558,Hannibal Mejbri,5,124,1,0.01660188101232052,0,0.2175336331129074,1,2,1,0,M S,Manchester United,1,0.01660188101232052,0.6164471115916967,0.3823116421699524,2023
