id,player_name,games,time,goals,xG,assists,xA,shots,key_passes,yellow_cards,red_cards,position,team_title,npg,npxG,xGChain,xGBuildup,season
667,Carlos Sánchez,28,1987,1,0.3707006284967065,0,0.7029740959405899,17,9,6,1,M S,Aston Villa,1,0.3707006284967065,3.6336561497300863,3.2398287495598197,2014
667,Carlos Sánchez,20,1373,0,0.36579716950654984,0,0.377815212123096,13,4,3,0,M S,Aston Villa,0,0.36579716950654984,2.6664146250113845,2.467636733315885,2015
667,Carlos Sánchez,7,233,0,0.057125999592244625,0,0.045512400567531586,3,2,0,0,M S,West Ham,0,0.057125999592244625,0.636942807585001,0.54633560590446,2018
667,Carlos Sánchez,6,107,0,0,0,0,0,0,0,0,M S,West Ham,0,0,0.2528734989464283,0.2528734989464283,2019
