id,player_name,games,time,goals,xG,assists,xA,shots,key_passes,yellow_cards,red_cards,position,team_title,npg,npxG,xGChain,xGBuildup,season
1740,Paul Pogba,30,2606,5,6.50561457592994,4,5.5897779408842325,92,57,7,0,M S,Manchester United,5,6.50561457592994,16.903288956731558,9.888524703681469,2016
1740,Paul Pogba,27,2158,6,7.813677807338536,10,4.590676190331578,76,39,5,1,M S,Manchester United,6,7.813677807338536,16.82082363218069,8.208943458274007,2017
1740,Paul Pogba,35,3013,13,15.877537530846894,9,5.186745874583721,105,55,6,0,M S,Manchester United,6,8.265851297415793,21.125928223133087,11.593517602421343,2018
1740,Paul Pogba,16,1206,1,2.1508695110678673,3,3.0561906676739454,22,30,1,0,M S,Manchester United,1,1.3897005133330822,8.765652850270271,7.231561720371246,2019
1740,Paul Pogba,26,1893,3,2.988201911561191,3,2.066862566396594,31,24,3,0,M S,Manchester United,3,2.988201911561191,11.691464388743043,7.444202953949571,2020
1740,Paul Pogba,20,1371,1,2.1890755891799927,9,3.8411435652524233,33,24,7,1,M S,Manchester United,1,2.1890755891799927,7.5612444542348385,3.9273311477154493,2021
