id,player_name,games,time,goals,xG,assists,xA,shots,key_passes,yellow_cards,red_cards,position,team_title,npg,npxG,xGChain,xGBuildup,season
6923,Mohammed Salisu,12,836,0,0.4784318944439292,0,0.17215709760785103,4,2,1,0,D S,Southampton,0,0.4784318944439292,2.2042920030653477,2.154071904718876,2020
6923,Mohammed Salisu,34,2972,0,1.7930021919310093,0,0.5444615967571735,24,9,8,1,D S,Southampton,0,1.7930021919310093,7.8109620194882154,7.580639097839594,2021
6923,Mohammed Salisu,22,1973,0,1.6058198306709528,1,0.6115739094093442,19,7,5,0,D S,Southampton,0,1.6058198306709528,5.882307862862945,5.379752596840262,2022
