id,player_name,games,time,goals,xG,assists,xA,shots,key_passes,yellow_cards,red_cards,position,team_title,npg,npxG,xGChain,xGBuildup,season
9451,Chimuanya Ugochukwu,12,289,0,0,0,0.18544436991214752,0,3,2,0,M S,Chelsea,0,0,2.2840482108294964,2.163483928889036,2023
9451,Chimuanya Ugochukwu,13,658,0,0.508833640255034,1,0.35545810870826244,4,5,3,0,M S,Southampton,0,0.508833640255034,2.0244145784527063,1.9329050574451685,2024
9451,Chimuanya Ugochukwu,13,658,0,0.508833640255034,1,0.35545810870826244,4,5,3,0,M S,Southampton,0,0.508833640255034,2.0244145784527063,1.9329050574451685,2025
