id,player_name,games,time,goals,xG,assists,xA,shots,key_passes,yellow_cards,red_cards,position,team_title,npg,npxG,xGChain,xGBuildup,season
7709,John Fleck,30,2513,5,3.248101287521422,2,3.429328804835677,31,39,8,0,M S,Sheffield United,5,3.248101287521422,10.274550246074796,5.323464645072818,2019
7709,John Fleck,31,2576,0,0.5031575029715896,2,2.3917010659351945,17,33,4,0,M S,Sheffield United,0,0.5031575029715896,6.435383918695152,4.761176783591509,2020
7709,John Fleck,4,82,0,0,0,0.10508622229099274,0,1,1,0,M S,Sheffield United,0,0,0.14322500303387642,0.038138783536851406,2023
