id,player_name,games,time,goals,xG,assists,xA,shots,key_passes,yellow_cards,red_cards,position,team_title,npg,npxG,xGChain,xGBuildup,season
554,Juan Mata,33,2318,9,6.5977520532906055,4,4.968639085069299,33,50,2,0,M S,Manchester United,8,5.836587090045214,14.520843295380473,7.047827729955316,2014
554,Juan Mata,38,2907,6,6.460017409175634,5,5.284316685050726,57,53,4,1,M S,Manchester United,5,5.698849428445101,15.267891149036586,7.583365594036877,2015
554,Juan Mata,25,1641,6,5.665137184783816,3,4.540481245145202,40,45,3,0,F M S,Manchester United,6,5.665137184783816,11.835167105309665,6.035137891769409,2016
554,Juan Mata,28,1942,3,3.809659145772457,5,4.732914689928293,28,51,1,0,F M S,Manchester United,3,3.809659145772457,14.234991842880845,8.803705956786871,2017
554,Juan Mata,22,1306,3,1.5762369083240628,2,3.700430253520608,19,30,3,0,F M S,Manchester United,3,1.5762369083240628,5.144090541638434,2.1955521078780293,2018
554,Juan Mata,19,740,0,1.2170821130275726,2,2.1049311086535454,10,18,1,0,M S,Manchester United,0,1.2170821130275726,4.749439934268594,3.057509958744049,2019
554,Juan Mata,9,518,1,1.0727033168077469,2,0.7225957177579403,5,8,0,0,M S,Manchester United,0,0.3115343004465103,3.0369243174791336,2.1873118095099926,2020
554,Juan Mata,7,225,0,0.33627689629793167,0,0.3422580063343048,5,2,0,0,M S,Manchester United,0,0.33627689629793167,1.4323438256978989,1.0960665792226791,2021
