id,player_name,games,time,goals,xG,assists,xA,shots,key_passes,yellow_cards,red_cards,position,team_title,npg,npxG,xGChain,xGBuildup,season
10856,Emmanuel Agbadou,3,270,0,0.014090562239289284,0,0,1,0,1,0,D,Wolverhampton Wanderers,0,0.014090562239289284,0.8205191642045975,0.806428600102663,2024
10856,Emmanuel Agbadou,3,270,0,0.014090562239289284,0,0,1,0,1,0,D,Wolverhampton Wanderers,0,0.014090562239289284,0.8205191642045975,0.806428600102663,2025
