id,player_name,games,time,goals,xG,assists,xA,shots,key_passes,yellow_cards,red_cards,position,team_title,npg,npxG,xGChain,xGBuildup,season
1014,Tyler Roberts,1,15,0,0.15334799885749817,0,0,1,0,1,0,S,West Bromwich Albion,0,0.15334799885749817,0,0,2015
1014,Tyler Roberts,27,1334,1,1.8854893743991852,2,2.5291487146168947,26,15,3,0,F M S,Leeds,1,1.8854893743991852,7.462028859183192,3.5038947202265263,2020
1014,Tyler Roberts,23,938,1,2.4348462857306004,1,1.4724867288023233,30,15,5,0,F M S,Leeds,1,2.4348462857306004,4.4983255211263895,0.8000427074730396,2021
