id,player_name,games,time,goals,xG,assists,xA,shots,key_passes,yellow_cards,red_cards,position,team_title,npg,npxG,xGChain,xGBuildup,season
641,Danny Rose,28,2386,3,1.670324276201427,4,2.9121244214475155,24,27,7,0,D S,Tottenham,3,1.670324276201427,10.744258679449558,7.36357007175684,2014
641,Danny Rose,24,2139,1,1.2215758142992854,3,3.2962171770632267,26,24,7,0,D M,Tottenham,1,1.2215758142992854,10.382976911962032,7.078364692628384,2015
641,Danny Rose,18,1538,2,0.8990533081814647,2,1.3458631113171577,23,26,8,0,D M,Tottenham,2,0.8990533081814647,4.799434492364526,3.438614198938012,2016
641,Danny Rose,10,805,0,0.6538727879524231,1,0.5492810942232609,7,10,4,0,D S,Tottenham,0,0.6538727879524231,3.6948735006153584,2.701280763372779,2017
641,Danny Rose,26,1798,0,0.7975114062428474,3,2.591335780918598,15,26,5,0,D M S,Tottenham,0,0.7975114062428474,4.890634208917618,3.090377490967512,2018
641,Danny Rose,23,1766,0,0.08819849602878094,0,0.8805743986740708,2,14,7,0,D S,"Newcastle United,Tottenham",0,0.08819849602878094,2.9938928801566362,2.6848952872678638,2019
641,Danny Rose,8,692,0,0.15660639759153128,0,0.6318488968536258,4,5,4,0,D S,Watford,0,0.15660639759153128,1.5510057527571917,0.8791757542639971,2021
