id,player_name,games,time,goals,xG,assists,xA,shots,key_passes,yellow_cards,red_cards,position,team_title,npg,npxG,xGChain,xGBuildup,season
6030,Zanka,38,3420,0,2.267965890467167,2,0.8845456931740046,13,9,6,0,D,Huddersfield,0,2.267965890467167,5.24671055842191,4.0332754431292415,2017
6030,Zanka,24,2151,3,1.4841625727713108,1,0.3927206974476576,8,8,6,0,D,Huddersfield,3,1.4841625727713108,2.3412664849311113,1.4670754009857774,2018
6030,Zanka,8,514,1,0.14217300713062286,0,0.07679279893636703,2,2,2,0,D S,Brentford,1,0.14217300713062286,1.8502167314291,1.8271526284515858,2021
6030,Zanka,18,1082,0,0.4019469805061817,0,0.23938238620758057,5,3,2,0,D S,Brentford,0,0.4019469805061817,2.812157953158021,2.583403604105115,2022
6030,Zanka,14,1082,1,0.6000314559787512,0,0.9500103443861008,8,6,4,0,D S,Brentford,1,0.6000314559787512,4.571010607294738,3.7045516846701503,2023
