id,player_name,games,time,goals,xG,assists,xA,shots,key_passes,yellow_cards,red_cards,position,team_title,npg,npxG,xGChain,xGBuildup,season
7235,Jason Steele,1,90,0,0,0,0,0,0,0,0,GK,Brighton,0,0,0,0,2021
7235,Jason Steele,15,1350,0,0,1,0.18881599605083466,0,1,1,0,GK,Brighton,0,0,2.5362304002046585,2.347414404153824,2022
7235,Jason Steele,17,1530,0,0,0,0,0,0,0,0,GK,Brighton,0,0,3.745168898254633,3.745168898254633,2023
7235,Jason Steele,2,180,0,0,0,0,0,0,0,0,GK,Brighton,0,0,0.4078828990459442,0.4078828990459442,2024
7235,Jason Steele,2,180,0,0,0,0,0,0,0,0,GK,Brighton,0,0,0.4078828990459442,0.4078828990459442,2025
