id,player_name,games,time,goals,xG,assists,xA,shots,key_passes,yellow_cards,red_cards,position,team_title,npg,npxG,xGChain,xGBuildup,season
629,Wayne Rooney,33,2887,12,8.902098581194878,5,3.983559735119343,79,45,5,1,F M,Manchester United,11,7.3797623217105865,15.43574684113264,7.295702296309173,2014
629,Wayne Rooney,28,2411,8,7.3170866798609495,6,4.480131337419152,72,43,4,0,F M S,Manchester United,7,6.555921657010913,13.664942907169461,5.081391530111432,2015
629,Wayne Rooney,25,1538,5,7.070011952891946,5,3.005505710840225,52,36,8,0,F M S,Manchester United,4,6.308840909972787,11.363079971633852,3.486512088216841,2016
629,Wayne Rooney,31,2301,10,8.90544430166483,2,2.2813411355018616,45,34,5,0,F M S,Everton,7,4.338429160416126,8.366080533713102,4.465430139563978,2017
