id,player_name,games,time,goals,xG,assists,xA,shots,key_passes,yellow_cards,red_cards,position,team_title,npg,npxG,xGChain,xGBuildup,season
733,Jack Rodwell,23,1483,3,2.4820248344913125,0,0.2751686032861471,30,4,5,0,M S,Sunderland,3,2.4820248344913125,5.963925310410559,4.823790275491774,2014
733,Jack Rodwell,22,1137,1,2.4888862976804376,0,0.8463182114064693,25,14,5,0,M S,Sunderland,1,2.4888862976804376,4.394257375970483,1.3864283822476864,2015
733,Jack Rodwell,20,1497,0,1.153120094910264,1,0.7307150065898895,19,8,4,0,M S,Sunderland,0,1.153120094910264,2.176552390679717,0.7228651065379381,2016
733,Jack Rodwell,1,13,0,0,0,0,0,0,0,0,S,Sheffield United,0,0,0,0,2019
