id,player_name,games,time,goals,xG,assists,xA,shots,key_passes,yellow_cards,red_cards,position,team_title,npg,npxG,xGChain,xGBuildup,season
557,Matteo Darmian,28,1937,1,0.1750630959868431,0,1.8790501449257135,6,12,8,0,D M S,Manchester United,1,0.1750630959868431,4.96573755890131,3.754207780584693,2015
557,Matteo Darmian,18,1333,0,0.09148739650845528,0,0.4010920077562332,2,2,3,0,D S,Manchester United,0,0.09148739650845528,5.309797024354339,4.91001901589334,2016
557,Matteo Darmian,8,442,0,0.02880069985985756,0,0.02125380001962185,2,1,0,0,D S,Manchester United,0,0.02880069985985756,0.5322577878832817,0.5322577878832817,2017
557,Matteo Darmian,6,447,0,0.028308799490332603,0,0.050413601100444794,1,2,0,0,D M S,Manchester United,0,0.028308799490332603,0.5790707990527153,0.5339906997978687,2018
