id,player_name,games,time,goals,xG,assists,xA,shots,key_passes,yellow_cards,red_cards,position,team_title,npg,npxG,xGChain,xGBuildup,season
8075,Brandon Williams,17,1005,1,0.9978841207921505,0,0.6670696008950472,6,13,6,0,D M S,Manchester United,1,0.9978841207921505,5.710483204573393,4.3485531862825155,2019
8075,Brandon Williams,4,185,0,0.26944899559020996,0,0.031206099316477776,1,1,0,0,D S,Manchester United,0,0.26944899559020996,1.078246084973216,0.8087981026619673,2020
8075,Brandon Williams,26,2120,0,0.15530789736658335,1,1.9216502672061324,4,21,8,0,D S,Norwich,0,0.15530789736658335,4.284037738107145,3.1663006637245417,2021
