id,player_name,games,time,goals,xG,assists,xA,shots,key_passes,yellow_cards,red_cards,position,team_title,npg,npxG,xGChain,xGBuildup,season
7083,Christian Nørgaard,35,3068,3,4.969032805413008,4,4.0477693835273385,27,29,8,0,M,Brentford,3,4.969032805413008,13.346250873059034,7.89542396273464,2021
7083,Christian Nørgaard,22,1794,1,1.347744394093752,3,3.110040994361043,19,12,6,0,M S,Brentford,1,1.347744394093752,5.920882418751717,5.308457598090172,2022
7083,Christian Nørgaard,31,2556,2,3.1722932122647762,1,2.970704079605639,36,24,8,0,M S,Brentford,2,3.1722932122647762,9.006961837410927,6.332392172887921,2023
7083,Christian Nørgaard,20,1654,2,2.6710861083120108,2,0.725626589730382,20,10,4,1,M,Brentford,2,2.6710861083120108,7.442145274952054,5.957263555377722,2024
7083,Christian Nørgaard,20,1654,2,2.6710861083120108,2,0.725626589730382,20,10,4,1,M,Brentford,2,2.6710861083120108,7.442145274952054,5.957263555377722,2025
