id,player_name,games,time,goals,xG,assists,xA,shots,key_passes,yellow_cards,red_cards,position,team_title,npg,npxG,xGChain,xGBuildup,season
9788,Dominik Szoboszlai,33,2135,3,3.519060474820435,2,5.657645266503096,60,55,1,0,M S,Liverpool,3,3.519060474820435,21.230980657041073,15.891304083168507,2023
9788,Dominik Szoboszlai,20,1376,3,4.903925457969308,2,3.2823716793209314,41,30,6,0,M S,Liverpool,3,4.903925457969308,17.106863260269165,10.340009953826666,2024
9788,Dominik Szoboszlai,20,1376,3,4.903925457969308,2,3.2823716793209314,41,30,6,0,M S,Liverpool,3,4.903925457969308,17.106863260269165,10.340009953826666,2025
