id,player_name,games,time,goals,xG,assists,xA,shots,key_passes,yellow_cards,red_cards,position,team_title,npg,npxG,xGChain,xGBuildup,season
8226,Tariq Lamptey,9,624,0,0.07120069861412048,1,1.1490469872951508,2,7,2,0,D M S,"Brighton,Chelsea",0,0.07120069861412048,1.1776024103164673,0.5959804151207209,2019
8226,Tariq Lamptey,11,904,1,0.7030035890638828,1,0.8089802078902721,6,10,2,1,D M,Brighton,1,0.7030035890638828,4.56888796761632,3.6915879994630814,2020
8226,Tariq Lamptey,30,1543,0,0.9944676943123341,2,2.8592303851619363,19,21,4,0,D F M S,Brighton,0,0.9944676943123341,5.926399769261479,3.0341785084456205,2021
8226,Tariq Lamptey,20,414,0,0.20849550142884254,0,0.19618329592049122,5,4,1,0,D S,Brighton,0,0.20849550142884254,2.6817909218370914,2.4700611047446728,2022
8226,Tariq Lamptey,19,923,0,0.570682673715055,3,1.210934355854988,6,10,3,0,D M S,Brighton,0,0.570682673715055,2.8591504972428083,1.6079945554956794,2023
8226,Tariq Lamptey,9,431,2,0.22635283507406712,2,0.5370724238455296,4,4,0,0,D S,Brighton,2,0.22635283507406712,1.3031600043177605,0.9631119705736637,2024
8226,Tariq Lamptey,9,431,2,0.22635283507406712,2,0.5370724238455296,4,4,0,0,D S,Brighton,2,0.22635283507406712,1.3031600043177605,0.9631119705736637,2025
