id,player_name,games,time,goals,xG,assists,xA,shots,key_passes,yellow_cards,red_cards,position,team_title,npg,npxG,xGChain,xGBuildup,season
8252,Nicolás Domínguez,26,1543,2,1.7021510526537895,2,0.9089695196598768,22,10,4,0,M S,Nottingham Forest,2,1.7021510526537895,6.102301966398954,3.8425266593694687,2023
8252,Nicolás Domínguez,20,1098,0,1.5973225627094507,0,0.8567059803754091,13,5,6,0,M S,Nottingham Forest,0,1.5973225627094507,2.747139248996973,2.098825824446976,2024
8252,Nicolás Domínguez,20,1098,0,1.5973225627094507,0,0.8567059803754091,13,5,6,0,M S,Nottingham Forest,0,1.5973225627094507,2.747139248996973,2.098825824446976,2025
