id,player_name,games,time,goals,xG,assists,xA,shots,key_passes,yellow_cards,red_cards,position,team_title,npg,npxG,xGChain,xGBuildup,season
583,Adlène Guédioura,7,111,0,0.35966080240905285,0,0.21664999425411224,5,1,1,0,S,Crystal Palace,0,0.35966080240905285,1.2446489930152893,0.727945514023304,2014
583,Adlène Guédioura,18,407,0,0.3290424859151244,2,0.7133982982486486,13,10,2,0,M S,Watford,0,0.3290424859151244,1.928793104365468,1.5925066713243723,2015
583,Adlène Guédioura,17,854,0,0.49918230064213276,1,0.6587621942162514,19,8,2,0,M S,"Middlesbrough,Watford",0,0.49918230064213276,2.038956915959716,1.620793890208006,2016
