id,player_name,games,time,goals,xG,assists,xA,shots,key_passes,yellow_cards,red_cards,position,team_title,npg,npxG,xGChain,xGBuildup,season
5247,Naby Keita,25,1407,2,2.545635223388672,1,1.069607688114047,27,9,0,0,M S,Liverpool,2,2.545635223388672,12.775824151933193,9.896367259323597,2018
5247,Naby Keita,18,812,2,1.7233739290386438,3,3.2155399341136217,12,15,1,0,M S,Liverpool,2,1.7233739290386438,9.588450014591217,5.729770809412003,2019
5247,Naby Keita,10,525,0,0.39325909689068794,0,0.9129509832710028,9,6,1,0,M S,Liverpool,0,0.39325909689068794,3.5902223363518715,2.329714320600033,2020
5247,Naby Keita,23,1181,3,2.1447856165468693,1,1.812413688749075,26,15,3,0,M S,Liverpool,3,2.1447856165468693,7.787591747939587,5.404158726334572,2021
5247,Naby Keita,8,290,0,0.43185498751699924,0,0.7309129983186722,10,8,1,0,M S,Liverpool,0,0.43185498751699924,1.4848380237817764,0.37378280609846115,2022
