id,player_name,games,time,goals,xG,assists,xA,shots,key_passes,yellow_cards,red_cards,position,team_title,npg,npxG,xGChain,xGBuildup,season
9685,Mads Roerslev,21,1240,1,0.2831443063914776,1,0.9667048780247569,5,7,1,0,D S,Brentford,1,0.2831443063914776,1.3581679975613952,0.4798683002591133,2021
9685,Mads Roerslev,20,1089,0,0.3934907913208008,0,1.8459260575473309,3,8,0,0,D S,Brentford,0,0.3934907913208008,2.639313882216811,1.452640237286687,2022
9685,Mads Roerslev,34,2009,1,1.1281067915260792,2,2.064798539504409,7,15,1,0,D S,Brentford,1,1.1281067915260792,6.286723421886563,4.37823604606092,2023
9685,Mads Roerslev,19,1079,0,0.22195007745176554,2,2.790492530912161,5,14,2,0,D S,Brentford,0,0.22195007745176554,5.177352083846927,2.4616973884403706,2024
9685,Mads Roerslev,19,1079,0,0.22195007745176554,2,2.790492530912161,5,14,2,0,D S,Brentford,0,0.22195007745176554,5.177352083846927,2.4616973884403706,2025
