id,player_name,games,time,goals,xG,assists,xA,shots,key_passes,yellow_cards,red_cards,position,team_title,npg,npxG,xGChain,xGBuildup,season
890,Gabriel Agbonlahor,34,2698,6,5.630619999021292,1,1.5529492190107703,53,16,7,1,F S,Aston Villa,6,5.630619999021292,8.039166074246168,1.6565285744145513,2014
890,Gabriel Agbonlahor,15,1051,1,1.2428807243704796,2,1.4772773999720812,10,13,0,0,F M S,Aston Villa,1,1.2428807243704796,2.8307675942778587,0.2617865987122059,2015
