id,player_name,games,time,goals,xG,assists,xA,shots,key_passes,yellow_cards,red_cards,position,team_title,npg,npxG,xGChain,xGBuildup,season
6063,Jacob Murphy,25,1147,1,1.6504778694361448,1,1.390768381766975,23,10,0,0,M S,Newcastle United,1,1.6504778694361448,4.082326270639896,1.0817434191703796,2017
6063,Jacob Murphy,9,293,0,0.03307679947465658,1,0.6086339950561523,2,1,0,0,M S,Newcastle United,0,0.03307679947465658,0.6417107945308089,0,2018
6063,Jacob Murphy,26,1611,2,1.490953603759408,3,3.4334884993731976,30,19,3,0,D M S,Newcastle United,2,1.490953603759408,8.043610220775008,4.102311899885535,2020
6063,Jacob Murphy,33,1418,1,2.588163224980235,2,2.386162133421749,27,20,4,0,D F M S,Newcastle United,1,2.588163224980235,6.965943414252251,2.7634960813447833,2021
6063,Jacob Murphy,36,1215,4,3.6970865204930305,2,2.6827865578234196,29,20,0,0,F S,Newcastle United,4,3.6970865204930305,10.11375443264842,4.066189099103212,2022
6063,Jacob Murphy,21,1216,3,2.8978680092841387,7,5.225788880139589,30,31,1,0,D F M S,Newcastle United,3,2.8978680092841387,11.551701165735722,4.93473332002759,2023
6063,Jacob Murphy,20,1291,3,2.880346978083253,7,5.67724621668458,27,26,2,0,F S,Newcastle United,3,2.880346978083253,10.148650091141462,3.1487774774432182,2024
6063,Jacob Murphy,20,1291,3,2.880346978083253,7,5.67724621668458,27,26,2,0,F S,Newcastle United,3,2.880346978083253,10.148650091141462,3.1487774774432182,2025
