id,player_name,games,time,goals,xG,assists,xA,shots,key_passes,yellow_cards,red_cards,position,team_title,npg,npxG,xGChain,xGBuildup,season
697,Nemanja Matic,36,3124,1,2.7987089725211263,3,2.3804205218330026,29,24,10,1,M S,Chelsea,1,2.7987089725211263,14.202532468363643,12.930089427158237,2014
697,Nemanja Matic,33,2426,2,2.506363909691572,2,2.058973101899028,34,19,4,1,M S,Chelsea,2,2.506363909691572,11.280712064355612,9.022077601402998,2015
697,Nemanja Matic,35,2699,1,1.1329743070527911,7,3.0576382223516703,20,26,4,0,M S,Chelsea,1,1.1329743070527911,10.869502376765013,9.141998574137688,2016
697,Nemanja Matic,36,3121,1,0.45169209502637386,1,1.3941086092963815,18,23,6,0,M S,Manchester United,1,0.45169209502637386,14.989488236606121,13.946672044694424,2017
697,Nemanja Matic,28,2450,1,1.7107221204787493,0,0.5648093018680811,12,13,6,1,D M,Manchester United,1,1.7107221204787493,11.787703746929765,11.243930291384459,2018
697,Nemanja Matic,21,1586,0,0.2343032006174326,2,0.8946513924747705,7,15,2,0,M S,Manchester United,0,0.2343032006174326,9.277425471693277,8.349473882466555,2019
697,Nemanja Matic,20,1099,0,0.16478569619357586,0,0.8938351850956678,6,8,2,0,M S,Manchester United,0,0.16478569619357586,6.13336412422359,5.510588930919766,2020
697,Nemanja Matic,23,1386,0,0.2044106014072895,4,1.854646393097937,6,13,3,0,M S,Manchester United,0,0.2044106014072895,7.176157760433853,5.4845741568133235,2021
