id,player_name,games,time,goals,xG,assists,xA,shots,key_passes,yellow_cards,red_cards,position,team_title,npg,npxG,xGChain,xGBuildup,season
713,André Ayew,34,2967,12,8.46296308748424,2,2.337733743712306,67,23,5,0,F M,Swansea,12,8.46296308748424,12.215979408472776,3.8303366722539067,2015
713,André Ayew,25,1432,6,7.654208952561021,3,2.3669463582336903,33,15,1,0,F M S,West Ham,6,7.654208952561021,9.077346838079393,1.3524769023060799,2016
713,André Ayew,30,1859,3,4.747824262827635,4,1.506501194089651,26,16,5,0,F M S,"Swansea,West Ham",3,3.986653219908476,5.011984199285507,1.8361063972115517,2017
713,André Ayew,13,286,0,0.9884005077183247,0,0.03319670632481575,4,1,1,0,F S,Nottingham Forest,0,0.2272314913570881,1.1744301989674568,0.914002001285553,2022
