id,player_name,games,time,goals,xG,assists,xA,shots,key_passes,yellow_cards,red_cards,position,team_title,npg,npxG,xGChain,xGBuildup,season
1084,Jonjoe Kenny,1,62,0,0.09364970028400421,0,0,1,0,0,0,S,Everton,0,0.09364970028400421,0.09364970028400421,0,2015
1084,Jonjoe Kenny,1,11,0,0,0,0,0,0,0,0,S,Everton,0,0,0,0,2016
1084,Jonjoe Kenny,19,1585,0,0.17796930111944675,1,1.7238540276885033,3,10,2,0,D M S,Everton,0,0.17796930111944675,3.273370096459985,2.2353800032287836,2017
1084,Jonjoe Kenny,10,791,0,0.08505230210721493,1,0.8401083759963512,3,6,1,0,D S,Everton,0,0.08505230210721493,2.8414307720959187,1.963769007474184,2018
1084,Jonjoe Kenny,4,81,0,0,0,0,0,0,0,0,D S,Everton,0,0,0.24064500629901886,0.24064500629901886,2020
1084,Jonjoe Kenny,15,1014,0,0.162637104280293,1,0.575873407535255,5,11,1,1,D S,Everton,0,0.162637104280293,1.737845478579402,1.1255668858066201,2021
