id,player_name,games,time,goals,xG,assists,xA,shots,key_passes,yellow_cards,red_cards,position,team_title,npg,npxG,xGChain,xGBuildup,season
681,César Azpilicueta,29,2483,0,0.25261920783668756,3,1.3073479924350977,7,17,1,1,D,Chelsea,0,0.25261920783668756,10.020225482061505,9.230914175510406,2014
681,César Azpilicueta,37,3208,2,1.2036286052316427,3,2.2325296327471733,10,21,7,0,D S,Chelsea,2,1.2036286052316427,12.767125852406025,11.378263026475906,2015
681,César Azpilicueta,38,3420,1,0.6433532983064651,4,1.6755605190992355,18,22,4,0,D M,Chelsea,1,0.6433532983064651,12.989188741892576,11.40963128209114,2016
681,César Azpilicueta,37,3330,2,1.3824910335242748,6,4.652556613087654,13,32,1,0,D,Chelsea,2,1.3824910335242748,15.965329609811306,12.362426977604628,2017
681,César Azpilicueta,38,3405,1,1.2596381735056639,5,2.4235086012631655,17,27,4,0,D,Chelsea,1,1.2596381735056639,14.24892766866833,11.969819367863238,2018
681,César Azpilicueta,36,3234,2,2.5943447202444077,6,6.03390396386385,29,45,1,0,D,Chelsea,2,2.5943447202444077,18.327025048434734,14.643180511891842,2019
681,César Azpilicueta,26,2189,1,0.5030054012313485,2,2.575493517331779,11,27,5,1,D S,Chelsea,1,0.5030054012313485,13.98924983292818,12.338828016072512,2020
681,César Azpilicueta,27,2084,1,1.2615648172795773,2,2.075762717053294,11,17,3,0,D M S,Chelsea,1,1.2615648172795773,12.788144562393427,10.711090104654431,2021
681,César Azpilicueta,25,1511,0,0.3268246091902256,0,1.4374469444155693,9,13,3,0,D M S,Chelsea,0,0.3268246091902256,6.943540018051863,6.189002115279436,2022
