id,player_name,games,time,goals,xG,assists,xA,shots,key_passes,yellow_cards,red_cards,position,team_title,npg,npxG,xGChain,xGBuildup,season
6542,Jürgen Locadia,6,225,1,1.1535476129502058,1,0.10042999684810638,6,1,0,0,F M S,Brighton,1,1.1535476129502058,1.2158244093880057,0.046015700325369835,2017
6542,Jürgen Locadia,26,1229,2,3.3906087055802345,0,0.9557689037173986,28,13,1,0,F M S,Brighton,2,3.3906087055802345,4.707128395326436,1.7955866139382124,2018
6542,Jürgen Locadia,2,84,0,0.399702288210392,0,0,2,0,0,0,F S,Brighton,0,0.399702288210392,0.10170039720833302,0.04361509904265404,2019
6542,Jürgen Locadia,1,20,0,0.05609799921512604,0,0,1,0,0,0,S,Brighton,0,0.05609799921512604,0.05609799921512604,0,2021
