id,player_name,games,time,goals,xG,assists,xA,shots,key_passes,yellow_cards,red_cards,position,team_title,npg,npxG,xGChain,xGBuildup,season
1234,Dennis Praet,27,1124,1,1.2077159825712442,2,1.4928809739649296,16,9,2,0,M S,Leicester,1,1.2077159825712442,6.806879626587033,5.0909496722742915,2019
1234,Dennis Praet,15,730,1,0.43896859884262085,1,1.2158559188246727,8,7,0,0,M S,Leicester,1,0.43896859884262085,2.111918618902564,1.2916930802166462,2020
1234,Dennis Praet,22,609,1,0.9074058122932911,0,0.5022870898246765,5,3,1,0,M S,Leicester,1,0.9074058122932911,2.4376747999340296,1.15929308347404,2022
