id,player_name,games,time,goals,xG,assists,xA,shots,key_passes,yellow_cards,red_cards,position,team_title,npg,npxG,xGChain,xGBuildup,season
8852,Konstantinos Tsimikas,2,4,0,0,0,0,0,0,0,0,S,Liverpool,0,0,0,0,2020
8852,Konstantinos Tsimikas,13,866,0,0.6705739852041006,2,2.1310061253607273,8,25,3,0,D S,Liverpool,0,0.6705739852041006,6.504660248756409,5.575182115659118,2021
8852,Konstantinos Tsimikas,20,754,0,0.6083908993750811,4,1.3976509422063828,7,18,3,0,D S,Liverpool,0,0.6083908993750811,3.3795336531475186,2.681559449993074,2022
8852,Konstantinos Tsimikas,13,667,0,0.09273439832031727,3,1.1678164629265666,3,16,0,0,D S,Liverpool,0,0.09273439832031727,2.015436552464962,1.7746542319655418,2023
8852,Konstantinos Tsimikas,10,323,0,0.10366923734545708,1,1.4566375017166138,2,6,1,0,D S,Liverpool,0,0.10366923734545708,2.4114824440330267,2.292923880741,2024
8852,Konstantinos Tsimikas,10,323,0,0.10366923734545708,1,1.4566375017166138,2,6,1,0,D S,Liverpool,0,0.10366923734545708,2.4114824440330267,2.292923880741,2025
