id,player_name,games,time,goals,xG,assists,xA,shots,key_passes,yellow_cards,red_cards,position,team_title,npg,npxG,xGChain,xGBuildup,season
448,Ivan Perisic,34,2107,1,3.0171149894595146,8,6.623175095766783,29,48,6,0,D F S,Tottenham,1,3.0171149894595146,9.894330563023686,6.034054983407259,2022
448,Ivan Perisic,5,71,0,0.13002459704875946,1,1.1601292341947556,2,5,2,0,S,Tottenham,0,0.13002459704875946,1.8040422052145004,0.9906977340579033,2023
