id,player_name,games,time,goals,xG,assists,xA,shots,key_passes,yellow_cards,red_cards,position,team_title,npg,npxG,xGChain,xGBuildup,season
488,Philippe Coutinho,35,2810,5,4.376542285084724,5,5.527066104114056,103,59,3,0,F M S,Liverpool,5,4.376542285084724,13.680520413443446,7.004487870261073,2014
488,Philippe Coutinho,26,2019,8,6.49630680680275,5,5.286333870142698,111,50,2,1,F M S,Liverpool,8,6.49630680680275,16.146171182394028,6.785510125569999,2015
488,Philippe Coutinho,31,2265,13,8.867860339581966,7,6.25872659496963,106,65,2,0,F M S,Liverpool,13,8.867860339581966,18.205975122749805,8.191240821033716,2016
488,Philippe Coutinho,14,1132,7,3.6399386562407017,6,4.951584819704294,54,40,0,0,F M S,Liverpool,7,3.6399386562407017,9.052260179072618,3.7090045418590307,2017
488,Philippe Coutinho,19,1364,5,3.366971990093589,3,2.9328471841290593,43,25,0,0,F M S,Aston Villa,5,3.366971990093589,8.868810299783945,4.497148868627846,2021
488,Philippe Coutinho,20,750,1,1.3861289341002703,0,0.3858625032007694,21,8,3,0,F M S,Aston Villa,1,1.3861289341002703,2.819877240806818,1.439754718914628,2022
488,Philippe Coutinho,2,18,0,0.14225715398788452,0,0,3,0,0,0,S,Aston Villa,0,0.14225715398788452,0.14225715398788452,0.011847329325973988,2023
