id,player_name,games,time,goals,xG,assists,xA,shots,key_passes,yellow_cards,red_cards,position,team_title,npg,npxG,xGChain,xGBuildup,season
6027,Jairo Riedewald,12,421,0,0.03804229944944382,0,0,1,0,0,0,D M S,Crystal Palace,0,0.03804229944944382,0.6053657922893763,0.5673234909772873,2017
6027,Jairo Riedewald,17,747,0,0.04698860086500645,0,0.21089760214090347,3,2,0,0,D M S,Crystal Palace,0,0.04698860086500645,1.3252625055611134,1.1932365037500858,2019
6027,Jairo Riedewald,33,1803,2,0.5630807876586914,0,0.8973621036857367,8,11,4,0,M S,Crystal Palace,2,0.5630807876586914,3.511385193094611,2.3339512944221497,2020
6027,Jairo Riedewald,3,112,0,0,0,0.05362439900636673,0,2,0,0,M S,Crystal Palace,0,0,0.7066323831677437,0.6811745837330818,2021
6027,Jairo Riedewald,6,50,0,0.053897131234407425,0,0,1,0,0,0,S,Crystal Palace,0,0.053897131234407425,0.05494070053100586,0.05494070053100586,2022
6027,Jairo Riedewald,9,219,0,0.05936440825462341,0,0,1,0,0,0,M S,Crystal Palace,0,0.05936440825462341,1.6596563309431076,1.6002919226884842,2023
