id,player_name,games,time,goals,xG,assists,xA,shots,key_passes,yellow_cards,red_cards,position,team_title,npg,npxG,xGChain,xGBuildup,season
9790,Josko Gvardiol,28,2335,4,3.0817854246124625,1,2.115578116849065,32,19,3,0,D S,Manchester City,4,3.0817854246124625,18.244669392704964,14.99465874582529,2023
9790,Josko Gvardiol,22,1929,5,4.046327996999025,0,1.5269286576658487,33,18,1,0,D S,Manchester City,5,4.046327996999025,16.549897588789463,12.67542227357626,2024
9790,Josko Gvardiol,22,1929,5,4.046327996999025,0,1.5269286576658487,33,18,1,0,D S,Manchester City,5,4.046327996999025,16.549897588789463,12.67542227357626,2025
