id,player_name,games,time,goals,xG,assists,xA,shots,key_passes,yellow_cards,red_cards,position,team_title,npg,npxG,xGChain,xGBuildup,season
6054,Ederson,36,3195,0,0,0,0.03262510150671005,0,1,0,0,GK,Manchester City,0,0,8.560575477778912,8.52795047312975,2017
6054,Ederson,38,3420,0,0,1,0.07219650037586689,0,3,2,0,GK,Manchester City,0,0,7.599133571609855,7.549606351181865,2018
6054,Ederson,35,3071,0,0,0,0.07479359954595566,0,1,3,1,GK,Manchester City,0,0,8.338198896497488,8.26340490207076,2019
6054,Ederson,36,3240,0,0,1,0.3033579885959625,0,1,3,0,GK,Manchester City,0,0,7.629849426448345,7.326491840183735,2020
6054,Ederson,37,3330,0,0,0,0,0,0,3,0,GK,Manchester City,0,0,9.95296686142683,9.95296686142683,2021
6054,Ederson,35,3150,0,0,1,0.28556498885154724,0,1,3,0,GK,Manchester City,0,0,10.671811463311315,10.671811463311315,2022
6054,Ederson,33,2794,0,0,0,0,0,0,5,0,GK,Manchester City,0,0,8.03402054309845,8.03402054309845,2023
6054,Ederson,15,1350,0,0,2,0.4601382464170456,0,2,3,0,GK,Manchester City,0,0,3.653887363150716,3.3949725050479174,2024
6054,Ederson,15,1350,0,0,2,0.4601382464170456,0,2,3,0,GK,Manchester City,0,0,3.653887363150716,3.3949725050479174,2025
