id,player_name,games,time,goals,xG,assists,xA,shots,key_passes,yellow_cards,red_cards,position,team_title,npg,npxG,xGChain,xGBuildup,season
2958,Oleksandr Zinchenko,8,534,0,0.09079299680888653,0,0.35242010094225407,5,8,1,0,D S,Manchester City,0,0.09079299680888653,3.20258629322052,3.0983963422477245,2017
2958,Oleksandr Zinchenko,14,1153,0,0.20922029856592417,3,1.717051662504673,7,12,1,0,D M,Manchester City,0,0.20922029856592417,9.430881664156914,8.520946681499481,2018
2958,Oleksandr Zinchenko,19,1265,0,0.4770019007846713,0,2.0930051282048225,16,20,0,1,D S,Manchester City,0,0.4770019007846713,10.344594731926918,9.809204554185271,2019
2958,Oleksandr Zinchenko,20,1473,0,0.6606589006260037,0,1.0854992978274822,16,15,0,0,D M S,Manchester City,0,0.6606589006260037,9.494372241199017,8.718505561351776,2020
2958,Oleksandr Zinchenko,15,1026,0,0.48749519884586334,4,2.3100200556218624,12,16,0,0,D S,Manchester City,0,0.48749519884586334,12.096755243837833,9.831302337348461,2021
2958,Oleksandr Zinchenko,27,2179,1,1.1754031758755445,2,1.9584036134183407,27,19,3,0,D S,Arsenal,1,1.1754031758755445,16.560254206880927,14.842034140601754,2022
2958,Oleksandr Zinchenko,27,1742,1,0.5664580916054547,2,3.02644526027143,17,29,2,0,D S,Arsenal,1,0.5664580916054547,9.755152989178896,8.132995340973139,2023
2958,Oleksandr Zinchenko,8,221,0,0.0573156476020813,0,0.03717115521430969,1,1,1,0,D S,Arsenal,0,0.0573156476020813,1.3897054232656956,1.3897054232656956,2024
2958,Oleksandr Zinchenko,8,221,0,0.0573156476020813,0,0.03717115521430969,1,1,1,0,D S,Arsenal,0,0.0573156476020813,1.3897054232656956,1.3897054232656956,2025
