id,player_name,games,time,goals,xG,assists,xA,shots,key_passes,yellow_cards,red_cards,position,team_title,npg,npxG,xGChain,xGBuildup,season
4476,Callum Robinson,16,674,1,1.5612489879131317,1,0.6526461057364941,12,4,1,0,F S,Sheffield United,1,1.5612489879131317,2.835602728649974,0.7018378023058176,2019
4476,Callum Robinson,28,1580,5,3.2030633613467216,0,1.0499622896313667,31,16,0,0,F M S,West Bromwich Albion,5,3.2030633613467216,5.216542601585388,1.5963358916342258,2020
