id,player_name,games,time,goals,xG,assists,xA,shots,key_passes,yellow_cards,red_cards,position,team_title,npg,npxG,xGChain,xGBuildup,season
7047,Mark Flekken,37,3293,0,0,1,0.29118523746728897,0,3,3,0,GK,Brentford,0,0,4.7133525144308805,4.524704350158572,2023
7047,Mark Flekken,23,2015,0,0,1,0.32480117678642273,0,1,1,0,GK,Brentford,0,0,4.577818450517952,4.577818450517952,2024
7047,Mark Flekken,23,2015,0,0,1,0.32480117678642273,0,1,1,0,GK,Brentford,0,0,4.577818450517952,4.577818450517952,2025
