id,player_name,games,time,goals,xG,assists,xA,shots,key_passes,yellow_cards,red_cards,position,team_title,npg,npxG,xGChain,xGBuildup,season
9461,Jesurun Rak-Sakyi,2,80,0,0,0,0,0,0,0,0,M S,Crystal Palace,0,0,0.03642880171537399,0.03642880171537399,2021
9461,Jesurun Rak-Sakyi,6,124,0,0.35584220476448536,0,0.07684876397252083,5,2,0,0,S,Crystal Palace,0,0.35584220476448536,1.1574715673923492,0.7433868646621704,2023
