id,player_name,games,time,goals,xG,assists,xA,shots,key_passes,yellow_cards,red_cards,position,team_title,npg,npxG,xGChain,xGBuildup,season
10757,Scott McKenna,20,1568,0,0.072630500420928,0,0.8567974828183651,2,8,4,0,D S,Nottingham Forest,0,0.072630500420928,3.309428296983242,2.500349510461092,2022
10757,Scott McKenna,5,420,0,0.17008375376462936,0,0.19044238328933716,2,3,0,0,D,Nottingham Forest,0,0.17008375376462936,0.285503588616848,0.18080484867095947,2023
