id,player_name,games,time,goals,xG,assists,xA,shots,key_passes,yellow_cards,red_cards,position,team_title,npg,npxG,xGChain,xGBuildup,season
9914,Shandon Baptiste,22,909,1,0.5783805977553129,0,0.5454354956746101,12,9,0,1,M S,Brentford,1,0.5783805977553129,2.3360376888886094,1.4911788003519177,2021
9914,Shandon Baptiste,23,568,0,0.18456923961639404,1,1.0790189672261477,4,10,1,1,M S,Brentford,0,0.18456923961639404,1.5274408347904682,0.8893836699426174,2022
9914,Shandon Baptiste,10,203,1,0.8607992753386497,1,0.4303002767264843,2,4,1,0,M S,Brentford,1,0.8607992753386497,1.3308127243071795,0.26521478593349457,2023
