id,player_name,games,time,goals,xG,assists,xA,shots,key_passes,yellow_cards,red_cards,position,team_title,npg,npxG,xGChain,xGBuildup,season
1789,Lewis Cook,6,432,0,0.10003440082073212,2,0.4739302061498165,5,6,1,0,M S,Bournemouth,0,0.10003440082073212,2.2568760849535465,1.7665081061422825,2016
1789,Lewis Cook,29,2243,0,0.3666650988161564,2,1.453375750221312,18,28,5,0,M S,Bournemouth,0,0.3666650988161564,5.817661484703422,4.649041110649705,2017
1789,Lewis Cook,13,718,0,0.1338292034342885,0,0.05611180141568184,4,2,2,0,M S,Bournemouth,0,0.1338292034342885,2.290188994258642,2.1541220135986805,2018
1789,Lewis Cook,27,1331,0,0.24775349907577038,0,0.5486510917544365,9,11,5,0,M S,Bournemouth,0,0.24775349907577038,3.170846275985241,2.7135865036398172,2019
1789,Lewis Cook,28,1694,0,0.183636961504817,2,2.3000271562486887,6,23,4,0,M S,Bournemouth,0,0.183636961504817,4.647211663424969,3.693267986178398,2022
1789,Lewis Cook,33,2799,0,0.4126169476658106,3,3.6777359638363123,12,46,5,1,D M S,Bournemouth,0,0.4126169476658106,11.350567385554314,8.91490264236927,2023
1789,Lewis Cook,22,1855,1,0.8199572339653969,3,3.503191820345819,10,37,5,0,D M S,Bournemouth,1,0.8199572339653969,9.236137628555298,7.605812959372997,2024
1789,Lewis Cook,22,1855,1,0.8199572339653969,3,3.503191820345819,10,37,5,0,D M S,Bournemouth,1,0.8199572339653969,9.236137628555298,7.605812959372997,2025
