id,player_name,games,time,goals,xG,assists,xA,shots,key_passes,yellow_cards,red_cards,position,team_title,npg,npxG,xGChain,xGBuildup,season
6841,Ken Sema,17,772,1,0.8676496986299753,2,0.7736622020602226,12,8,1,0,M S,Watford,1,0.8676496986299753,3.237185060977936,1.6372313220053911,2018
6841,Ken Sema,18,835,0,0.14888180047273636,0,1.5890225917100906,3,12,1,0,F M S,Watford,0,0.14888180047273636,1.7515804246068,1.4122577235102654,2021
