id,player_name,games,time,goals,xG,assists,xA,shots,key_passes,yellow_cards,red_cards,position,team_title,npg,npxG,xGChain,xGBuildup,season
13222,Thiago,4,119,0,0.08866850286722183,0,0.11445537582039833,1,2,0,0,F S,Brentford,0,0.08866850286722183,0.6471151188015938,0.4439912438392639,2024
13222,Thiago,4,119,0,0.08866850286722183,0,0.11445537582039833,1,2,0,0,F S,Brentford,0,0.08866850286722183,0.6471151188015938,0.4439912438392639,2025
