id,player_name,games,time,goals,xG,assists,xA,shots,key_passes,yellow_cards,red_cards,position,team_title,npg,npxG,xGChain,xGBuildup,season
939,Mauro Zárate,11,481,2,0.7167854933068156,1,0.4284241870045662,17,7,2,0,M S,"Queens Park Rangers,West Ham",2,0.7167854933068156,1.2175911953672767,0.561116686090827,2014
939,Mauro Zárate,15,796,3,1.550888579338789,0,1.3420005030930042,29,20,1,0,F M S,West Ham,3,1.550888579338789,3.807389497756958,2.485369622707367,2015
939,Mauro Zárate,3,217,0,0.3138998933136463,0,0.08914979919791222,8,4,0,0,F M,Watford,0,0.3138998933136463,0.48842181265354156,0.15795700252056122,2016
