id,player_name,games,time,goals,xG,assists,xA,shots,key_passes,yellow_cards,red_cards,position,team_title,npg,npxG,xGChain,xGBuildup,season
11357,Noni Madueke,12,662,1,0.9803801961243153,0,0.513928035274148,12,12,0,0,F M S,Chelsea,1,0.9803801961243153,3.67895220965147,2.43224985152483,2022
11357,Noni Madueke,23,1066,5,3.0036024190485477,2,2.160680465400219,32,20,2,0,M S,Chelsea,4,2.2424335815012455,7.7808678727597,4.740718839690089,2023
11357,Noni Madueke,21,1430,7,9.290425427258015,3,1.993688941001892,63,21,3,0,M S,Chelsea,7,9.290425427258015,13.097148016095161,4.3882629461586475,2024
11357,Noni Madueke,21,1430,7,9.290425427258015,3,1.993688941001892,63,21,3,0,M S,Chelsea,7,9.290425427258015,13.097148016095161,4.3882629461586475,2025
