id,player_name,games,time,goals,xG,assists,xA,shots,key_passes,yellow_cards,red_cards,position,team_title,npg,npxG,xGChain,xGBuildup,season
2496,Rodri,35,2488,3,0.7440792061388493,2,2.910294508561492,24,33,8,0,D M S,Manchester City,3,0.7440792061388493,22.697251569479704,21.21717146784067,2019
2496,Rodri,34,2751,2,2.659903080202639,2,2.3353829346597195,32,33,6,0,M S,Manchester City,1,1.8987347027286887,20.857336901128292,18.96581632643938,2020
2496,Rodri,33,2901,7,2.718254609964788,2,1.552179705351591,45,27,5,0,M,Manchester City,7,2.718254609964788,26.259763911366463,23.955900110304356,2021
2496,Rodri,36,2938,2,4.119232214987278,6,4.539481725543737,50,32,5,0,D M S,Manchester City,2,4.119232214987278,26.801972568035126,23.071657463908195,2022
2496,Rodri,34,2967,8,4.294270480051637,9,5.32604681327939,62,50,8,1,M,Manchester City,8,4.294270480051637,31.623008400201797,26.291744768619537,2023
2496,Rodri,2,59,0,0,0,0.052060868591070175,0,1,0,0,M S,Manchester City,0,0,1.4455500841140747,1.4455500841140747,2024
2496,Rodri,2,59,0,0,0,0.052060868591070175,0,1,0,0,M S,Manchester City,0,0,1.4455500841140747,1.4455500841140747,2025
