id,player_name,games,time,goals,xG,assists,xA,shots,key_passes,yellow_cards,red_cards,position,team_title,npg,npxG,xGChain,xGBuildup,season
4422,Ashley Barnes,35,2435,5,5.6908798180520535,2,1.8230766840279102,66,30,4,1,F M S,Burnley,5,5.6908798180520535,9.151078913360834,3.272920724004507,2014
4422,Ashley Barnes,28,1788,6,6.592154681682587,2,2.3875336069613695,44,21,6,1,F S,Burnley,4,5.069816034287214,6.558956136927009,0.5661483881995082,2016
4422,Ashley Barnes,36,2143,9,6.5605628695338964,0,1.5027275774627924,61,17,10,0,F M S,Burnley,9,6.5605628695338964,8.70906038209796,1.906780119985342,2017
4422,Ashley Barnes,37,2379,12,13.257519549690187,2,3.6403040196746588,65,22,8,0,F S,Burnley,10,11.735217577777803,14.351637620478868,2.09611489251256,2018
4422,Ashley Barnes,19,1386,6,6.516932616010308,0,0.30882069282233715,40,5,4,0,F S,Burnley,5,5.755763599649072,5.060968911275268,1.5740788727998734,2019
4422,Ashley Barnes,22,1342,3,3.874067099764943,0,0.8005466284230351,38,19,4,0,F M S,Burnley,2,3.1128980834037066,4.1903143133968115,1.1986288204789162,2020
4422,Ashley Barnes,23,787,1,1.6827674992382526,0,0.9943248145282269,16,8,4,0,F S,Burnley,0,0.9215991050004959,2.78278773650527,0.942340818233788,2021
