id,player_name,games,time,goals,xG,assists,xA,shots,key_passes,yellow_cards,red_cards,position,team_title,npg,npxG,xGChain,xGBuildup,season
5956,Youri Tielemans,13,1098,3,2.055864470079541,4,2.5030781868845224,31,16,2,0,M,Leicester,3,2.055864470079541,8.308931186795235,5.261961596086621,2018
5956,Youri Tielemans,37,2849,3,2.792379300110042,6,5.186098888516426,56,53,2,0,M S,Leicester,3,2.792379300110042,17.103849846869707,11.131551540456712,2019
5956,Youri Tielemans,38,3359,6,4.168200260028243,4,3.31225230358541,48,49,6,0,M S,Leicester,4,2.6458662804216146,18.975331887602806,14.945476435124874,2020
5956,Youri Tielemans,32,2638,6,4.266476510092616,4,4.3065823297947645,59,37,3,0,M S,Leicester,4,2.744143282994628,14.259323631413281,8.546899825334549,2021
5956,Youri Tielemans,31,2365,3,2.239441570825875,2,4.528865018859506,31,30,4,0,M S,Leicester,2,0.7171045774593949,14.306540120393038,11.20656917989254,2022
5956,Youri Tielemans,32,1580,2,1.0049287639558315,6,3.0543287601321936,14,18,3,0,F M S,Aston Villa,2,1.0049287639558315,10.675306875258684,8.060789976269007,2023
5956,Youri Tielemans,23,1976,1,2.0490166526287794,4,4.735516766086221,20,42,4,0,M,Aston Villa,1,1.2878478150814772,12.861410677433014,10.23905310407281,2024
5956,Youri Tielemans,23,1976,1,2.0490166526287794,4,4.735516766086221,20,42,4,0,M,Aston Villa,1,1.2878478150814772,12.861410677433014,10.23905310407281,2025
