id,player_name,games,time,goals,xG,assists,xA,shots,key_passes,yellow_cards,red_cards,position,team_title,npg,npxG,xGChain,xGBuildup,season
867,Stephen Ireland,17,934,0,1.1184633001685143,3,1.2160577941685915,15,22,3,0,M S,Stoke,0,1.1184633001685143,3.410914409905672,1.6969624678604305,2014
867,Stephen Ireland,13,206,0,0.5473723858594894,1,1.6458038538694382,3,8,2,0,S,Stoke,0,0.5473723858594894,2.24130823276937,0.913508627563715,2015
867,Stephen Ireland,4,124,0,0.48609329760074615,0,0.03288180008530617,3,1,1,0,M S,Stoke,0,0.48609329760074615,0.5550483018159866,0.036072999238967896,2017
