id,player_name,games,time,goals,xG,assists,xA,shots,key_passes,yellow_cards,red_cards,position,team_title,npg,npxG,xGChain,xGBuildup,season
5722,Ibrahim Sangare,17,1053,0,0.8340437468141317,0,0.35079983808100224,8,7,6,0,M S,Nottingham Forest,0,0.8340437468141317,4.501044608652592,3.5168560035526752,2023
5722,Ibrahim Sangare,3,217,0,0.016365941613912582,0,0.008213658817112446,1,1,2,0,M,Nottingham Forest,0,0.016365941613912582,0.6643093824386597,0.639729768037796,2024
5722,Ibrahim Sangare,3,217,0,0.016365941613912582,0,0.008213658817112446,1,1,2,0,M,Nottingham Forest,0,0.016365941613912582,0.6643093824386597,0.639729768037796,2025
