id,player_name,games,time,goals,xG,assists,xA,shots,key_passes,yellow_cards,red_cards,position,team_title,npg,npxG,xGChain,xGBuildup,season
917,John Terry,38,3420,5,5.216808937489986,0,0.3966271001845598,20,7,2,0,D,Chelsea,5,5.216808937489986,8.545584731735289,8.167884447611868,2014
917,John Terry,24,1999,1,1.4788405783474445,0,0.10227389819920063,10,2,2,2,D,Chelsea,1,1.4788405783474445,4.600788000971079,3.9877390302717686,2015
917,John Terry,9,489,1,1.5412320047616959,0,0.540275115519762,8,2,1,0,D S,Chelsea,1,1.5412320047616959,0.5361377894878387,0.4666052982211113,2016
