id,player_name,games,time,goals,xG,assists,xA,shots,key_passes,yellow_cards,red_cards,position,team_title,npg,npxG,xGChain,xGBuildup,season
337,Leroy Sané,26,1793,5,5.820728005841374,3,5.704544333741069,33,35,4,0,F M S,Manchester City,5,5.820728005841374,14.744566721841693,6.49314147606492,2016
337,Leroy Sané,32,2421,10,6.241070871241391,15,9.04887949116528,56,58,4,0,D F M S,Manchester City,10,6.241070871241391,19.68400301411748,11.898684792220592,2017
337,Leroy Sané,31,1866,10,6.9819496013224125,10,8.101670009084046,56,40,1,0,F M S,Manchester City,10,6.9819496013224125,21.354021787643433,10.558318005874753,2018
337,Leroy Sané,1,6,0,0.0981592983007431,0,0,2,0,0,0,S,Manchester City,0,0.0981592983007431,0.17216899991035461,0.12103500217199326,2019
