id,player_name,games,time,goals,xG,assists,xA,shots,key_passes,yellow_cards,red_cards,position,team_title,npg,npxG,xGChain,xGBuildup,season
710,Neil Taylor,34,3004,0,0.0754489004611969,2,1.7879231059923768,4,22,9,0,D,Swansea,0,0.0754489004611969,8.68850091099739,7.775590851902962,2014
710,Neil Taylor,34,2951,0,0.2196004493162036,1,1.0369009878486395,9,16,4,0,D S,Swansea,0,0.2196004493162036,5.103223686106503,4.760404804721475,2015
710,Neil Taylor,11,923,0,0.05492040142416954,0,0.04977110028266907,4,2,1,0,D,Swansea,0,0.05492040142416954,1.7568602934479713,1.6857552882283926,2016
710,Neil Taylor,14,1085,0,0.12685370072722435,0,0.470634289085865,3,5,2,0,D S,Aston Villa,0,0.12685370072722435,2.8881289437413216,2.387243937700987,2019
710,Neil Taylor,1,13,0,0,0,0,0,0,1,0,S,Aston Villa,0,0,0,0,2020
