id,player_name,games,time,goals,xG,assists,xA,shots,key_passes,yellow_cards,red_cards,position,team_title,npg,npxG,xGChain,xGBuildup,season
6026,Richarlison,38,2832,5,10.662871407344937,4,3.8079294292256236,95,26,4,0,F M S,Watford,5,10.662871407344937,14.732119798660278,2.51998857781291,2017
6026,Richarlison,35,2702,13,11.333980564028025,1,1.956237562932074,82,20,5,1,F M S,Everton,13,11.333980564028025,13.400347389280796,5.100169887766242,2018
6026,Richarlison,36,3100,13,9.84296602755785,3,6.668139893561602,89,34,8,0,F M,Everton,13,9.84296602755785,16.459744973108172,5.198304673656821,2019
6026,Richarlison,34,2883,7,10.670258212834597,3,3.3947635404765606,81,25,4,1,F M S,Everton,6,9.90908919647336,15.864715963602066,5.174457877874374,2020
6026,Richarlison,30,2532,10,10.01377157587558,5,4.38378893956542,74,29,8,0,F M S,Everton,7,7.73029859084636,11.769672244787216,3.0044056214392185,2021
6026,Richarlison,27,982,1,3.5169356428086758,3,1.7408953551203012,27,16,3,0,F M S,Tottenham,1,3.5169356428086758,5.353842290118337,1.5918804369866848,2022
6026,Richarlison,28,1511,11,9.619059151038527,4,1.9676255472004414,61,15,3,0,F M S,Tottenham,11,9.619059151038527,12.735109627246857,2.2886698860675097,2023
6026,Richarlison,8,175,2,1.6044004559516907,1,0.77096838504076,5,3,1,0,F S,Tottenham,2,1.6044004559516907,1.549228698015213,0.047933224588632584,2024
6026,Richarlison,8,175,2,1.6044004559516907,1,0.77096838504076,5,3,1,0,F S,Tottenham,2,1.6044004559516907,1.549228698015213,0.047933224588632584,2025
