id,player_name,games,time,goals,xG,assists,xA,shots,key_passes,yellow_cards,red_cards,position,team_title,npg,npxG,xGChain,xGBuildup,season
4120,Álex Moreno,19,1346,0,0.6219645887613297,3,2.47616658359766,13,21,3,0,D S,Aston Villa,0,0.6219645887613297,6.160197624005377,4.4751421278342605,2022
4120,Álex Moreno,21,1033,2,1.4437588155269623,0,1.1591111738234758,8,11,2,0,D S,Aston Villa,2,1.4437588155269623,6.872497453354299,4.588940887711942,2023
4120,Álex Moreno,13,836,0,0.21700730733573437,1,0.8366510048508644,6,4,2,0,D S,Nottingham Forest,0,0.21700730733573437,2.279703179374337,1.4962830860167742,2024
4120,Álex Moreno,13,836,0,0.21700730733573437,1,0.8366510048508644,6,4,2,0,D S,Nottingham Forest,0,0.21700730733573437,2.279703179374337,1.4962830860167742,2025
