id,player_name,games,time,goals,xG,assists,xA,shots,key_passes,yellow_cards,red_cards,position,team_title,npg,npxG,xGChain,xGBuildup,season
663,Alan Hutton,30,2415,1,0.932465978898108,0,1.9344742149114609,11,23,8,0,D S,Aston Villa,1,0.932465978898108,5.2189104706048965,3.3837523590773344,2014
663,Alan Hutton,28,2331,0,0.5536272544413805,1,2.2841296792030334,9,21,6,1,D S,Aston Villa,0,0.5536272544413805,4.593399854376912,3.6531285122036934,2015
