id,player_name,games,time,goals,xG,assists,xA,shots,key_passes,yellow_cards,red_cards,position,team_title,npg,npxG,xGChain,xGBuildup,season
6665,Curtis Jones,6,108,1,0.8147165104746819,0,0,6,0,0,0,M S,Liverpool,1,0.8147165104746819,1.3674079924821854,0.933324009180069,2019
6665,Curtis Jones,24,1174,1,1.7588918451219797,2,1.5211436888203025,19,12,2,0,M S,Liverpool,1,1.7588918451219797,7.742867568507791,5.182872947305441,2020
6665,Curtis Jones,15,869,1,0.8281115936115384,1,0.6779237166047096,20,11,0,0,M S,Liverpool,1,0.8281115936115384,4.340758312493563,3.2194954212754965,2021
6665,Curtis Jones,18,1059,3,1.2679023258388042,1,1.010046985000372,15,14,2,0,M S,Liverpool,3,1.2679023258388042,6.753665236756206,4.948233054950833,2022
6665,Curtis Jones,23,1152,1,2.483465351164341,1,0.9511555470526218,19,11,3,1,M S,Liverpool,1,2.483465351164341,9.832491017878056,6.74063022620976,2023
6665,Curtis Jones,18,909,3,3.0555365458130836,2,0.6001900713890791,19,10,1,0,M S,Liverpool,3,3.0555365458130836,7.161510813981295,4.40520672313869,2024
6665,Curtis Jones,18,909,3,3.0555365458130836,2,0.6001900713890791,19,10,1,0,M S,Liverpool,3,3.0555365458130836,7.161510813981295,4.40520672313869,2025
