id,player_name,games,time,goals,xG,assists,xA,shots,key_passes,yellow_cards,red_cards,position,team_title,npg,npxG,xGChain,xGBuildup,season
11486,Illia Zabarnyi,5,290,0,0,0,0,0,0,0,0,D S,Bournemouth,0,0,0.631728045642376,0.631728045642376,2022
11486,Illia Zabarnyi,37,3330,1,1.736923448741436,0,0.38277394138276577,8,7,5,0,D,Bournemouth,1,1.736923448741436,9.300164757296443,9.114820940420032,2023
11486,Illia Zabarnyi,23,2070,0,0.8148640431463718,0,0.4145828243345022,7,9,3,0,D,Bournemouth,0,0.8148640431463718,4.735598204657435,4.526456875726581,2024
11486,Illia Zabarnyi,23,2070,0,0.8148640431463718,0,0.4145828243345022,7,9,3,0,D,Bournemouth,0,0.8148640431463718,4.735598204657435,4.526456875726581,2025
