id,player_name,games,time,goals,xG,assists,xA,shots,key_passes,yellow_cards,red_cards,position,team_title,npg,npxG,xGChain,xGBuildup,season
596,Tom Cleverley,32,2633,3,1.787795027717948,0,1.3489686893299222,24,27,7,0,F M,"Aston Villa,Manchester United",3,1.787795027717948,5.817164268344641,4.1579360738396645,2014
596,Tom Cleverley,22,1618,2,1.491365397349,4,2.2500664331018925,24,23,1,0,M S,Everton,2,1.491365397349,6.335384823381901,4.329457061365247,2015
596,Tom Cleverley,27,1839,0,0.7425862830132246,2,1.70999950543046,10,28,4,0,M S,"Everton,Watford",0,0.7425862830132246,4.1384153217077255,2.689423732459545,2016
596,Tom Cleverley,23,1909,1,1.7756134159862995,2,1.4005652014166117,16,29,1,1,M S,Watford,1,1.014444399625063,6.4212387185543776,5.088022850453854,2017
596,Tom Cleverley,13,453,1,0.17453290335834026,0,0.11326400190591812,4,1,2,0,M S,Watford,1,0.17453290335834026,0.9147038944065571,0.7192033883184195,2018
596,Tom Cleverley,18,952,1,1.7800700776278973,0,0.7182994857430458,17,15,2,0,M S,Watford,1,1.7800700776278973,4.6471482729539275,2.5881826011464,2019
596,Tom Cleverley,28,1644,0,0.7093124967068434,2,1.4272122886031866,12,19,2,0,M S,Watford,0,0.7093124967068434,5.900518809445202,4.489936796016991,2021
