id,player_name,games,time,goals,xG,assists,xA,shots,key_passes,yellow_cards,red_cards,position,team_title,npg,npxG,xGChain,xGBuildup,season
3420,Fabinho,28,2006,1,1.1445506745949388,2,1.3083825185894966,17,16,6,0,D M S,Liverpool,1,1.1445506745949388,9.326501950621605,7.9683539643883705,2018
3420,Fabinho,28,2063,2,0.308101499453187,3,1.6751397987827659,12,19,6,0,M S,Liverpool,2,0.308101499453187,11.502582296729088,10.285113245248795,2019
3420,Fabinho,30,2563,0,0.36248929984867573,0,0.2980616018176079,10,4,6,0,D M S,Liverpool,0,0.36248929984867573,11.808018939569592,11.55500485189259,2020
3420,Fabinho,29,2320,5,5.033523061312735,1,1.262206269428134,21,17,7,0,M S,Liverpool,3,3.511185065843165,10.567334730178118,9.501623323187232,2021
3420,Fabinho,36,2691,0,0.6533067272976041,2,2.687867143191397,18,17,11,0,M S,Liverpool,0,0.6533067272976041,15.346531419083476,13.409233009442687,2022
