id,player_name,games,time,goals,xG,assists,xA,shots,key_passes,yellow_cards,red_cards,position,team_title,npg,npxG,xGChain,xGBuildup,season
6827,Bobby Reid,27,1414,5,3.8045920468866825,2,1.0588727127760649,27,16,0,0,F M S,Cardiff,4,3.0434270836412907,4.874459708109498,2.0066753327846527,2018
6827,Bobby Reid,33,2394,5,4.269856670405716,2,1.3096999023109674,34,14,7,0,D F M S,Fulham,5,4.269856670405716,8.202641465235502,3.1313828574493527,2020
6827,Bobby Reid,36,2511,4,4.2260939590632915,1,1.5008238069713116,31,18,8,0,D F M S,Fulham,4,4.2260939590632915,8.135475918650627,3.868883727118373,2022
6827,Bobby Reid,33,1431,6,5.469232198782265,2,1.5773739200085402,33,17,4,0,F M S,Fulham,6,5.469232198782265,6.414783387444913,1.6770686488598585,2023
6827,Bobby Reid,15,337,1,0.6221005925908685,2,1.0476342141628265,5,5,1,0,F M S,Leicester,1,0.6221005925908685,1.2826906777918339,0.596201429143548,2024
6827,Bobby Reid,15,337,1,0.6221005925908685,2,1.0476342141628265,5,5,1,0,F M S,Leicester,1,0.6221005925908685,1.2826906777918339,0.596201429143548,2025
