id,player_name,games,time,goals,xG,assists,xA,shots,key_passes,yellow_cards,red_cards,position,team_title,npg,npxG,xGChain,xGBuildup,season
10552,Alejandro Garnacho,2,11,0,0,0,0,0,0,0,0,S,Manchester United,0,0,0,0,2021
10552,Alejandro Garnacho,19,555,3,3.8779171984642744,2,1.1436776779592037,24,3,3,0,M S,Manchester United,3,3.8779171984642744,6.564013659954071,1.711940459907055,2022
10552,Alejandro Garnacho,36,2601,7,9.865097627043724,4,5.915270071476698,100,46,4,0,M S,Manchester United,7,9.865097627043724,18.36983707919717,5.9700166545808315,2023
10552,Alejandro Garnacho,22,1219,3,6.424243871122599,1,2.006682885810733,48,19,1,0,M S,Manchester United,3,6.424243871122599,10.076020821928978,2.041434593498707,2024
10552,Alejandro Garnacho,22,1219,3,6.424243871122599,1,2.006682885810733,48,19,1,0,M S,Manchester United,3,6.424243871122599,10.076020821928978,2.041434593498707,2025
