id,player_name,games,time,goals,xG,assists,xA,shots,key_passes,yellow_cards,red_cards,position,team_title,npg,npxG,xGChain,xGBuildup,season
7490,Mason Greenwood,3,111,0,0.7973629832267761,0,0.07234489917755127,7,3,0,0,F S,Manchester United,0,0.7973629832267761,1.0192560255527496,0.6869980096817017,2018
7490,Mason Greenwood,31,1304,10,3.3878568075597286,1,1.4115078235045075,39,14,0,0,F M S,Manchester United,10,3.3878568075597286,8.51698026061058,4.284459423273802,2019
7490,Mason Greenwood,31,1825,7,6.975751496851444,2,2.427899083122611,67,14,2,0,F M S,Manchester United,7,6.975751496851444,14.031829975545406,5.954049182124436,2020
7490,Mason Greenwood,18,1305,5,4.480731018818915,1,1.3290867917239666,48,17,1,0,F M S,Manchester United,5,4.480731018818915,6.188842663541436,1.7466596020385623,2021
