id,player_name,games,time,goals,xG,assists,xA,shots,key_passes,yellow_cards,red_cards,position,team_title,npg,npxG,xGChain,xGBuildup,season
6816,Jean-Clair Todibo,15,853,0,0.09884825348854065,0,0.02975625265389681,2,2,0,0,D S,West Ham,0,0.09884825348854065,1.818865206092596,1.818865206092596,2024
6816,Jean-Clair Todibo,15,853,0,0.09884825348854065,0,0.02975625265389681,2,2,0,0,D S,West Ham,0,0.09884825348854065,1.818865206092596,1.818865206092596,2025
