id,player_name,games,time,goals,xG,assists,xA,shots,key_passes,yellow_cards,red_cards,position,team_title,npg,npxG,xGChain,xGBuildup,season
6409,Beram Kayal,19,731,0,0.34128090366721153,0,0.45063029788434505,4,11,2,0,M S,Brighton,0,0.34128090366721153,1.0508338026702404,0.4332425929605961,2017
6409,Beram Kayal,18,937,1,0.2898656027391553,1,1.1770387142896652,5,4,4,0,M S,Brighton,1,0.2898656027391553,1.929511004127562,1.1949396133422852,2018
