id,player_name,games,time,goals,xG,assists,xA,shots,key_passes,yellow_cards,red_cards,position,team_title,npg,npxG,xGChain,xGBuildup,season
10564,Leny Yoro,10,443,0,1.0519847124814987,0,0,4,0,2,0,D S,Manchester United,0,1.0519847124814987,2.550937630236149,1.7383272219449282,2024
10564,Leny Yoro,10,443,0,1.0519847124814987,0,0,4,0,2,0,D S,Manchester United,0,1.0519847124814987,2.550937630236149,1.7383272219449282,2025
